-- MySQL dump 10.13  Distrib 9.3.0, for macos15.2 (arm64)
--
-- Host: localhost    Database: wangfeng_fan_website
-- ------------------------------------------------------
-- Server version	9.3.0

/*!40101 SET @OLD_CHARACTER_SET_CLIENT=@@CHARACTER_SET_CLIENT */;
/*!40101 SET @OLD_CHARACTER_SET_RESULTS=@@CHARACTER_SET_RESULTS */;
/*!40101 SET @OLD_COLLATION_CONNECTION=@@COLLATION_CONNECTION */;
/*!50503 SET NAMES utf8mb4 */;
/*!40103 SET @OLD_TIME_ZONE=@@TIME_ZONE */;
/*!40103 SET TIME_ZONE='+00:00' */;
/*!40014 SET @OLD_UNIQUE_CHECKS=@@UNIQUE_CHECKS, UNIQUE_CHECKS=0 */;
/*!40014 SET @OLD_FOREIGN_KEY_CHECKS=@@FOREIGN_KEY_CHECKS, FOREIGN_KEY_CHECKS=0 */;
/*!40101 SET @OLD_SQL_MODE=@@SQL_MODE, SQL_MODE='NO_AUTO_VALUE_ON_ZERO' */;
/*!40111 SET @OLD_SQL_NOTES=@@SQL_NOTES, SQL_NOTES=0 */;

--
-- Table structure for table `admin_logs`
--

DROP TABLE IF EXISTS `admin_logs`;
/*!40101 SET @saved_cs_client     = @@character_set_client */;
/*!50503 SET character_set_client = utf8mb4 */;
CREATE TABLE `admin_logs` (
  `id` varchar(36) COLLATE utf8mb4_unicode_ci NOT NULL COMMENT '日志ID (UUID)',
  `action` varchar(20) COLLATE utf8mb4_unicode_ci NOT NULL COMMENT '操作类型',
  `resource_type` varchar(20) COLLATE utf8mb4_unicode_ci NOT NULL COMMENT '资源类型',
  `resource_id` varchar(36) COLLATE utf8mb4_unicode_ci DEFAULT NULL COMMENT '资源ID',
  `operator_id` varchar(36) COLLATE utf8mb4_unicode_ci NOT NULL COMMENT '操作者ID',
  `operator_username` varchar(50) COLLATE utf8mb4_unicode_ci NOT NULL COMMENT '操作者用户名',
  `operator_role` varchar(20) COLLATE utf8mb4_unicode_ci NOT NULL COMMENT '操作者角色',
  `description` text COLLATE utf8mb4_unicode_ci COMMENT '操作描述',
  `details` text COLLATE utf8mb4_unicode_ci COMMENT '详细信息 (JSON)',
  `ip_address` varchar(45) COLLATE utf8mb4_unicode_ci DEFAULT NULL COMMENT 'IP地址 (支持IPv6)',
  `user_agent` varchar(255) COLLATE utf8mb4_unicode_ci DEFAULT NULL COMMENT '浏览器信息',
  `created_at` datetime NOT NULL DEFAULT CURRENT_TIMESTAMP COMMENT '创建时间',
  PRIMARY KEY (`id`),
  KEY `idx_action` (`action`),
  KEY `idx_resource_type` (`resource_type`),
  KEY `idx_resource_id` (`resource_id`),
  KEY `idx_operator_id` (`operator_id`),
  KEY `idx_created_at` (`created_at`)
) ENGINE=InnoDB DEFAULT CHARSET=utf8mb4 COLLATE=utf8mb4_unicode_ci COMMENT='管理员操作日志表';
/*!40101 SET character_set_client = @saved_cs_client */;

--
-- Dumping data for table `admin_logs`
--

LOCK TABLES `admin_logs` WRITE;
/*!40000 ALTER TABLE `admin_logs` DISABLE KEYS */;
INSERT INTO `admin_logs` VALUES ('02c393e7-3089-43b8-943c-97c2da90d3c1','UPDATE','SCHEDULE','3','f397c91a-b81f-430a-af3c-a712d793cea9','root','super_admin','发布行程：汪峰成都演唱会相信未来',NULL,NULL,NULL,'2025-10-06 07:31:14'),('084a68ce-cfb3-437f-bad1-664b3a3c749f','APPROVE','SCHEDULE','3','f397c91a-b81f-430a-af3c-a712d793cea9','root','super_admin','审核通过行程：汪峰成都演唱会相信未来',NULL,NULL,NULL,'2025-10-06 07:07:14'),('1eb2c2a4-d8d4-4077-9cc8-d77f9c850df1','UPDATE','SCHEDULE','4','f397c91a-b81f-430a-af3c-a712d793cea9','root','super_admin','发布行程：沙坪坝音乐节',NULL,NULL,NULL,'2025-10-06 08:40:39'),('2683b492-246c-44c1-86ea-78c7d4b325bb','UPDATE','SCHEDULE','2','f397c91a-b81f-430a-af3c-a712d793cea9','root','super_admin','发布行程：上海演唱会不得了',NULL,NULL,NULL,'2025-10-06 08:03:51'),('2c0153ff-fb1c-4d72-abf9-c4eb6caf29c7','UPDATE','SCHEDULE','6','f397c91a-b81f-430a-af3c-a712d793cea9','root','super_admin','发布行程：中秋晚会',NULL,NULL,NULL,'2025-10-06 08:54:50'),('36cccc8c-d35d-4020-a2fc-7d93e2cc2739','REJECT','SCHEDULE','1','f397c91a-b81f-430a-af3c-a712d793cea9','root','super_admin','拒绝行程：北京演唱会',NULL,NULL,NULL,'2025-10-06 07:31:12'),('4705f902-9f1d-47df-a438-013e9877c79d','APPROVE','SCHEDULE','7','f397c91a-b81f-430a-af3c-a712d793cea9','root','super_admin','审核通过行程：春晚录制噢',NULL,NULL,NULL,'2025-10-06 09:04:54'),('54118282-afa3-45e3-9c24-2b31c6ddc4ef','REJECT','SCHEDULE','108','10000','忧郁的眼睛o ','super_admin','拒绝行程：一个音乐节',NULL,NULL,NULL,'2025-10-12 13:52:14'),('753c90e2-2129-400f-bd3d-ba4e0ad5ca46','UPDATE','SCHEDULE','3','f397c91a-b81f-430a-af3c-a712d793cea9','root','super_admin','取消发布行程：汪峰成都演唱会相信未来',NULL,NULL,NULL,'2025-10-06 07:31:16'),('89ebe75c-f3a0-43eb-96d4-53808344eb50','UPDATE','SCHEDULE','3','f397c91a-b81f-430a-af3c-a712d793cea9','root','super_admin','发布行程：汪峰成都演唱会相信未来',NULL,NULL,NULL,'2025-10-06 07:31:16'),('8e771d7b-0744-4532-8547-11d3d4afeac2','UPDATE','SCHEDULE','7','f397c91a-b81f-430a-af3c-a712d793cea9','root','super_admin','发布行程：春晚录制噢',NULL,NULL,NULL,'2025-10-06 09:04:54'),('afbdf7b7-8367-4aaf-a577-550dfaa220d9','APPROVE','SCHEDULE','6','f397c91a-b81f-430a-af3c-a712d793cea9','root','super_admin','审核通过行程：中秋晚会',NULL,NULL,NULL,'2025-10-06 08:54:50'),('ba26a712-1a44-4a33-804e-fea7e8e41cdb','UPDATE','SCHEDULE','5','f397c91a-b81f-430a-af3c-a712d793cea9','root','super_admin','发布行程：1701现在或永不',NULL,NULL,NULL,'2025-10-06 08:44:53'),('db69aa6b-9564-4fb2-a86c-8c6ccd152c1f','APPROVE','SCHEDULE','5','f397c91a-b81f-430a-af3c-a712d793cea9','root','super_admin','审核通过行程：1701现在或永不',NULL,NULL,NULL,'2025-10-06 08:44:53'),('e663cac7-afc4-47b3-851d-248c9d74e93d','UPDATE','SCHEDULE','3','f397c91a-b81f-430a-af3c-a712d793cea9','root','super_admin','发布行程：汪峰成都演唱会相信未来',NULL,NULL,NULL,'2025-10-06 08:04:45'),('eba6650a-7605-468d-a8af-32daf845688a','APPROVE','SCHEDULE','4','f397c91a-b81f-430a-af3c-a712d793cea9','root','super_admin','审核通过行程：沙坪坝音乐节',NULL,NULL,NULL,'2025-10-06 08:40:39');
/*!40000 ALTER TABLE `admin_logs` ENABLE KEYS */;
UNLOCK TABLES;

--
-- Table structure for table `articles`
--

DROP TABLE IF EXISTS `articles`;
/*!40101 SET @saved_cs_client     = @@character_set_client */;
/*!50503 SET character_set_client = utf8mb4 */;
CREATE TABLE `articles` (
  `id` varchar(36) COLLATE utf8mb4_unicode_ci NOT NULL,
  `title` varchar(200) COLLATE utf8mb4_unicode_ci NOT NULL,
  `slug` varchar(250) COLLATE utf8mb4_unicode_ci NOT NULL,
  `content` text COLLATE utf8mb4_unicode_ci NOT NULL,
  `excerpt` text COLLATE utf8mb4_unicode_ci,
  `author` varchar(100) COLLATE utf8mb4_unicode_ci DEFAULT NULL,
  `author_id` varchar(36) COLLATE utf8mb4_unicode_ci DEFAULT NULL COMMENT '作者用户ID',
  `category` varchar(50) COLLATE utf8mb4_unicode_ci DEFAULT NULL,
  `category_primary` varchar(50) COLLATE utf8mb4_unicode_ci DEFAULT '峰言峰语',
  `category_secondary` varchar(50) COLLATE utf8mb4_unicode_ci DEFAULT '汪峰博客',
  `tags` json DEFAULT NULL,
  `is_published` tinyint(1) DEFAULT NULL,
  `status` enum('draft','pending','approved','rejected') COLLATE utf8mb4_unicode_ci DEFAULT 'draft',
  `created_by_id` int DEFAULT NULL,
  `is_deleted` tinyint(1) DEFAULT NULL,
  `created_at` datetime DEFAULT NULL,
  `submit_time` datetime DEFAULT NULL,
  `submitted_by_id` int DEFAULT NULL,
  `updated_at` datetime DEFAULT NULL,
  `published_at` datetime DEFAULT NULL,
  `meta_description` varchar(160) COLLATE utf8mb4_unicode_ci DEFAULT NULL,
  `meta_keywords` varchar(255) COLLATE utf8mb4_unicode_ci DEFAULT NULL,
  `view_count` int DEFAULT NULL,
  `like_count` int DEFAULT NULL,
  `review_status` varchar(20) COLLATE utf8mb4_unicode_ci NOT NULL DEFAULT 'pending' COMMENT '审核状态',
  `reviewer_id` varchar(36) COLLATE utf8mb4_unicode_ci DEFAULT NULL COMMENT '审核人ID',
  `review_notes` text COLLATE utf8mb4_unicode_ci COMMENT '审核备注',
  `reviewed_at` datetime DEFAULT NULL COMMENT '审核时间',
  `cover_url` varchar(500) COLLATE utf8mb4_unicode_ci DEFAULT NULL COMMENT '文章封面图片URL',
  `rejection_reason` text COLLATE utf8mb4_unicode_ci COMMENT '驳回理由',
  PRIMARY KEY (`id`),
  UNIQUE KEY `ix_articles_slug` (`slug`),
  KEY `ix_articles_id` (`id`),
  KEY `ix_articles_title` (`title`),
  KEY `idx_category_primary` (`category_primary`),
  KEY `idx_category_secondary` (`category_secondary`),
  KEY `idx_author_id` (`author_id`),
  KEY `idx_review_status` (`review_status`),
  KEY `idx_reviewer_id` (`reviewer_id`),
  KEY `idx_articles_cover_url` (`cover_url`),
  KEY `idx_articles_created_by` (`created_by_id`),
  KEY `idx_articles_submit_time` (`submit_time`)
) ENGINE=InnoDB DEFAULT CHARSET=utf8mb4 COLLATE=utf8mb4_unicode_ci;
/*!40101 SET character_set_client = @saved_cs_client */;

--
-- Dumping data for table `articles`
--

LOCK TABLES `articles` WRITE;
/*!40000 ALTER TABLE `articles` DISABLE KEYS */;
INSERT INTO `articles` VALUES ('0164abd9-3f2e-4302-8803-cbaabb1ce203','汪峰“相信未来”巡回演唱会哈尔滨站','20251025-汪峰相信未来巡回演唱会哈尔滨站','<h2>📅 演出信息</h2>\n<p><strong>时间</strong>: 2025-10-25</p>\n<p><strong>城市</strong>: 哈尔滨</p><p><strong>场馆</strong>: 哈尔滨国际会展体育中心体育馆</p><p><strong>分类</strong>: 演唱会</p>\n<hr>\n<h2>🎤 演出海报</h2><p><img src=\"/images/演唱会/2025.10.25-汪峰“相信未来”巡回演唱会哈尔滨站/2025.10.25-汪峰“相信未来”巡回演唱会哈尔滨站-海报.jpg\" alt=\"汪峰“相信未来”巡回演唱会哈尔滨站\"></p>','2025-10-25 | 哈尔滨 | 哈尔滨国际会展体育中心体育馆','感受峰感受存在',NULL,'行程信息','资料科普','行程信息','[]',1,'draft',NULL,0,'2025-10-15 15:56:23',NULL,NULL,'2025-10-30 03:45:22','2025-10-15 15:56:23','汪峰“相信未来”巡回演唱会哈尔滨站 - 2025-10-25 哈尔滨','汪峰,演唱会,哈尔滨,演唱会',20,NULL,'approved',NULL,NULL,NULL,NULL,NULL),('04fc7b4f-23e2-414a-99f3-258a41c42049','赞赏的一篇文章很','zan-shang-de-yi-pian-wen-zhang-hen','<p>13耳闻饿啊</p>','<p>13耳闻饿啊</p>...','忧郁的眼睛o ',NULL,'个人感悟','资料科普','汪峰数据','[]',1,'draft',NULL,0,'2025-10-31 00:19:45',NULL,NULL,'2025-10-31 01:35:21','2025-10-31 00:19:45',NULL,NULL,2,NULL,'approved','10000','内容优质,通过审核','2025-10-31 01:35:21',NULL,NULL),('06ba61d2-214c-42d4-83a5-152a6acf3f23','3000','3000','<p>3000</p>','<p>3000</p>...','忧郁的眼睛o ',NULL,'个人感悟','峰言峰语','汪峰博客','[]',1,'draft',NULL,0,'2025-10-31 00:25:55',NULL,NULL,'2025-11-01 01:25:57','2025-10-31 00:25:55',NULL,NULL,6,NULL,'approved','10000','内容优质,通过审核','2025-10-31 00:26:11',NULL,NULL),('08214a66-8464-4cb1-b92c-e07fe34235c6','2审核红巾','2shen-he-hong-jin','<p>火烧云<img src=\"http://localhost:9000/wangfeng-images/articles/2025/10/fc7d5b28_火烧云.jpg\"></p>','<p>火烧云<img src=\"http://localhost:9000/wangfeng-images/articles/2025/10/fc7d5b28_火烧云.jpg\"></p>...','忧郁的眼睛o ',NULL,'个人感悟','峰言峰语','汪峰博客','[]',1,'draft',NULL,0,'2025-10-12 03:25:58',NULL,NULL,'2025-11-01 14:13:04','2025-10-12 00:00:00',NULL,NULL,18,0,'approved','10000',NULL,'2025-11-01 14:13:04','http://localhost:9000/wangfeng-images/articles/2025/10/fc7d5b28_火烧云.jpg',NULL),('0a5398f0-f3c7-4a59-a97c-d65707ea804d','赏词 之 《无处安放》','shang-ci-zhi-wu-chu-an-fang','<p>无处安放</p><p>作词：汪峰</p><p>作曲：汪峰</p><p>我闻到初春的味道</p><p>那如同儿时梦境新鲜的芬芳</p><p>也尝到思念的苦涩</p><p>这回望远方秋雨般无垠的萧索</p><p>心爱的人啊</p><p>多年以后是否还记得我的惦念</p><p>我的忧愁和挣扎</p><p>你知不知道</p><p>没有你我那颗叮叮当当的心啊</p><p>总将这样 这样无处安放</p>','<p>无处安放</p><p>作词：汪峰</p><p>作曲：汪峰</p><p>我闻到初春的味道</p><p>那如同儿时梦境新鲜的芬芳</p><p>也尝到思念的苦涩</p><p>这回望远方秋雨般无垠的萧索</p><p>心爱的人啊</p><p>多年以后是否还记得我的惦念</p><p>我的忧愁和挣扎</p>...','忧郁的眼睛o ',NULL,'个人感悟','峰言峰语','汪峰博客','[\"无处安放\"]',1,'draft',NULL,0,'2025-10-12 10:09:23',NULL,NULL,'2025-10-15 17:06:26','2025-10-12 10:09:23',NULL,NULL,24,NULL,'pending',NULL,NULL,NULL,NULL,NULL),('0e3dd37b-d9b2-42d6-b614-b530daaf775e','新建一片啤酒','xin-jian-yi-pian-pi-jiu','<p>啤酒</p>','<p>啤酒</p>...','忧郁的眼睛o ','10000','个人感悟','峰言峰语','汪峰博客','[]',1,'draft',NULL,1,'2025-11-01 13:26:58',NULL,NULL,'2025-11-01 14:11:25','2025-11-01 13:26:58',NULL,NULL,2,NULL,'approved','10000','内容优质,通过审核','2025-11-01 13:27:17',NULL,NULL),('0e70c4ad-407f-48c6-8611-ef0c365ccaee','俄方','e-fang','<p>344433</p>','<p>344433</p>...','忧郁的眼睛o ','10000','个人感悟','峰言峰语','汪峰博客','[]',1,'draft',NULL,1,'2025-10-31 15:33:58',NULL,NULL,'2025-11-01 14:11:27','2025-10-31 00:00:00',NULL,NULL,16,NULL,'approved','10000','内容优质,通过审核','2025-11-01 12:47:52',NULL,NULL),('11b7c0f4-bb5c-4896-8f0b-a392528c86d7','10.17','10-17','<p>测试提示状态</p>','<p>测试提示状态</p>...','忧郁的眼睛o ',NULL,'个人感悟','峰言峰语','汪峰博客','[]',1,'draft',NULL,0,'2025-10-17 02:37:58',NULL,NULL,'2025-11-01 13:18:43','2025-10-17 00:00:00',NULL,NULL,14,NULL,'approved','10000',NULL,'2025-11-01 13:18:43',NULL,NULL),('122a876e-b5bb-4a25-80c3-547a9734830d','摘要两行','zhai-yao-liang-xing','<p>渐变色变淡：将所有渐变色从 600-900 系列调整为 400-600 系列，透明度从 80-90% 降到 70-75%</p><p>&nbsp;2. 布局调整：</p><p>&nbsp;&nbsp;- 标题保持在第一行（单行，truncate）</p><p>&nbsp;&nbsp;- 第二行显示文章摘要或正文开头（两行，line-clamp-2）</p><p>&nbsp;&nbsp;- 第三行：作者和日期放在同一行，左右两端对齐（flex justify-between）</p><p>&nbsp;3. 卡片高度自动增加：增加了摘要的两行内容，卡片自然变高了一行渐变色变淡：将所有渐变色从 600-900 系列调整为 400-600 系列，透明度从 80-90% 降到 70-75%</p><p>&nbsp;2. 布局调整：</p><p>&nbsp;&nbsp;- 标题保持在第一行（单行，truncate）</p><p>&nbsp;&nbsp;- 第二行显示文章摘要或正文开头（两行，line-clamp-2）</p><p>&nbsp;&nbsp;- 第三行：作者和日期放在同一行，左右两端对齐（flex justify-between）</p><p>&nbsp;3. 卡片高度自动增加：增加了摘要的两行内容，卡片自然变高了一行</p>','渐变色变淡：将所有渐变色从 600-900 系列调整为 400-600 系列，透明度从 80-90% 降到 70-75%\n  2. 布局调整：\n    - 标题保持在第一行（单行，truncate）\n    - 第二行显示文章摘要或正文开头（两行，line-clamp-2）\n    - 第三行：作者和日期放在同一行，左右两端对齐（flex justify-between）\n  3. 卡片高度自动增加：增加了摘要的两行内容，卡片自然变高了一行','忧郁的眼睛o ',NULL,'个人感悟','峰言峰语','汪峰博客','[]',1,'draft',NULL,0,'2025-10-12 08:07:59',NULL,NULL,'2025-10-12 08:53:10','2025-10-12 08:07:59',NULL,NULL,8,NULL,'pending',NULL,NULL,NULL,NULL,NULL),('1430749a-71d6-402d-b1ad-c1959921b033','大陆歌手票房4亿，近50%增量由汪峰带动','da-lu-ge-shou-piao-fang-4yi-jin-50-zeng-liang-you-wang-feng-dai-dong','<p>通过对我国现场音乐市场进行调研分析，道略音乐产业研究中心日前完成了《2015年中国现场音乐产业报告》。其中，演唱会市场年报部分内容（<strong>大陆歌手演唱会</strong>）如下：3</p><p><strong>一、2014年大陆歌手个唱票房达4亿元，47%增量由汪峰带动</strong></p><p><strong>大陆歌手个唱场次534场，票房达4.25亿元。</strong>&nbsp;2014年内地歌手个唱票房4.25亿元，较2013年增长47%，甚至超过2012年达到的4.04亿元的峰值。内地歌手个唱场次534场，增加了350场，增幅达190%。<strong style=\"color: rgb(68, 68, 68);\">汪峰演唱会规模持续扩大，票房增长占市场增量的47%。</strong><span style=\"color: rgb(68, 68, 68);\">2014年汪峰个人巡回演唱会场次没有增加，但是个唱的规模在持续增大。尤其是重庆、长沙、沈阳、太原、北京这5站的出票座位数都高于4万个（出票座位数=场馆座位数-遮挡区域座位数）。据道略统计推算，2014年汪峰演唱会总观众人数达34万人，较2013年增加了近1倍。票房增涨6410万元，占到市场增量的47%。</span>大陆歌手个唱场次大幅增加，是因2014年女子偶像团体SNH48在上海星梦剧院驻场演出215场拉动。由于星梦剧院座位数较少，单场演处票房在3-5万元不等，对大陆明星个唱票房整体影响不大。</p><p><br></p><p><strong>二、在大型演唱会领域，汪峰、凤凰传奇将开启大陆歌手亿元票房时代</strong></p><p>2014年，汪峰演唱会票房高达1.39亿元，在个唱歌手中排名第二。是近年来大陆歌手取得的最好成绩。2015年，汪峰、凤凰传奇均计划开展20场左右的万人巡演，将进一步拉动大陆歌手票房。</p>','<p>通过对我国现场音乐市场进行调研分析，道略音乐产业研究中心日前完成了《2015年中国现场音乐产业报告》。其中，演唱会市场年报部分内容（<strong>大陆歌手演唱会</strong>）如下：</p><p><strong>一、2014年大陆歌手个唱票房达4亿元，47%增量由汪峰带动</strong...','忧郁的眼睛o ',NULL,'个人感悟','峰言峰语','汪峰博客','[]',0,'draft',NULL,0,'2025-10-12 10:04:24',NULL,NULL,'2025-11-01 12:32:25','2025-10-12 00:00:00',NULL,NULL,8,NULL,'pending',NULL,NULL,NULL,NULL,NULL),('15b6175d-bb79-400c-a9f6-3f8edd359882','早上','zao-shang','<p><img src=\"http://localhost:9000/wangfeng-images/articles/2025/10/c34f0e81_汪峰-常州太湖湾音乐节-2.jpg\"></p>','<p><img src=\"http://localhost:9000/wangfeng-images/articles/2025/10/c34f0e81_汪峰-常州太湖湾音乐节-2.jpg\"></p>...','忧郁的眼睛o ',NULL,'个人感悟','峰言峰语','汪峰博客','[]',1,'draft',NULL,0,'2025-10-18 01:53:52',NULL,NULL,'2025-11-01 01:54:44','2025-10-18 01:53:52',NULL,NULL,8,NULL,'approved','10000','内容优质,通过审核','2025-10-30 14:56:18',NULL,NULL),('1a978719-acd9-4f86-8bf6-73ffbba785d7','fgtf','fgtf','sadsadas','sadsadas...','忧郁的眼睛o ',NULL,'个人感悟','峰言峰语','汪峰博客','[]',1,'draft',NULL,0,'2025-10-11 13:09:12',NULL,NULL,'2025-10-11 13:09:12','2025-10-11 13:09:12',NULL,NULL,2,0,'pending',NULL,NULL,NULL,NULL,NULL),('1d7aa661-b8e0-46e9-bf64-290d29d6008c','1','1-3','<p>这是一个修改奥萨大嫂啊<span style=\"color: rgb(68, 68, 68);\">2015年峰暴来临超级巡演的西安站、南京站与成都站，分别有一组特别设计的、极具地方特色的海报，彰显历史悠久的古都的文化底蕴，是古老与现代的对话。设计者何许人也，日历姐无从知晓，但要为之点个大大的赞。2015年峰暴来临超级巡演的西安站、南京站与成都站，分别有一组特别设计的、极具地方特色的海报，彰显历史悠久的古都的文化底蕴，是古老与现代的对话。设计者何许人也，日历姐无从知晓，但要为之点个大大的赞。2015年峰暴来临超级巡演的西安站、南京站与成都站，分别有一组特别设计的、极具地方特色的海报，彰显历史悠久的古都的文化底蕴，是古老与现代的对话。设计者何许人也，日历姐无从知晓，但要为之点个大大的赞。2015年峰暴来临超级巡演的西安站、南京站与成都站，分别有一组特别设计的、极具地方特色的海报，彰显历史悠久的古都的文化底蕴，是古老与现代的对话。设计者何许人也，日历姐无从知晓，但要为之点个大大的赞。2015年峰暴来临超级巡演的西安站、南京站与成都站，分别有一组特别设计的、极具地方特色的海报，彰显历史悠久的古都的文化底蕴，是古老与现代的对话。设计者何许人也，日历姐无从知晓，但要为之点个大大的赞。</span><img src=\"http://localhost:9000/wangfeng-images/articles/2025/10/a3176935_DLY08286.jpg\"></p>','<p>奥萨大嫂啊<span style=\"color: rgb(68, 68, 68);\">2015年峰暴来临超级巡演的西安站、南京站与成都站，分别有一组特别设计的、极具地方特色的海报，彰显历史悠久的古都的文化底蕴，是古老与现代的对话。设计者何许人也，日历姐无从知晓，但要为之点个大大的赞。2015年...','忧郁的眼睛s',NULL,'个人感悟','峰言峰语','汪峰博客','[]',1,'draft',NULL,0,'2025-10-12 10:34:42',NULL,NULL,'2025-11-01 13:25:42','2025-10-13 00:00:00',NULL,NULL,20,NULL,'approved','10000','内容优质,通过审核','2025-11-01 13:25:42',NULL,NULL),('22ba063f-ad59-4f10-8946-301d20e791d4','bfjb ','bfjb','<p>a</p>','a','忧郁的眼睛o ','10000','个人感悟','峰言峰语','汪峰博客','[]',0,'draft',10000,0,'2025-11-02 11:41:00',NULL,NULL,'2025-11-02 11:41:00',NULL,NULL,NULL,0,NULL,'pending',NULL,NULL,NULL,NULL,NULL),('23e3e003-4e34-4cf7-9b4b-e5cd2cf33ca9','44444444我靠','44444444wo-kao','<p>45r</p>','<p>45r</p>...','忧郁的眼睛o ',NULL,'个人感悟','峰迷荟萃','闲聊汪峰','[]',1,'draft',NULL,0,'2025-10-12 10:14:24',NULL,NULL,'2025-11-01 14:51:50','2025-10-12 00:00:00',NULL,NULL,6,NULL,'approved','10000',NULL,'2025-11-01 14:51:50',NULL,NULL),('2b45485c-38bc-4462-87f2-ee5e10054226','3','3','<p>4</p>','<p>4</p>...','忧郁的眼睛o ',NULL,'个人感悟','峰言峰语','汪峰博客','[]',1,'draft',NULL,0,'2025-10-30 07:54:06',NULL,NULL,'2025-11-01 01:26:01','2025-10-30 07:54:06',NULL,NULL,8,NULL,'approved','10000','内容优质,通过审核','2025-10-30 12:24:21',NULL,NULL),('2d2be15a-9244-4398-ba57-2eff2a705846','32111','32111','<p>4</p>','<p>4</p>...','忧郁的眼睛o ','10000','个人感悟','峰言峰语','汪峰博客','[]',1,'draft',NULL,1,'2025-10-31 14:01:35',NULL,NULL,'2025-11-01 14:11:30','2025-10-31 14:01:35',NULL,NULL,13,NULL,'approved','10000','内容优质,通过审核','2025-10-31 14:02:03',NULL,NULL),('32ccd7cd-f1bc-4e59-bb52-b11866d8d3cb','草稿？审核','cao-gao-shen-he','<p>草稿？</p>','<p>草稿？</p>...','忧郁的眼睛o ','10000','个人感悟','峰言峰语','汪峰博客','[\"单曲：《晚安，北京》\", \"单曲：《北京北京》\"]',1,'draft',NULL,0,'2025-11-02 01:40:15',NULL,NULL,'2025-11-02 02:43:17','2025-11-02 00:00:00',NULL,NULL,32,NULL,'approved','10000',NULL,'2025-11-02 01:40:56',NULL,NULL),('34acc591-cd14-46f4-81cc-6b83bf02e7a4','3day','3day','<p>算</p>','算','忧郁的眼睛o ','10000','个人感悟','峰言峰语','汪峰博客','[]',0,'draft',NULL,1,'2025-11-02 02:16:54',NULL,NULL,'2025-11-02 07:19:00','2025-11-02 02:16:54',NULL,NULL,0,NULL,'draft',NULL,NULL,NULL,NULL,NULL),('3581a3ff-dd06-4e19-b080-d31ba7ee411e','2000','2000','<p>3</p>','<p>3</p>...','忧郁的眼睛o ',NULL,'个人感悟','峰言峰语','汪峰博客','[]',1,'draft',NULL,0,'2025-10-31 00:20:38',NULL,NULL,'2025-11-01 01:25:59','2025-10-31 00:20:38',NULL,NULL,4,NULL,'approved','10000','内容优质,通过审核','2025-10-31 00:26:22',NULL,NULL),('3863e3ad-34f2-4a0f-ada9-314359ff6aba','汪峰、王珏新浪访谈（转载）','wang-feng-wang-jue-xin-lang-fang-tan-zhuan-zai','<p>新浪娱乐讯　12月19日上午11点，歌手汪峰、王珏作客新浪嘉宾聊天室，与网友畅谈音乐与生活。</p><p>第九届全球华语榜中榜目前已经进入了热火朝天的投票阶段。12月19日下午，“榜中榜”大学校园路演活动将登陆北京师范大学，杨坤、王珏、汪峰等候选歌手要在现场为大家献上得意之作，还希望歌迷朋友们能通过SMS手机短信或登陆cma.sina.com.cn为自己投上一票。以下为汪峰、王珏的访谈全文：</p><p>主持人：各位网友大家好！欢迎来到新浪嘉宾聊天室，今天我们请到的嘉宾是华纳著名歌手汪峰和王珏。</p><p>王珏：大家好！我是王珏，不知道你们对我的了解程度有多少，因为我是华纳今年刚推出来的新人，不知道你们有没有听过我的歌，如果听过的话就多支持，如果没听过的话就多听听。</p><p>汪峰：大家好我是汪峰，希望今天能多一点交流。</p><p>主持人：谢谢二位，今天下午听说两位还要去北京师范大学参加一个华语榜中榜的活动是吗？</p><p>王珏：今天晚上七点钟在北京师范大学礼堂。</p><p>主持人：现在华语榜中榜已经进入了现在热火朝天的阶段，两位是不是希望台下喜欢自己的网友朋友们为自己投几票？</p><p>王珏：我也不知道大家给我和汪峰投票的情况是什么样，因为忙，没有上网看我们的票数，不过还是希望大家多多的支持我们。首先我是非常喜欢汪峰的歌，他的“在雨中”特别好听，大家多给他投票，汪峰是我听过的国内的男艺人里我特别特别喜欢的，所以希望大家能多给汪峰投票。</p><p>汪峰：我觉得只要在华纳的歌手，大家都应该看到他的实力，能在这个公司里做艺人，出专辑，都绝对有非常强大的实力才可能，所以冲着这个，还有你们喜欢的歌手，并且我知道王珏在创造方面也很强，我比较尊重创造型艺人。所以说，大家要去支持那些真正能深入到你们心里的音乐。</p><p><br></p><p>主持人：我给网友朋友们说一下，怎么样为他们位投票，用手机发短信VL05到8888可以为汪峰投票，VL07到8888可以为王珏投票，希望台下喜欢二位的网友多多支持。</p><p>网友：汪峰，从第一盘专辑到现在，你好象在歌词里很喜欢把自己比做尘土、浮尘一类的，为什么？</p><p>汪峰：因为我觉得我比尘土更人性化一点，从这个角度来讲，人个体的存在和他的生命，其实和尘土的区别不是太大，只是他更人性化，他可能是更高级的的存在，仅此而已，我一直到现在也是这样看的，不管你到什么地步，到什么程度，最起码我的态度是没什么了不起的，要把自己的位置放对。而且在我很早的时候，奋斗的时候，这是真实的感受。</p><p>网友：王珏你好，我觉得你的MV拍得很好。</p><p>王珏：谢谢，我也觉得我的“明天”拍得不错，它的创意比较新颖，是5分钟的版，我不知道网友看的是9分钟的版还是5分钟的版。这只歌主要是象音乐电影一样的情况，故事讲的是一位天文爱好者，他不小心碰到了一个女孩，他发觉这个女孩是坐轮椅的，总在等信，他就想开导这个女孩，帮助这个女孩，后来他们之间就有恋情了，大概就是这样。</p>','<p>新浪娱乐讯　12月19日上午11点，歌手汪峰、王珏作客新浪嘉宾聊天室，与网友畅谈音乐与生活。</p><p>第九届全球华语榜中榜目前已经进入了热火朝天的投票阶段。12月19日下午，“榜中榜”大学校园路演活动将登陆北京师范大学，杨坤、王珏、汪峰等候选歌手要在现场为大家献上得意之作，还希望歌迷朋友们...','忧郁的眼睛o ',NULL,'个人感悟','资料科普','媒体报道','[]',1,'draft',NULL,0,'2025-10-12 10:13:02',NULL,NULL,'2025-10-30 11:51:32','2025-10-12 00:00:00',NULL,NULL,18,NULL,'approved',NULL,NULL,NULL,'http://localhost:9000/wangfeng-images/articles/2025/10/b4293b58_cover.jpg',NULL),('3c323795-7366-40cd-ace9-9d2c61baf128','uv镜审核一次','uvjing-shen-he-yi-ci','<p>uv</p>','<p>uv</p>...','忧郁的眼睛o ','10000','个人感悟','峰言峰语','汪峰博客','[]',1,'draft',NULL,1,'2025-11-01 13:30:53',NULL,NULL,'2025-11-01 14:11:23','2025-11-01 00:00:00',NULL,NULL,2,NULL,'approved','10000',NULL,'2025-11-01 13:31:05',NULL,NULL),('5041e5aa-3840-42ca-b7ed-d3c98548c2c6','500','500','<p>500</p>','<p>500</p>...','忧郁的眼睛o ',NULL,'个人感悟','峰言峰语','汪峰博客','[]',1,'draft',NULL,1,'2025-10-31 00:28:48',NULL,NULL,'2025-10-31 02:25:05','2025-10-31 00:28:48',NULL,NULL,6,NULL,'approved','10000','内容优质,通过审核','2025-10-31 00:28:55',NULL,NULL),('5135ecce-ae29-4692-b9d6-a29b64aeac68','慈善公益更新','ci-shan-gong-yi-geng-xin','<p><strong style=\"color: rgb(68, 68, 68);\">【慈善公益更新】 1）2023年2月17日 汪峰向内蒙古五家户中心学校捐赠爱心书室；2）2021年7月21日 汪峰章子怡夫妇捐款100万元人民币，驰援河南灾区，为抗洪救灾贡献自己的力量</strong>2017年11月28日 汪峰再次带着听障儿童“小耳朵”李明富来到天津，前往医院为李明富诊断治疗，还自掏腰包替李明富支付了新耳蜗的费用，并体贴地把5万元的费用说成500元以减少孩子的心理压力。</p><p>2017年1月12日 汪峰参与了首届春光里中国名人创投德扑慈善赛，活动最终共筹集善款1,610,624元，全部助力芭莎公益慈善基金“视障孤儿助养”公益项目。</p><p>2016年4月8日 汪峰委托长沙媒体向辍学儿童小军转交自己的录音和手写卡片，鼓励小军重返校园，还为他捐助设立了定向教育基金。</p><p>2013年12月6日 汪峰义卖新专辑《生来彷徨》实体唱片，为免费午餐计划筹款</p><p>2012年5月7、8、9日 汪峰作为“让我飞得更高——2012斑头雁守护行动”形象大使拍摄公益片，并亲自到达海拔4600米青藏高原深处的班德湖，看望世界上飞得最高的鸟和守护着它们的志愿者们。</p><p>2011年7月10日 汪峰参加了“红粉笔计划”的公益活动志愿者分享会，希望用音乐来实现公益梦想。“红粉笔乡村教育计划”于2006年正式启动，是一项崇尚快乐的公益活动。红粉笔通过作为志愿者的都市青年向孩子们展现梦想的力量，帮助孩子们找到自己的热爱，并将这份热爱坚持成未来。“红粉笔计划”启动后，而今已经成为志愿者们为乡村小学提供音乐、美术等素质教育的平台。</p><p>2010年11月23日 汪峰应俄罗斯国宝级乐队Mumiy Troll的灵魂人物Ilya Lagutenko的邀请，参加在彼得堡举行由国际保护老虎组织主办的“全球老虎峰会”的公益演出。</p><p>2010年8月7日 和两岸三地的其他明星一起来到雅安碧峰峡熊猫基地，并各自认养了一只熊猫，还穿起工作服与“5·12”地震灾区的小朋友一起亲近大熊猫。</p><p>2010年4月20日 汪峰参加CCTV《情系玉树，大爱无疆 – 抗震救灾大型募捐活动特别节目》的直播，并现场捐款5万元。</p><p>2008年5、6月 为2003年非典时期创作的歌曲《直到永远》，在汶川地震抗震救灾期间又一次成为鼓舞人心的力量。同时这首歌被收录到“5.12抗震救灾爱心专辑”《生死不离》中，这张音乐届携手齐力用十天完成策划制作的唱片，不但将送到灾区作为精神食粮免费发送，而且还联合卓越网进行义卖活动，义卖所得款项将全部捐献给中国红十字会！</p><p>2008年5月22日 汪峰积极参与“HIT FM RADIO AID超越那一天”摇滚群星的赈灾义演，共募得善款415，810元人民币。此前此后汪峰多次参加各种赈灾义演，心系汶川地震灾区老小。</p><p>2008年5月20日 刚从灾区回到北京的汪峰，会同张曼玉、杨澜等知名人士参加了联合国儿童基金会—“奥迪童梦圆—地震灾区儿童救助专项基金”募捐会，再次为灾区募捐。</p><p>2008年5月17日 汪峰参加完重庆的赈灾义演后，立即携带一车的药品、食品和水等灾区需要的物资亲自赶往成都，18日抵达都江堰灾区，看望受灾的同胞。</p><p>2007年7月29日 汪峰举行爱心签售活动，该次签售所有收入均捐入红十字基金会用于抗洪救灾。</p><p>2007年7月20~22日 担任“绿色旗帜——首届鄂尔多斯草原摇滚音乐会”主题活动之一“向沙漠宣战——绿色旗帜万众大造林环保行动”的环保大使。</p><p>2006年4月5日 汪峰在工作间隙抽空自己开车一路打电话问路赶到《京华时报》报社， 为“京华天使行动”捐款。</p>','【慈善公益更新】 1）2023年2月17日 汪峰向内蒙古五家户中心学校捐赠爱心书室；2）2021年7月21日 汪峰章子怡夫妇捐款100万元人民币，驰援河南灾区，为抗洪救灾贡献自己的力量。1234567890','忧郁的眼睛o ',NULL,'个人感悟','峰言峰语','汪峰博客','[]',1,'draft',NULL,0,'2025-10-12 08:22:10',NULL,NULL,'2025-10-12 09:23:35','2025-10-12 08:22:10',NULL,NULL,10,NULL,'pending',NULL,NULL,NULL,NULL,NULL),('605cb067-441c-4641-84f1-d7b7a2676380','粘贴图片测试','nian-tie-tu-pian-ce-shi','<p><img src=\"data:image/png;base64,iVBORw0KGgoAAAANSUhEUgAAA4YAAAJkCAYAAABNiD8wAAAMTGlDQ1BJQ0MgUHJvZmlsZQAASImVVwdYU8kWnltSSQgQiICU0JsgIiWAlBBaAOlFEJWQBAglxoSgYkcXFVy7iGBFV0EU2wrIYkNddWVR7K5lsaCysi4W7MqbEECXfeV75/vm3v/+c+afc86dWwYARodAJstFtQDIk+bLY0MC2BOSU9ikLkAFCMAADZgLhAoZNzo6AkAbPP/d3lyHvtCuOKq0/tn/X01bJFYIAUCiIU4XKYR5EP8IAN4slMnzASDKIG8xPV+mwmsh1pXDACGuVuFMNW5W4XQ1vtTvEx/Lg/gRAGSaQCDPBECzB/LsAmEm1GHAbIGzVCSRQuwPsW9e3lQRxPMhtoU+cE6GSp+T/o1O5t8004c0BYLMIazOpd/IgRKFLFcw8/8sx/+2vFzl4Bw2sNGy5KGxqpxh3R7lTA1XYRrE76TpkVEQ6wCA4hJRv78Ks7KUoQlqf9RWqODBmgEWxOMUuXH8AT5WJAgMh9gI4gxpbmTEgE9RhiRY5QPrh5ZL8vnxEOtDXC1WBMUN+JyQT40dnPd6hpzHHeCfCuT9Maj0vyhzErhqfUwnS8wf0MecCrPikyCmQhxYIEmMhFgT4khFTlz4gE9qYRYvctBHroxV5WIJsVwsDQlQ62NlGfLg2AH/3XmKwdyxE1kSfuQAvpyfFR+qrhX2SCjojx/mgvWIpdyEQR2xYkLEYC4icWCQOnecLJYmxKl5XF+WHxCrHovby3KjB/zxAHFuiIo3hzheURA3OLYgHy5OtT5eLMuPjlfHiVdkC8Ki1fHg+0EE4IFAwAZK2NLBVJANJG3dDd3wSt0TDARADjKBGDgOMIMjkvp7pPAYBwrBnxCJgWJoXEB/rxgUQP7zMFbFSYY49dERZAz0qVRywGOI80A4yIXXyn4l6VAEieARZCT/iEgAmxDmkAubqv/f84PsV4YLmYgBRjk4I5sx6EkMIgYSQ4nBRDvcEPfFvfEIePSHzQXn4J6DeXz1JzwmtBMeEK4ROgi3pkiK5MOiHA86oH7wQH3Sv60Pbg013fAA3AeqQ2WchRsCR9wVzsPF/eDMbpDlDcStqgp7mPbfMvjmDg34UZwpKGUExZ9iO3ykpr2m25CKqtbf1kcda/pQvXlDPcPn531TfRE8hw/3xJZgh7Cz2EnsPNaMNQA2dhxrxFqxoyo8tOIe9a+4wdli++PJgTrD18zXO6uqpMK51rnL+ZO6L188I1/1MPKmymbKJZlZ+Wwu/GKI2Xyp0GkU28XZxQ0A1fdH/Xp7FdP/XUFYrV+5hb8D4HO8r6/vp69c2HEADnjAV8KRr5wtB35aNAA4d0SolBeoOVx1IMA3BwM+fQbABFgAW5iPC3AH3sAfBIEwEAXiQTKYDKPPgutcDqaD2WABKAalYCVYByrAFrAdVIO94CBoAM3gJPgZXACXwDVwG66eTvAM9IA34COCICSEjjARA8QUsUIcEBeEg/giQUgEEoskI2lIJiJFlMhsZCFSiqxGKpBtSA1yADmCnETOI+3ILeQ+0oW8RD6gGEpDdVFj1BodjXJQLhqOxqOT0Ex0GlqILkKXo+VoFboHrUdPohfQa2gH+gztxQCmgbEwM8wR42A8LApLwTIwOTYXK8HKsCqsDmuC9/kK1oF1Y+9xIs7E2bgjXMGheAIuxKfhc/FleAVejdfjp/Er+H28B/9CoBOMCA4ELwKfMIGQSZhOKCaUEXYSDhPOwGepk/CGSCSyiDZED/gsJhOzibOIy4ibiPuIJ4jtxIfEXhKJZEByIPmQokgCUj6pmLSBtId0nHSZ1El6R9Ygm5JdyMHkFLKUXEQuI+8mHyNfJj8hf6RoUawoXpQoiogyk7KCsoPSRLlI6aR8pGpTbag+1HhqNnUBtZxaRz1DvUN9paGhYa7hqRGjIdGYr1GusV/jnMZ9jfc0HZo9jUdLpSlpy2m7aCdot2iv6HS6Nd2fnkLPpy+n19BP0e/R32kyNZ00+ZoizXmalZr1mpc1nzMoDCsGlzGZUcgoYxxiXGR0a1G0rLV4WgKtuVqVWke0bmj1ajO1x2hHaedpL9PerX1e+6kOScdaJ0hHpLNIZ7vOKZ2HTIxpweQxhcyFzB3MM8xOXaKujS5fN1u3VHevbptuj56Onqteot4MvUq9o3odLIxlzeKzclkrWAdZ11kfRhiP4I4Qj1g6om7E5RFv9Ufq++uL9Uv09+lf0/9gwDYIMsgxWGXQYHDXEDe0N4wxnG642fCMYfdI3ZHeI4UjS0YeHPmbEWpkbxRrNMtou1GrUa+xiXGIscx4g/Ep424Tlom/SbbJWpNjJl2mTFNfU4npWtPjpn+w9dhcdi67nH2a3WNmZBZqpjTbZtZm9tHcxjzBvMh8n/ldC6oFxyLDYq1Fi0WPpanleMvZlrWWv1lRrDhWWVbrrc5avbW2sU6yXmzdYP3URt+Gb1NoU2tzx5Zu62c7zbbK9qod0Y5jl2O3ye6SPWrvZp9lX2l/0QF1cHeQOGxyaB9FGOU5SjqqatQNR5oj17HAsdbxvhPLKcKpyKnB6floy9Epo1eNPjv6i7Obc67zDufbY3TGhI0pGtM05qWLvYvQpdLl6lj62OCx88Y2jn3h6uAqdt3setON6TbebbFbi9tndw93uXude5eHpUeax0aPGxxdTjRnGeecJ8EzwHOeZ7Pney93r3yvg15/eTt653jv9n46zmaceNyOcQ99zH0EPtt8OnzZvmm+W307/Mz8BH5Vfg/8LfxF/jv9n3DtuNncPdznAc4B8oDDAW95Xrw5vBOBWGBIYElgW5BOUEJQRdC9YPPgzODa4J4Qt5BZISdCCaHhoatCb/CN+UJ+Db8nzCNsTtjpcFp4XHhF+IMI+wh5RNN4dHzY+DXj70RaRUojG6JAFD9qTdTdaJvoadE/xRBjomMqYx7HjomdHXs2jhk3JW533Jv4gPgV8bcTbBOUCS2JjMTUxJrEt0mBSauTOiaMnjBnwoVkw2RJcmMKKSUxZWdK78Sgiesmdqa6pRanXp9kM2nGpPOTDSfnTj46hTFFMOVQGiEtKW132idBlKBK0JvOT9+Y3iPkCdcLn4n8RWtFXWIf8WrxkwyfjNUZTzN9MtdkdmX5ZZVldUt4kgrJi+zQ7C3Zb3Oicnbl9OUm5e7LI+el5R2R6khzpKenmkydMbVd5iArlnVM85q2blqPPFy+U4EoJika83Xhj36r0lb5nfJ+gW9BZcG76YnTD83QniGd0TrTfubSmU8Kgwt/mIXPEs5qmW02e8Hs+3O4c7bNReamz22ZZzFv0bzO+SHzqxdQF+Qs+LXIuWh10euFSQubFhkvmr/o4Xch39UWaxbLi28s9l68ZQm+RLKkbenYpRuWfikRlfxS6lxaVvppmXDZL9+P+b78+77lGcvbVriv2LySuFK68voqv1XVq7VXF65+uGb8mvq17LUla1+vm7LufJlr2Zb11PXK9R3lEeWNGyw3rNzwqSKr4lplQOW+jUYbl258u0m06fJm/811W4y3lG75sFWy9ea2kG31VdZVZduJ2wu2P96RuOPsD5wfanYa7izd+XmXdFdHdWz16RqPmprdRrtX1KK1ytquPal7Lu0N3NtY51i3bR9rX+l+sF+5/48DaQeuHww/2HKIc6juR6sfNx5mHi6pR+pn1vc0ZDV0NCY3th8JO9LS5N10+Cenn3Y1mzVXHtU7uuIY9diiY33HC4/3npCd6D6ZefJhy5SW26cmnLp6OuZ025nwM+d+Dv751Fnu2ePnfM41n/c6f+QXzi8NF9wv1Le6tR7+1e3Xw23ubfUXPS42XvK81NQ+rv3YZb/LJ68EXvn5Kv/qhWuR19qvJ1y/eSP1RsdN0c2nt3Jvvfit4LePt+ffIdwpuat1t+ye0b2q3+1+39fh3nH0fuD91gdxD24/FD589kjx6FPnosf0x2VPTJ/UPHV52twV3HXpj4l/dD6TPfvYXfyn9p8bn9s+//Ev/79aeyb0dL6Qv+h7ueyVwatdr11ft/RG9957k/fm49uSdwbvqt9z3p/9kPThycfpn0ifyj/bfW76Ev7lTl9eX59MIBf0/wpgQLW1yQDg5S4A6MkAMOG+kTpRvT/sN0S9p+1H4D9h9R6y39wBqIP/9DHd8O/mBgD7dwBgDfUZqQBE0wGI9wTo2LFDbXAv17/vVBkR7g22Cj6n56WDf2PqPek3cQ8/A5WqKxh+/hdhXIMBYvMp9QAAAGxlWElmTU0AKgAAAAgABAEaAAUAAAABAAAAPgEbAAUAAAABAAAARgEoAAMAAAABAAIAAIdpAAQAAAABAAAATgAAAAAAAACQAAAAAQAAAJAAAAABAAKgAgAEAAAAAQAAA4agAwAEAAAAAQAAAmQAAAAA/4pHDwAAAAlwSFlzAAAWJQAAFiUBSVIk8AAAQABJREFUeAHs3QeYE0UbwPEXrsHRqzQBQYqVIoJdVFREULEAYkGKXVGwoNiQJkixgWLDLiAgYAGV3j6x0KQjoiBdOsfBcXfw7buwS5JLcsmVtP3P88Rsmd2d+U1UXmZ2pkDlMg2OSQjTmVVbmk+btrhfCJ+a9VF1q1xrHly1aUrWkxxBAAEEEEAAAQQQQAABBBwkUNBBdaWqCCCAAAIIIIAAAggggAACXgQIDL2gcAgBBBBAAAEEEEAAAQQQcJIAgaGTWpu6IoAAAggggAACCCCAAAJeBAgMvaBwCAEEEEAAAQQQQAABBBBwkkC8SAEn1Ze6IoAAAggggAACCCCAAAIIeAjQY+gBwi4CCCCAAAIIIIAAAggg4DQBAkOntTj1RQABBBBAAAEEEEAAAQQ8BAgMPUDYRQABBBBAAAEEEEAAAQScJkBg6LQWp74IIIAAAggggAACCCCAgIcAgaEHCLsIIIAAAggggAACCCCAgNMECAyd1uLUFwEEEEAAAQQQQAABBBDwECAw9ABhFwEEEEAAAQQQQAABBBBwmgCBodNanPoigAACCCCAAAIIIIAAAh4CBIYeIOwigAACCCCAAAIIIIAAAk4TIDB0WotTXwQQQAABBBBAAAEEEEDAQ4DA0AOEXQQQQAABBBBAAAEEEEDAaQIEhk5rceqLAAIIIIAAAggggAACCHgIEBh6gLCLAAIIIIAAAggggAACCDhNgMDQaS1OfRFAAAEEEEAAAQQQQAABDwECQw8QdhFAAAEEEEAAAQQQQAABpwkQGDqtxakvAggggAACCCCAAAIIIOAhQGDoAcIuAggggAACCCCAAAIIIOA0AQJDp7U49UUAAQQQQAABBBBAAAEEPATiPfbZRQABBBBwmEDBAnGSlFhckhKKSkJcssTFJYoeIyGAAAIIIICAcwQIDJ3T1tQUAQQQcBNIiCssRQqXleSkMm7H2UEAAQQQQAAB5wkQGDqvzakxAgggIMWTK0nRwuVtiSPpKZKWkSL6rSntxLedgQ0EEEAAAQQQiGkBAsOYbl4qhwACCLgLJMQVkpJFq0lCfGHzhAaCBw5tIxB0Z2IPAQQQQAABxwkQGDquyakwAgg4VSAxoYiULlbDfH+QgNCpvwLqjQACCCCAgHcBAkPvLhxFAAEEYkpAewpdg8Kd+9fFVP2oDAIIIIAAAgjkToDlKnLnx9UIIIBAVAjo8FGdaVR7CgkKo6LJKCQCCCCAAAIhFSAwDCk3D0MAAQRCL6ATzVjvFBIUht6fJyKAAAIIIBANAgSG0dBKlBEBBBDIoYAuSWHNPqqTzJAQQAABBBBAAAFvAgSG3lQ4hgACCMSIgK5TqEmDwgOpBIYx0qxUAwEEEEAAgTwXIDDMc1JuiAACCESGgL5TaC1eT1AYGW1CKRBAAAEEEIhUAQLDSG0ZyoUAAgjkUiApsbh5B2vR+lzejssRQAABBBBAIIYFCAxjuHGpGgIIOFsgKaGoCZCWkeJsCGqPAAIIIIAAAtkKhHwdwwLZFilUGSKnJKGqMc9BAAFnCSTEJZsVpsfQWe1ObRFAAAEEEMiJAD2GOVHjGgQQQCAKBOLiEqOglBQRAQQQQAABBCJBgMAwElqBMiCAAAL5IKCTz2hKMxa1JyGAAAIIIIAAAv4ECAz96XAOAQQQQAABBBBAAAEEEHCAAIGhAxqZKiKAAAIIIIAAAggggAAC/gQIDP3pcA4BBBBAAAEEEEAAAQQQcIAAgaEDGpkqIoAAAggggAACCCCAAAL+BAgM/elwDgEEEEAAAQQQQAABBBBwgACBoQMamSoigAACCCCAAAIIIIAAAv4ECAz96XAOAQQQQAABBBBAAAEEEHCAAIGhAxqZKiKAAAIIIIAAAggggAAC/gQIDP3pcA4BBBBAAAEEEEAAAQQQcIAAgaEDGpkqIoAAAggggAACCCCAAAL+BAgM/elwDgEEEEAAAQQQQAABBBBwgEBIA8MihcqYpOmZhx1ASxURQAABBBBAAAEEEEAAgegQCGlgaJEcSttrbfKNAAIIIIAAAggggAACCCAQZoGQBoZFko73GB44tD3M1ebxCCCAAAIIIIAAAggggAAClkBIA8PkQqXN5+5J2WA9n28EEEAAAQQQQAABBBBAAIEwC4Q0MLR6DP/btzbM1ebxCCCAAAIIIIAAAggggAAClkDIAsPyJWqbz9y8a6lkZKZZz+cbAQQQQAABBBBAAAEEEEAgzAIhCQw1KCxXopZZ1Y3//RrmKvN4BBBAAAEEEEAAAQQQQAABV4GQBIZWULhhxy+ScmiH6/PZRgABBBBAAAEEEEAAAQQQCLNAvgeG1U+5wKzi/tRtsnbztDBXl8cjgAACCCCAAAIIIIAAAgh4CuRrYKhBoU44owvar9j4reez2UcAAQQQQAABBBBAAAEEEIgAgfj8KEORQmXMdwqtoHDJ+q8YQpof0NwTAQQQQAABBBBAAAEEEMgDgTwNDF0DQi2bDh/VnkLeK8yDluIWCCCAAAIIIIAAAggggEA+CeQqMNRAUJP2DOri9dY6hXpMJ5rhnUKVICGAAAIIIIAAAggggAACkS0Qf1bV6/O0hLpOoS5JQS9hnrJyMwQQQAABBBBAAAEEEEAg3wRy1WOok8ocStsrBw5tlz0pG+S/fWtZvD7fmoobI4AAAggggAACCCCAAAL5IxA/dXG//Lkzd0UAAQQQQAABBBBAAAEEEIgKgXxdriIqBCgkAggggAACCCCAAAIIIOBwAQJDh/8AqD4CCCCAAAIIIIAAAgggQGDIbwABBBBAAAEEEEAAAQQQcLgAgaHDfwBUHwEEEEAAAQQQQAABBBAgMOQ3gAACCCCAAAIIIIAAAgg4XIDA0OE/AKqPAAIIIIAAAggggAACCBAY8htAAAEEEEAAAQQQQAABBBwuQGDo8B8A1UcAAQQQQAABBBBAAAEECAz5DSCAAAIIIIAAAggggAACDheIL+BwAKqPAAIIIIAAAggggAACCDhdgB5Dp/8CqD8CCCCAAAIIIIAAAgg4XoDA0PE/AQAQQAABBBBAAAEEEEDA6QIEhk7/BVB/BBBAAAEEEEAAAQQQcLxAvOMFAEAAAQQQiBmBunXPkHvvf0g+/ugDWfbH0nyvV8lSpeSCCy6SevXqS3xCgvTr0ytPnnnpZZdLUlKS7N9/QH795ec8uSc3QQABBBBAwJ8AgaE/Hc4hgAACCESNwJQfZ0jlKqea5a1Xv740u+LSfC/7/Q88LHfc2cF+zgfvjZDt27fZ+znZ0OB2+DsfmJceOpQqTRrVy8ltsr2mTJmy0qFj52zzZWRkyGeffiQd7uksBQsGPtBo5vRpsnjxwmzvTwYEEEAAgcgQiK9Ypn6OS3LsWIZkZB6R9MxDciQ9RdKO7JejxzJzfD8uRAABBBBAIKcCs2bNsIO08uUrmIHMJx9/mNPbmdfde/+DRm9gA5/3KFS4sNu5D0Z+Khs2/ON2zHNHzw8a2N/zsL1fMC7O3va28ekXY+SMM87ydsrnsQU/z5dHH77f7fxNrW+Rezp2cTvma2fpksXSqfN9vk57PV6kSJEcBYYljJ7XQobBf2lpxp8pjnm9NwcRQAABBPJeIFc9hgUKxEtCvH6SJTmpjFm61LRdknpopxks5n1xuSMCCCCAAALeBQa+0leaNr3S7jXs+nh3GTP6Szl8+JD3CwI4etfdHaVkyVIB5DyepVr100Q//tLevXv8Bob+rtVzlSpVMoeZZpfP9Xz58qe47kb09uzmV0oxIzi8eMo02XbocESXlcIhgAACsSSQq8DQG4QGiPo5eGiH7E/d4i0LxxBAAAEEEMgXgU733CmTf5wucXHGX1omJMorAwdLt8cezpdnheumhw+n5fmjN27cIC8818Ptvp98NtreX7tmtXzx2cf2vm6cedbZ0qBhI/PY1q1bZMa0n9zOfzVmlNu+r51TChUyT20/fDwILFjg+ArLVmdhcnycVEouLOv2p/i6BccRQAABBPJAIM8DQ6tMRQqXl8SEorIvZaPRe8jf+FkufCOAAAIIBC/Q9fEnpG279gFdqEGhla5qdo3MXxDYe25TJn8nfXu/ZF1qfrdr01oKFzo5XPTFXn3sYGjbtq3y4H2d3PJbO8NHfGD07FU2dzf887c83vUh65Qc8tKDWbx4CaOnsbqZp0aNmnbeggXj5Jxzj79jmGYETmvXrpEbrr9G4o3ROsGkjEz/r3kUNoKzunXP9HlLDfy++PxTqXl6LTtPlapV7e3NmzbJggUnJ8nZ9O9G+fvv9fZ5fxtvNGkoDUqXkrdWrZURa9fZWY/JMbnx1MrSp8E55pDSxt9PlSNHj9rn2UAAAQQQyFuB4P7PEuSzdYhpmRKny+79f8uRjINBXk12BBBAAAEEjgto71SxYsVzxBHodVVOPRno6IygrkGQ9WAdmmr1klWoUFFOOaWC7N231zptfscZ78dVrFjJPrZgwf8k6USvmB7UbR2euv6vv+xhrm1vby+Pdu1uX2NtaDm+GDXO3E0z3rk7v+HZctQIjo4cOWJlyZPvcsZQ02efe9HvvR565DFp2epGr3kand9Y9GOlPXt2y+WXNLF2fX4XTYiXM0sUl3ijl7DbmXXk7prVpciJoHfSlZdK+RNuGUb34RlGvqV73K193pgTCCCAAAJBC+RrYKil0fcQSxc/TXbtW0fPYdDNwwUIIIAAAuEQOK9RYxnx3shsHz3i/Y+yzdO23R1Gb+cdWfJ1f/xhmTbVffhllkxReiDQ2UtT0jOkidET+GDd0+X+2qdLGSMQtpIVFH63aYv0+2OF7MiHIbTWs/hGAAEEEBDJ98BQkTU4LFG0quzctxZzBBBAAAEEghZ4pV9vqeoydLF06TLSp99A+z49nuomKSkH7H1vG3WMoZJdHzvZK6fv1O3evcvOunHjRns71Bvbtm4V7WXTVKRIUUlMTLSLYB3fuGGD2RNZMC7wJSPsm5zY0CGf3pIOd+3S6W63Uz9Nn2P8//v4+35uJ4ydxYt+l7/+OjnsU88XMobc+upR9Lzedf+QMcx1+Oo/pZwRFLapfrLXVvP8dSBF+hpB4X8Eha5kbCOAAAL5IhCSwFBLrsNKiydXYkKafGlGbooAAgjEtoAGLvpxTbqQfdWq1cxDl1x6uTz37FOup7Nsd7nvQfvYpk0bZdLEr+19z41//lkv33/3jefhPNvX4aC///arfb9vv5ko+tH04cefy/nnHx+GqesYWkMy9V3DH6fNtq/JycZlF58ve/dmHY5ZomRJ6dj5Xrdb+goKNdPECeNl3759MmjI6+Y1+n5m/769gg4MNey8rfqp8vy5Z9lDSM0bnvhHzWJFZd51zeRd493Dd1avEw0iSQgggAAC+SMQssBQi68T0hxK28NSFvnTltwVAQQQcJTA28PekAGvDjXr3OL6ltK71/Oi7+F5SyWNwKd+/Yb2qRFvD7O3vW1s2bxZnu3xhHlK353r1bu/t2xBH9P1C2cb6y36SjoEs2HD8+zT2gtXr34D0XUEXSfBsTMEuXH06DGvV+g7j+3vcO8x9JrR5eCpxjuZOvOrJu3BzUkqbLxP2KfBueY7hvoe4aDlq6X7WbUlyZh05+Wly6XrGbWllNF7+nCdWjJ1yzZZtmdfTh7DNQgggAACAQiENDDU8iQXLmvMVPpvAEUjCwIIIIAAAr4FJn//rbzwUm9z6KXORNr9yR6iQ069pW5P9LCHRWov3DeTJnjL5vWYzi5q9Ux6zRDEwerGGof++vxa33ybudSGdUvttRtp9CDe2rqVHDx40Ph4X7KhcOFksd7ry8hI9xkgHz0aWT1uqRkZMmDZSjmnVEnps3SF7DEm1el6Ri0jMBT5cfM2Gf33RnnIeP+wcnIyQaH1o+AbAQQQyCeB0AeGxhqHBw5uMaaejqz/OeWTL7dFAAEEEMhHgbFfjZZ7OnYxn3DrbW3ltSGD7Jk+rcfq0g7Xt7zB2jWHQdo7OdhITw9uRtD4+AQ7KM3ucbffcWeWLNorN3rsBGlx7VVyYeMGWc7rgS/HjJezzz7XPKdBb68Xn/Oaz/Wg2i34+X+uh7xu67IR+Zk+Wuc+RNh+ljHOVJeneH0l8xPYJmwggAAC+SgQ8sBQ65KUWNwcUpqP9eLWCCCAAAIOEHh72Jtyd4dOZm+ZBlBfjBort7Ru6Vbz194cbk/mcswYrvjWG8eHn7plCnAnNfWgPPLQfQHmPp7t1cGvS9my5bK9pnbtOlK7dl2v+bRHcMI3k6X51U0lNTXV7CldYyw6P/WnH2TP7t1ZriloLJlx442tRYNlXX9Qe1dd0z0dOxvvFAZej0PGMxctcl8Psqjx/p+VMoyev7xKUzZvlXKFkuSAMWMpCQEEEEAgdAJhCQx14Xt915CEAAIIIIBAbgQOG4vFvztiuDz40KPmbWoZwVXf/gPl+Z49zP0W17eSyy+/0n7EuLGjjdlLvQ/HtDP52UhOLmIM7fzCT46cnxr6xvAsF2v9NJjVwFDfA9SewQH9+8htbW438z71dE9zbUPPC597/iU7zz0dE7MEhqcak/aUKlXa8zKf+yVKlDTOuQeGp51W087/j8fEQPaJHGz0WLg0B1dxCQIIIIBAbgWMUfyhTwlxhUP/UJ6IAAIIIBCTAu8Mf9NcPsGq3A033ixt2t4u5cqVM4NE6/iWLZulz8svWrsR9X3zLbfZ7zFqOa2kQeFTTzxm7Yr2Erquibhm9Sr7nOvGhK/H2bun16plb1sbet9gkrceQdf3LlevWhnM7ciLAAIIIBCBAmHpMYyPOz6LWQR6UCQEEEAAgSgUuLdzB5k2c57Zq6bFf+6Fl+XhRx8Xfb9PU2ZmhnS8u725nZt/HDiwX3o+439ZDM/79x8wSIoVK+552N7XdyCf6fmCvT/8rdel3yuD7P05s2fJ/Plz5VxjuYpnezwp8/73u33uu28n2duuG8uX/WG+a6mzmqpB4yYXyq+//Gxn6dv7JdEZUh8welr/XLtGlixZZA5RnTPv+BIaq1evlDa33Gjn143+Awbb+wkJCVKrdm17f8WK5fY2GwgggAAC0SkQlsBQF7wnIYAAAgggkFcCR4zZLO+6o61MNN7D0xlKdTZP16GS/fr0kq1bt+T6cUWLFrPX7gv0ZklJhfxmvfCii83F4TWTBmmeC8fr8ccffdDoAS0vukRE0aLH3+3TXj9dT9BX+mPpEjMg1PO33NbGLTDUYw2MZTE6d7lfN81nduzgP3BesWKZnHPO8QluLr7kMnv2VF0ipEaNmjLi3Q/lvx3bzQAzL4eWmgXkHwgggAAC+S4QlqGk+V4rHoAAAggg4DiBDcZ7bt6Gim7btlXGjR2TJx4acGovXDAfvcZfmjtntmhgq6lf3176lSVp8LVp07/Gu5SP2Oc00NV3EH2lr8ePtU81MXoMPZPruo4a0LmmunXPlKXL19qfK65sJl989om0uv4aeeP1IdL0iqvs7Nu3b5PX33xbKlc5VUqXKSNvvfmaPPrw8YDTzsQGAggggEDECxAYRnwTUUAEEEAAgUAEtBfr6WeyLtNQoUJFY0bPKVL+lFMCuU2WPNu2bRMNLn19XJev0G1f+fT45s3e1/GdMX2qbDYCv0ULTw4T9SyI9hQ2v66lfXjmjGn2treNH36YbE5co+d0AfqSJXUCmZPpzLPOtneswNQ+YGxoQGt9dOhosrGWYK/e/WTIa2/Zy29or+WUyd/a+9pbO3jom9Lu9qzLbrjem20EEEAAgcgTYExn5LUJJUIAAQQQCEIgKSlJXjNm9Lzk0st9XlWz5uny49RZ8vrQwfLJxx/6zGedqHvGmfZkMHps8KuvWKeyfOtyGefWq28e37Nnt9+8BQvGyTXXXmfmXfbHUnt462tDXs02cO35fC97EXsNyN59Z1iWsrgeOJqZKdqbp4GxpltubSsffvCunaV69dPs7csuv0Juuulme/+osX7g/v377P2rr2kuAwcNtYePWifeNHoP9Z46Cc7goW/Z5etpzIp69GimfDVmlJWVbwQQQACBCBcgMIzwBqJ4CCCAAAK+BZpdfY05KYoO7XRNs2fNMNcrHPH+R/Yagtqb9cRTz8hNN98qD93f2Q7KXK+ztl948WU559zjwZ51LJDv8uUrmD1mgeRdumSx8V5kGzOrDgv19w6k9hbq0htW+vnn+bJ3715r1+f3ooW/GdfdYJ6/tnkLOzBUr6rVqrtd1/3JZ+z9tWtXu00+o856vZW0h3HIoAEy6svPzEPTpv4kd7S7VT4f9ZUdPLa6oTWBoQXGNwIIIBAFAgwljYJGoogIIIAAAicFdEhk9yd7yMw5P8vQ14fbE7dojoMHU+SB+zqZ77itNSZyufLyi8T1XTvNY/YeTpttrgnYoMF5eigsqWBB/+8euhbqSWO9woIFT/4vu6/HshtxRk+kt/TTjz/Yh12Xrbj/wYfd7mdnOrHheT8N/DSQ1Z5KnQn1oiYN7KDQulYnp7m/S0ejp/CoOZlNh7uPr7VonecbAQQQQCCyBegxjOz2oXQIIIAAAoZAwbg4ufW2ttL+jrtEF1b3NqHLD1O+N5aSeFI819zr9WJPmWTM3jnsnffclo04++xz5ZPPR5s9dW8Pe0MmTfzatp40aYI5DNM+4GejXv2G5oyhmkWHX7ouC+HnMlmw4Gd/p93OffbJSLngwoukUqXKstJYGkInorm86ZVmIKzDU2sYQ2Wt5Fr/WUbPqQZz6qU9phUrVjLre1ubdlZ2+fijD0TfN2zc+AL7WK3adWTxH6tk3759Rs/kHtm9a7ekpR2WBUZPpU5481SPnqazPiveaJujxjPijG/9/P7bL5KSkiJDjXcRn+zeNUt72A9hAwEEEEAgogQKVC7TMLhVbvOo+Ft3LcmjO+XsNnWqNDcvXLVpcs5uwFUIIIBAhAtUKnN8KOSWMP/3NrdM2lP268JlkpjofQ1cndRFF4HXHi1/SdcL1IDm5lvaiL6X6Jm0t7HldVfLrl07PU/53X918OvGpDDXm3l0iYg729/mN392JzVIG/3VBDPboUOp0qRRPfuSTp3vk//9b56s/2ud/L54hX3cdaPTPXcYwdnx9Qj1uAa/OmPr0MEDzeGnl152uQx/5wPzEu3du+D8+maw17f/QNHhn96Cbtf7B7qtAWmDc+uaPYiBXkM+BBBAAIHwCZwclxK+MvBkBBBAAAEEfApo8DJ/3hy38xkZ6TJn9ky5tXVLueaqy7INCvVi7d16pV9vI9A615iEZpDb5Cp6fu+ePUEHhXpdKNPID9+T1atWmstbHDiwP8ujU1MPugWFmqHDne3kxeeftd9J1HcTMzMzzGv/N3+uveTF8z17yM03tjB7Bfft22vPaJrlIQEeOHjwIEFhgFZkQwABBCJBgKGkkdAKlAEBBBBAwK9Aj6e6y+x5C4whjbvk888+llGjvhCddTMnSQNNDbD0c12LlvJYtyfNmTvvv7djTm5n9t7t3Pmfea1O2pLblHb4sFhLYGw3lsrwlXTGz8ZNjg//zEhPlx+mTJbx47Jfr1FnQ217603y8WejZeCAfm63/8voibyvyz32sXLlykk1Y/bSypWrSPHiJaR4ieJStGgx0eUrtAdWe3N1iKq3XsZVK733aNo3ZwMBBBBAIKIEGErKUNKI+kFSGAQQyDuBWBlKmncivu+kQ0t1EXkSAggggAACThUIY49h4LOxObVxqDcCCCCAQGgECApD48xTEEAAAQQiV4B3DCO3bSgZAggggAACCCCAAAIIIBASAQLDkDDzEAQQQAABBBBAAAEEEEAgcgUIDCO3bSgZAggggAACCCCAAAIIIBASAQLDkDDzEAQQQAABBBBAAAEEEEAgcgUIDCO3bSgZAggggAACCCCAAAIIIBASAQLDkDDzEAQQQAABBBBAAAEEEEAgcgUIDCO3bSgZAggggAACCCCAAAIIIBASAQLDkDDzEAQQQAABBBBAAAEEEEAgcgUIDCO3bSgZAggggAACCCCAAAIIIBASAQLDkDDzEAQQQAABBBBAAAEEEEAgcgUIDCO3bSgZAggggAACCCCAAAIIIBASAQLDkDDzEAQQQAABBBBAAAEEEEAgcgUIDCO3bSgZAggggAACCCCAAAIIIBASAQLDkDDzEAQQQAABBBBAAAEEEEAgcgUIDCO3bSgZAggggAACCCCAAAIIIBASAQLDkDDzEAQQQAABBBBAAAEEEEAgcgUIDCO3bSgZAggggAACCCCAAAIIIBASAQLDkDDzEAQQQAABBBBAAAEEEEAgcgUIDCO3bSgZAggggAACCCCAAAIIIBASAQLDkDDzEAQQQAABBBBAAAEEEEAgcgUIDCO3bSgZAggggAACCCCAAAIIIBASgfiQPIWHIIAAAgggkM8CBQvGS9FC5SU5qbQUSiguCfGFJa5gQj4/ldsjgAACCCAQGwIEhrHRjtQCAQQQcKxAUkIxKVW0mpQsUsWxBlQcAQQQQACB3AoQGOZWkOsRQAABBMImUL5EHSld7DT7+alpu8X66EHdJiGAAAIIIIBA9gIEhtkbkQMBBBBAIMIEtJewYqlzpFBicbNkGgDu3L+OQDDC2oniIIAAAghEjwCBYfS0FSVFAAEEEDAEkpNKSeUyDc33BwkI+UkggAACCCCQNwIEhnnjyF0QQAABBEIgoD2FrkHhxv9+DcFTeQQCCCCAAAKxL8ByFbHfxtQQAQQQiBkBHT6qM41qTyFBYcw0KxVBAAEEEIgAAQLDCGgEioAAAgggkL2ATjRjvVNIUJi9FzkQQAABBBAIRoDAMBgt8iKAAAIIhEVAh5Bas4/qJDMkBBBAAAEEEMhbgbAEhseOZeRtLbgbAggggEBMC+g6hZo0KCQwjOmmpnIIIIAAAmESCEtgmJF5JEzV5bEIIIAAAtEmULBgvL14PUFhtLUe5UUAAQQQiBaBsASG6ZmHosWHciKAAAIIhFmgaKHyZglYrD7MDcHjEUAAAQRiWiAsgeGR9IMxjUrlEEAAAQTyTiA5qbR5MwLDvDPlTggggAACCHgKhCUwTDuy37Mc7COAAAIIIOBVoFBCcfM4gaFXHg4igAACCCCQJwIhDwxT03bJ0WOZeVJ4boIAAgggEPsCCfGFY7+S1BABBBBAAIEwC4Q+MDy0K8xV5vEIIIAAAtEkoAvaa6LHMJpajbIigAACCESbQEgDw4OHdggTz0TbT4TyIoAAAggggAACCCCAQKwLhCwwTM9Ilf2pW2Pdk/ohgAACCCCAAAIIIIAAAlEnEJLAUBe035fyb9ThUGAEEEAAAQQQQAABBBBAwAkC+R4YalC4e/8/xhDSw07wpI4IIIAAAggggAACCCCAQNQJxOdniXX4qPYUEhTmpzL3RgABBBBAAAEEEEAAAQRyJ5BvgaFONMM7hblrHK5GAAEEEEAAAQQQQAABBEIhkOeBoa5TmGosScHso6FoPp6BAAIIIIAAAggggAACCOReIFeBob4/mJF5xAwCj6QflLQj+1m8Pvdtwh0QQAABBBBAAAEEEEAAgZAKxG/dtTSkD+RhCCCAAAIIIIAAAggggAACkSWQ77OSRlZ1KQ0CCCCAAAIIIIAAAggggICnAIGhpwj7CCCAAAIIIIAAAggggIDDBAgMHdbgVBcBBBBAAAEEEEAAAQQQ8BQgMPQUYR8BBBBAAAEEEEAAAQQQcJgAgaHDGpzqIoAAAggggAACCCCAAAKeAgSGniLsI4AAAggggAACCCCAAAIOEyAwdFiDU10EEEAAAQQQQAABBBBAwFOAwNBThH0EEEAAAQQQQAABBBBAwGECBIYOa3CqiwACCCCAAAIIIIAAAgh4ChAYeoqwjwACCCCAAAIIIIAAAgg4TIDA0GENTnURQAABBBBAAAEEEEAAAU8BAkNPEfYRQAABBBBAAAEEEEAAAYcJEBg6rMGpLgIIIIBA3gv0fO4FWbFqrfnR7WBSw4bnyeYtO2TL1v9k8ZLlwVyab3knfvOdrP/nX/Nz551359tzou3GQ4a+Ybs88mjXHBe/YMGCop9QpA4dOsr0GbPNz1VXNfP7yNvb3yGNGzfxmyeQkzfceJP5m9bf9YJffpeEhAR5a9jb8s/GzXLrrW0CuQV5EEAgDALxYXgmj0QAAQQQQCCmBGrWrCmlSpYy66TbwaSKFStKgQIFzEvi4uKCudTMW65cOenW/cmgrktNTZVX+veVzMxMr9dVOKWCFEoqZJ4rXaa01zz+Dt7U+mYpVOj49f7y5eW5PXv2yI8/TAn4lh+O/FiaNr3SzD906GAZPuzNbK+tUOGkiwb0OUk1atSUn6bOkAMHDkizqy6XXbt2ud2mTJkyRiCV6HbM386ePbslLS3NZ5bb2rSVM8440zxfq1ZtmT59mte8ffr0l85d7pVjx47JY10fkXHjvvKaL5CDGvRav+lChQpLj2d6yi233GZe+vobb8lff62TxYsXBXIr8iCAQAgFCAxDiM2jEEAAAQScJXDffQ/IKUYwscT4Q/C3336TL5XXQOOeezoFfe+ZM6bL/Pnzgr4ukAvefGu4xMeF9o8Y6RnpUu3USoEUz8xzzjnnSuHChc1tDa5DkYoXLy7TZ86WpMQkSU5Oll9+XSStWl0nq1autB+vx/RcoOnvv/+Wiy9qHGh2r/lq165jBoV6UgM6bb/TatSQQa8O8Jo/u4OZGRl2Fg0S+/frIy1btpKqVauZPaXjJ0yS8xqcKxrMkxBAIHIEQjOOIXLqS0kQQAABBBDIlcDdd98j06bPkpEffZLtfZ597nl58MGHZfCQ17PNS4bcCVg9VLm7S/5enZKSIr//9pv9EA0Af/xputvwTe2xCybFx5/sZdYhwD8v+E1GjxkXzC1k7do1MmBAP7drunV7Ql4dNMTtWKA7mZlH7awFCxaQo0ePyrXXNJODBw+ax7U3esLEb+08bCCAQGQIhPav8yKjzpQCAQQQQACBHAs8/8JLUrRoUalb9wyz90P/0KsfK1nb+l6V9gxp2rx5k3U6X7818Jg48Wufz2jZ6gYpWaKkz/P5cWKG0TN55IjvoY7Fi5cwhy8eOLA/6McnGr5XXnlV0NeF6wL9bdx2a2vp3aefdOlyn1kM7Vkd9/VEadmiufzxx1J7CKae1H1vKS4+Xs4686wspxqdd775myxdukyWc9kdePON1+Xv9evlnRHv2+8/6vul+/fvl759Xs7ucrfz2ntrpxPDpPft2yu33HyjTPlhqllH7aW897775f333rWzsoEAAuEVIDAMrz9PRwABBBCIMoGlS5fIxRdfYv7huXnzFjJ58nf2H6S1KtakIufWq2fXbO3atfZ2fm5s37Fdnn7qCZ+PqN+gYcgDw4cfekA0KPCWTj31VGNykoVmoKBBU53aNexeJW/5PY+VMILcVav/9Dwc8fsvvvCcrFy5QoYYPcna06nB4TffTZYLGjeyy64eza9tZu+7bpQuXVqWr1jjeihPtnW488aNG2XSt99L4on3HB966BEjONwnGjgGmjLSTwaG1r8Peq0GusPeekMe7fq4rFq1UsaPGxvoLcmHAAIhECAwDAEyj0AAAQQQiB2BSRMnmIGh1qhtu9vNwNBb7Ro3vsA+rO8YBpKKFCkijz3WzW/W0aO/lO3bt/vNoydfe/1NKVOmrDnJx2vG5Co5TU2aXChd7k31efmqVatk/ry5Ps/7OzHs7RF2D9maNauDCgr93Tcazo0e9aXoZEODBg01i6sTAqWmHh9q6Vn+VkZPr74TuWnTJvn00489T2fZ9zms9kTvXZYLXA7oX3zc0LKFfDf5B/s90Y4du8gfS5fKRRdd7JLT9+Y5Ln8posNle/Z83i3z7DmzZJlxv46dusiQwa+6nWMHAQTCJ0BgGD57nowAAgggEIUC48ePtd+9amD0wPlK+od5K+lwykCSToaiMzj6S6uNACqQ2Tdb33yL2etzyaWXSm4CwyuuuFL04ystW/aH8f5Y8MM5u9x7n5zf6OSkKTpz5oZ/t/h6jHlcZ7K86YaWfvNE08kvPv9MihUrLg888JBcdeVl5rBNb+V/w5gMRt/L2717V0CBobd7BHNMe/Zub9dGxhjvKmrA2vzaq2Toa2/6/R34ur/2PD7y6GNZTl9+WVNzCDGBYRYaDiAQNgECw7DR82AEEEAAgWgUOHTokNljd8oppxg9crq0QEKWaujwubPPOcc8rssS6OQepJMCl1/eVF5+ue/JAye2EuKzWrpmspYEcT0W7dsj3hku+snL5HMCmyAmttFe4NY3tZJ///03oB7qvCw/90IAgfAIEBiGx52nIoAAAghEscC8eXPMddl0yF5TL71pOsmLtVzDtGk/BVxTnbQju/XdNvzzT8D3y4uMOqHN33+v93kr7fUKJj3x5NPS3Vh30XW447RpUyUj8+QSB9b9dPIe197Kdevy533Ciy+5VO648y7rsT6/q1SpYp87++xz/F4za+ZMr5MO6fDRU6tWlX+MZSYiPf322692EefOnSNly5a19/1t6F+W6ORMVtJeZW/p0OFD3g5zDAEEwiRAYBgmeB6LAAIIIBC9AqNHj7IX7G7W7OosFalcuYo5TE6Dn2EBLJxu3WDf3n0RN1Ry2LA3gpp4xKqL53diYqJ8Ne5raXx+E89Tcl6jRtL6xlZZelZnz5lv59UA9cEHjs/kaR/Mow2d4dN61y/QW1apcqrfa37//Te5oVULt9upwfSZc6RmjZrSz1jbb3gQvw23G4VhJ5iezVKlSsmKlccnXDqSfiRHQ43DUEUeiYDjBVjH0PE/AQAQQAABBIIV0GF2EyaMl8cff1R0hknP9M7bw+S06lXk7rvauy1e7pnPKfvVqlWTxUuXuwWFGjBYyxroENEZRsCka0Rq0lk3585fILVq1Tb39R933tHOWPbiiL0f6Ruus3FaZf1q7NdmUKj7zz33gjzd41nrVFi+R378qaz7a4PPzy233Jajcu3bt8++zuo5tw+wgQACEStAj2HENg0FQwABBBCIRAHtDSlevLi8OvAVs3gVKlQwApmT68YlGzOLaiCk6c8/15rbR46ky9at/idWMS+I0X9UObWquL4f+LcxjLJVy+bmepBTfpxmntNAasDAQdLhno5So2ZNew1IfV+ux9NPyq+//pJvOvoe6I7/duTp/RctWpjlfvqXCLoshbUUxOOPdzeH1A4c0D9L3lAcqFevvuisob5SqdKlfJ3ye1yX2rCS65Bh6xjfCCAQmQIEhpHZLpQKAQQQQCBCBRYtWWYHLd6KqLMt/rzgd7dTBw8elFqnV3c75qQd7WH95JOPpEOHjqLLbXTvdnyWyt27d0vD+ufI95N/lDNPLNius5NaSd87vOuO22X27FnWoXz5HjXqC+n10gv5cm/Xm+psn82ubCo//jRddAZaTbo8ib7D+dWY0eZ+rPxDg0MN9gkMY6VFqYcTBAgMndDK1BEBBBBAIM8Esps5M88eFGM3evaZp+X9996V9ev/smumwdH99z8opYyho95SXME4Y63I9rJu3TqvE7l4uybQYwWMoCUcSSfQueTiC2TuvJ/t3rrXjKUgdFKhX35ZENIitWh+tRT26DGcOPE7KV++vNdy6IQ75cqV83rO9eA84y8CNKhPLJhoHtahwfqXACQEEIhsAQLDyG4fSocAAgggEGECmzdvEl2I3koaYLgOk9R351KMoYmuafMW5w4jdXXQoLBixUpy402tpWXLVlK/fgOzV8k1j9XTpMe0t+kmI69+dFjuqC+/kC+//Nznen+u98lu23UIpfbohjLpsOIW110j02bMMmev1XrWqVM3zwJDn710xnNc0/bt2113zW1/Fh+O/FhONYYFZ5fOa1hPMtKNwNBYw1BTxUqVCAyzQ+M8AhEgQGAYAY1AERBAAAEEokegSePz3ArbzVh64amnetjH5syebU46Yx9w2Zg2fZZUr36ayxGRuPg4e1/XRdTJQLylhQt/l7ZtbvF2KlfHfvt9sZQq5d5jZw1z1Bvr8hJdu3bL8gwNgC81er527dqV5ZzngZ7GRCu6rMfpp59uLtTueV73dSH1Dz94TwYPftUMGPv2HyDnGD1UVtKJaF586WXzs2PHDpk1a4a8++471umgv13ruG/v3qCvz+0FurZlh7vukM+/GG3W+dNPP87tLe3r82IdQ/tmOdw4nHbY7hGtcEoFWbF8eQ7vxGUIIBAqAQLDUEnzHAQQQACBmBS47/4H3Op11VXN5NLLLpe5c2a7HdedChUr2n9YznLSOKA9Pa49Wa55zjr7bNfdPNsuawwN1PUCfSUdOutt+GyyJEv5U04JKDBsZwwH9bYGng43XL5smREcxxvvHXa1gwddP+/aq6+UGsayDv1fGSgXXnSRWxl0qGObNu1kwtfjfRU72+NWb5Zm3Lsv9IGhPnfmzBmis9dGy2yrkyZNlBbXt9SiSyWjF7BQUiFzW9tx48aN5rb+47CxPqEuvVL6xF84aC8xCQEEIl8gPAPsI9+FEiKAAAIIIJCtgE7nX6J4Cbd8Gtx9/sUoo3esltvxUO9YwwmPHT0W6kdned7TTz9hH9u9Z7dMnfqTPPrIQ3JatSqiQ0e1Z3Dq1Jky/3+/yk2tb7bz6tDTdm1vlWqnVpKOHe+W2XNmifZEadIetiVLlth5g91wXU5i0OChsv6ff3P8WbVmXbCPt/MHEhTGxR3vVc7MPDnbp32DEG70N9ZevOSiJuZnQP9+9pO3b9tmH9fze/bsMT4n3ymsWjX74af2zdhAAIGwCdBjGDZ6HowAAgggEO0CPZ7xvg6d9rBNnvKTnN+ogezz0RvV8vrmsmKF/+F1jZtcIGPGjMsRk9XLZwVSgdykbp2akpaW5jfr8hVr3N6x9Jv5xMkfpkw2h9fqkhP79++3L9F3NV17Qk877TR5++13ZeDAwfLJxyPNIZZW4PTjD1NEP5p0EpTly5dJiRIl7XsFs6FDdl2Tr15R1zz+tv31uPq7Ts/16dtftIf0G6M3zlvSANZqy/0HTtp5yxtJx3bsOPn+oi5XQkIAgcgXoMcw8tuIEiKAAAIIRKBAEyNoq1LlVLNk+n6clbZu22puFi1a1JxcxOrtsc5b32lH0swgTAMxX58j2QRp1r08v11njtzvsti4Zz7P/cOHD/ssi1VGn++ved7MY3/atKluQaGe1olOtNfw8cceMSeXsS4pVqyYPPLoY7Ju/QYZ+dEnWWbC1KAwN+mKK67KzeV5dm3DhudJ5873yogR78sfy1Z5vW+VKlXs4zv/+8/ejvSNLS4TLumwUxICCES+AD2Gkd9GlBABBBBAIMIEdOKSzz4fZZZKJ2GZO3eOXHttc3N/yeJF8m+ZstK4cROpXKmyTPrme9HewVAmfTfPSjt37rQ2I/b7q6/GiH40oB0y9A3R9zR1KGx8XLw0b95C3nl7uPyXh0HRtc1PtkdKSorc0KpF0DaVK1e2fwNBX3zigqd7nOxxdu1hc71fzZqn27tbtx7/Swf7QARv6NqMViIwtCT4RiCyBQgMI7t9KB0CCCCAQAQKjB03QbRHUNO4sWONWT3dhzTefVd7+WP5KnO6fu0VemvY2+Y7daGqSo2aJwNDXRoh0tLDj3SVuLiCMnHC126Tlmjwp3b6Ttqbhlnj85uI9jTqUMu8TA3Pa2TfbuWqFbJ6tffeOjuTl43U1NwtcZGQkCAXXXyxfef33hthb7tu1Kl7hr276d+TE7zYByN0Y+aMGcY42eOFK2P8RQkJAQQiX4ChpJHfRpQQAQQQQCCCBHT5Bg32NOnEKS/3eiFL6fQ9OtfJOS6+5NIsefLzgPayWWnTpk3WZkR8n9eokTxnLF/xzDPPyYJfFsrfGzbJ9BmzpU+f/mYvqxZSZ7i86YaWckGT86RL53v0UJ4lfWdPl0+w0tw5c6zNkH7rEFLtEdWkvc7jxn7l9fktWlxvH9+wMetSJjkd2mvfNICNypWrmMuEBJDVzqITB+lspZq0h10DYdekPcMvvNjL9RDbCCAQZgF6DMPcADweAQQQQCB6BHR4aHdj3UIrjR71pRzwWMzeOjdixNvSqXMX8z3Ee7t0tA7n+fc2451GXeNQk9WzduGFF9nP+eWXBfb2NGM20DTjPUJNm7dsto+HcqNnT/dAWiduOeOMM81P5y73msH2mjWrZczoUfLZZ5/k+VIOGjRbM7Zqvb/9ZlIoq28/S38bVpo/b55Zb93/9ttJ5m/mr7+Oz3R6br16VjaZPm2aua2/uQEDjs8KOnvWLPt8fmzo8N6Zs+ZKYlKi9H75paAeoT3AFStUNK+50hgebE0epAeaXnGFeU7/okD/EoCEAALhFyAwDH8bUAIEEEAAgSgR0PcKraBC/9D75JNZF353rYousdCiRUtZ+PvxwM31XF5tb9iwQVq1vM6+Xe3adexhrukZ6TJzxnQZN36iua7iqwNfEf2EM91y841y8cWXSKsbbjSGUl4i1apVs2fd1HJpj54Gir1e7iMv9eotGiB99dVoY5bSj3wG4cHU55lne9rZ9f1CXWg+1Km6MfuqNXGRPnvo0EF2Ebo93tXevvzypuZwZD2wY8cO0b8E6HLvfTLqyy/kzTdet/NZG5lHM00/az+338WNpVhmz/2f/Xs648wzZdXKldneVuuXfiRd1hhDdK3AsHnz69wCQ2uCpPMbNTbLrL3vJAQQCK8AgWF4/Xk6AggggEAUCRw6dEh0xkwdvte2zS12yV3/UOu6vWL5cnvRdjtzPm/06z/AfsJSY52/ufN+llON5QIuuuhiczH6zz//1D4fro358+eJfqykS1a0bn2LNG16hdQ13qmz1hjUIFzXg9RexmeffV5GG72IT3R/zLos6G9d5sJ1fclvwtRb2KPHyeB0r7Gcia+/OOjd5+RagVOmfC8Tv/nOfO/y0Ucfl0svuSDLLK/a81atenXZa6wj6DUZnsGkJ41h066patVqXgPDZGPZkW5GT3qzZleLBo+68L32mM+aOdNo0yvNW1xy6WX2rc49t549jHaL8Q6s678zdiY2EEAg5AK8Yxhych6IAAIIIBCtArqouqbhw99ym7DECmT0nOu27ocy6aQu2htnpS+//FxcJ/4Y+OpgaX7dyfcPrXzh/tYAum+fl6XZVU3ltOpVjEDwGVmxcoUZgFtl0yBx3bo/rd0cffd/ZaDbdYMHue+7nczHHddZUX0NZdWy1qpV2y6FDgPWyXg0aW/b/xb8Zkx6VMo+rxuLjRlxdUKfWbNmuh23d4y/0Mhp6mcsbj9n9iy59LLL5fHHu0ubtu3sW5UqWUqeeqqHNGjQ0AwKrRMfG2tRWkGfztBb4cSw0tvb32FlkfweCms/iA0EEMhWgB7DbInIgAACCCCAwHGB4cPeNCee6W/8ITm3Sd9XLFe2nN/bNDgxyY3fTCdO6v169nzezqrrJH41ZrQsWrjQXE9RJzrR4OqDDz4yA7CczMRp3zwfN9LT0+Xjjz40P4mJiXLX3R2kffs7pZKxPMR7776T4yeff35jadTofPv65SuWm0Mz7QMh2mh98y1uwdNrQ4dkebIG7/fc08k+vtGYdGb69Gny9FNPyKuDjucvXaq0zP/5V7mg8XlZeg7tC3OwUaq0e7CpveOPdX1Exo37SlatWScljOGl2SX97f3551rz/VANVs87MQts/1cGSKeOHeT661vZt/jyi8/sbTYQQCC8AgSG4fXn6QgggAACUSSgi7zfecfJnpLcFL1fv5NDPnNzH722b79XpGPHzvb7j3qsx9NPmr01+g5dxw53yaeffWme1x7NCZO+lXrnnJllYpd/NuT9hDTffPu9pB05okXKcco03j/7999/ZcqPxydfsW4UZ9QlkFSmTBkZM3a8nVWDnXs732Pvh3LjEaNX10obNvzjFpxq2wwe8pq0bXu7lcWc2fPuu473sOkw4KRCSeYMrpqhZImS8tPUGXLRhY3tnjn7whMbWvdA0yOPdjXvaeXXWUXvuuN2mW30FGpauWKFuE5spMfUcteuXUYP73KZbQwd/fbbb2Tz5k16ykzauz5y5Cfmtk78M/7rSVK27PHlK3bv2S2LFi08kZMvBBAItwCBYbhbgOcjgAACCCCQQ4F69eqbi6xbf9C2bjNkyCCzt9Da196mPr172UsOaK/P2PET5MZWJ5dCsPLm9bfrcMi8vncg99Ng64efprv10k2YMF500p5Qp9KlS5vvUFrP/eSTj61Ncwjw+x9+5BaYadClgZnrBDkffvC+sfRDorz4Yi/zWn3vb9ToseY7rxq0PfDgw5KScsDsRdShm9WqVbef8W826yBu3bLVzqu9fq2uv06WL19mH5s0cYI0aNhQNhp2OtvtD1Mmy5w5syUzM9PO47mheXSiJmuyGdfA8qORH3pmZx8BBMIoQGAYRnwejQACCCDgXAH9w7KuX+cv6VIOnkGfa/57OnbKcl7fgxwy+FXXbOa2TgbSstUN9hqMOhukBiquSWcxzS4lxCdklyWizj/zTE/R99ustHPnTuneLecT2Fj3ycn3492esHt19d27kR++b9/mzWFvZwkKu3XravfW2RmNjRHvDDff52tltKemS42JXdq0aWtMPHOaXH31NeYxz39o798UI0jzl8aPHyuvDHjV7AVsdtXlZi+ta379bVnv2boez277tltby4yZc9zev9VJd95847XsLuU8AgiEUIDAMITYPAoBBBBAAAFLoH37NtnOWNqkyQUyYeK31iVZvnW4aKtWN0pycrK5lMNDD95nvouWJeOJA7e3u02WLlspGnA+8cTjsnv3brestWpWzzK81C2DsbP2z7/t5Qs8z3nb16DA11qP3vIHc0xniB07boLfS157bYi0aNlKapxWQ3RW2aubNc22jn5vmIuT48eNNd+3q1+/gTmE8ojLENuujz4sY8d+bd5de/buaN/O72Q799/XWer/utCccXbTpn9l0qSJUqNmTelmBJ+eSYPQr8aM8Tnc1DV/h7vvMCdW2uNrZlPXzAFua4/nQw/dL71795Py5cuLBoU333SD6PukJAQQiBwBAsPIaQtKggACCCAQpQILFhhLQhhD+jR99dUYn7WY+tOP5nIJBw8elPV//eUzn3ViqzGVv7Wsg7XguXVOvzWweOD+LtLM6CV6zpjJ09+QPs2vAdpdd7Y3eqZKyPfff6eHZNhbb4ouH6Apu+s1zxtGL49OdKNpp9Hr6S39+ssvUtx4hiZ9h0wDsvxIhQsXFp1ERtP+ffu8PkKffdklF8obbw6Td0e8I9u3b/eaL9iDel+dFEbT4cOHA7p86dIlcn2La42ZYsu49Z7pxfPnzZVPPvlItm3dahoHcsMW111j1Gu4dO7UQfT9V11jsI8xu2tCwsk/3u3etdtcB9I1CPV3759//p+/0zk+940RuOpHg/n8+ouCHBeOCxFAwBQoUFDicj53cRQj1qlyrVn6VZv8D6uI4ipSdAQQcLhApTL1TYEtu5ZEtUTdKs3N8q/e9ENU14PCI4AAAgggEMkCgU3nFck1oGwIIIAAAggggAACCCCAAAK5EiAwzBUfFyOAAAIIIIAAAggggAAC0S9AYBj9bUgNEEAAAQQQQAABBBBAAIFcCRAY5oqPixFAAAEEEEAAAQQQQACB6BcgMIz+NqQGCCCAAAIIIIAAAggggECuBAgMc8XHxQgggAACCCCAAAIIIIBA9AsQGEZ/G1IDBBBAAAEEEEAAAQQQQCBXAgSGueLjYgQQQAABBBBAAAEEEEAg+gUIDKO/DakBAggggAACCCCAAAIIIJArAQLDXPFxMQIIIIAAAggggAACCCAQ/QIEhtHfhtQAAQQQQAABBBBAAAEEEMiVAIFhrvi4GAEEEEAAAQQQQAABBBCIfgECw+hvQ2qAAAIIIIAAAggggAACCORKgMAwV3xcjAACCCCAAAIIIIAAAghEvwCBYfS3ITVAAAEEEEAAAQQQQAABBHIlQOT8HJ4AAEAASURBVGCYKz4uRgABBBBAAAEEEEAAAQSiX4DAMPrbkBoggAACCCCAAAIIIIAAArkSIDDMFR8XI4AAAggggAACCCCAAALRL0BgGP1tSA0QQAABBBBAAAEEEEAAgVwJEBjmio+LEUAAAQQQQAABBBBAAIHoFyAwjP42pAYIIIAAAggggAACCCCAQK4ECAxzxcfFCCCAAAL5LZB5NN18RHJS6fx+FPdHAAEEEEDAsQIEho5teiqOAAIIRIdAesah6CgopUQAAQQQQCCKBQgMo7jxKDoCCCDgBIHD6fvNatJj6ITWpo4IIIAAAuESIDAMlzzPRQABBBAISCA1bbeZj8AwIC4yIYAAAgggkCMBAsMcsXERAggggECoBFIO7zAfpYEhwWGo1HkOAggggIDTBAgMndbi1BcBBBCIMoGjRzNk78FNZqnLFj89ykpPcRFAAAEEEIgOAQLD6GgnSokAAgg4WmBPygaz/vQaOvpnQOURQAABBPJRgMAwH3G5NQIIIIBA3gikpR+Q3Qf+Nm9Gr2HemHIXBBBAAAEEXAUIDF012EYAAQQQiFiBHfvWyOEj+833DKuWaxyx5aRgCCCAAAIIRKMAgWE0thplRgABBBwqsHXPMtEF73VIKcGhQ38EVBsBBBBAIF8ECAzzhZWbIoAAAgjkh4AOKd28a5EdHNat0lwYWpof0twTAQQQQMBpAgSGTmtx6osAAghEuUBq2h7Z+N+v5rBSrYoGhgSHUd6oFB8BBBBAIOwC8SIFwl6I8BTAqfUOjzZPRQABBPJSQHsO/9nxPylfoo6ULnaaHRympu0W66PP020SAggggAACCGQvYASGJAQQQAABBKJTQCek2Ze6RUoVrSYli1Qx3z3U9w9JCCCAAAIIIBCcAIFhcF7kRgABBBCIMAHtPdy2Z7ns2LdaihYqbwaHhRKKS0J8YYkrmBBhpaU4CCCAAAIIRKYAgWFktgulQgABBBAIUuDo0QzZb/Qe6oeEAAIIIIAAAsEJMPlMcF7kRgABBBBAAAEEEEAAAQRiToDAMOaalAohgAACCCCAAAIIIIAAAsEJEBgG50VuBBBAAAEEEEAAAQQQQCDmBAgMY65JqRACCCCAAAIIIIAAAgggEJwAgWFwXuRGAAEEEEAAAQQQQAABBGJOgMAw5pqUCiGAAAIIIIAAAggggAACwQkQGAbnRW4EEEAAAQQQQAABBBBAIOYECAxjrkmpEAIIIIAAAggggAACCCAQnACBYXBe5EYAAQQQQAABBBBAAAEEYk6AwDDmmpQKIYAAAggggAACCCCAAALBCRAYBudFbgQQQAABBBBAAAEEEEAg5gQIDGOuSakQAggggAACCCCAAAIIIBCcAIFhcF7kRgABBBBAAAEEEEAAAQRiToDAMOaalAohgAACCCCAAAIIIIAAAsEJEBgG50VuBBBAAAEEEEAAAQQQQCDmBAgMY65JqRACCCCAAAIIIIAAAgggEJwAgWFwXuRGAAEEEEAAAQQQQAABBGJOgMAw5pqUCiGAAAIIIIAAAggggAACwQkQGAbnRW4EEEAAAQQQQAABBBBAIOYECAxjrkmpEAIIIIAAAggggAACCCAQnACBYXBe5EYAAQQQQAABBBBAAAEEYk6AwDDmmpQKIYAAAggggAACCCCAAALBCRAYBudFbgQQQAABBBBAAAEEEEAg5gQIDGOuSakQAggggAACCCCAAAIIIBCcAIFhcF7kRgABBBBAAAEEEEAAAQRiToDAMOaalAohgAACCCCAAAIIIIAAAsEJEBgG50VuBBBAAAEEEEAAAQQQQCDmBAgMY65JqRACCCCAAAIIIIAAAgggEJwAgWFwXuRGAAEEEEAAAQQQQAABBGJOgMAw5pqUCiGAAAIIIIAAAggggAACwQkQGAbnRW4EEEAAAQQQQAABBBBAIOYECAxjrkmpEAIIIIAAAggggAACCCAQnACBYXBe5EYAAQQQQAABBBBAAAEEYk6AwDDmmpQKIYAAAggggAACCCCAAALBCRAYBudFbgQQQCBqBI4eyzTLmpRQNGrKTEERQAABBBBAIDwCBIbhceepCCCAQL4LZGYeyfdn8AAEEEAAAQQQiA0BAsPYaEdqgQACCGQRSM9MNY8l0mOYxYYDCCCAAAIIIOAuQGDo7sEeAgggEDMCaekpZl2S4hlKGjONSkUQQAABBBDIJwECw3yC5bYIIIBAuAXSjuw3i6A9hrxnGO7W4PkIIIAAAghEtgCBYWS3D6VDAAEEciygk8+kpu0yry9WuEKO78OFCCCAAAIIIBD7AgSGsd/G1BABBBwscPDQTrP29Bo6+EdA1RFAAAEEEAhAgMAwACSyIIAAAtEqkJ55SFIO7TCLT69htLYi5UYAAQQQQCD/BQgM89+YJyCAAAJhFdifukXSMw6J9hqWLX56WMvCwxFAAAEEEEAgMgUIDCOzXSgVAgggkKcCe1M2iL5zSHCYp6zcDAEEEEAAgZgRIDCMmaakIggggIBvgfTMw7L7wHo7OKxUpr4US2ZCGt9inEEAAQQQQMBZAgSGzmpvaosAAg4WOJJ+UHbt+9McVqoM+s4hwaGDfxBUHQEEEEAAAReBeJdtNhFAAAEEYlxAew7/27dGiidXkqKFyx8PDo0A8Uh6iqRlpJjfSpBm7JMQQAABBBBAwDkCBIbOaWtqigACCNgCOiHNobQ9UqRwWUlOKmO+e6jvH0phOwsbCCCAAAIIIOAgAQJDBzU2VUUAAQRcBXQpi70p/8r+g1skKbG4JBmBYUJcssTFJUrBAnGuWdlGAAEEEEAAgRgXIDCM8QameggggEB2AjpbqfYe6oeEAAIIIIAAAs4UYPIZZ7Y7tUYAAQQQQAABBBBAAAEEbAECQ5uCDQQQQAABBBBAAAEEEEDAmQIEhs5sd2qNAAIIIIAAAggggAACCNgCBIY2BRsIIIAAAggggAACCCCAgDMFCAyd2e7UGgEEEEAAAQQQQAABBBCwBQgMbQo2EEAAAQQQQAABBBBAAAFnChAYOrPdqTUCCCCAAAIIIIAAAgggYAsQGNoUbCCAAAIIIIAAAggggAACzhQgMHRmu1NrBBBAAAEEEEAAAQQQQMAWIDC0KdhAAAEEEEAAAQQQQAABBJwpQGDozHan1ggggAACCCCAAAIIIICALUBgaFOwgQACCCCAAAIIIIAAAgg4U4DA0JntTq0RQAABBBBAAAEEEEAAAVuAwNCmYAMBBBBAAAEEEEAAAQQQcKYAgaEz251aI4AAAggggAACCCCAAAK2AIGhTcEGAggggAACCCCAAAIIIOBMAQJDZ7Y7tUYAAQQQQAABBBBAAAEEbAECQ5uCDQQQQAABBBBAAAEEEEDAmQIEhs5sd2qNAAIIIIAAAggggAACCNgCBIY2BRsIIIAAAggggAACCCCAgDMFCAyd2e7UGgEEEEAAAQQQQAABBBCwBQgMbQo2EEAAAQQQQAABBBBAAAFnChAYOrPdqTUCCCCAAAIIIIAAAgggYAsQGNoUbCCAAAIIIIAAAggggAACzhQgMHRmu1NrBBBAAAEEEEAAAQQQQMAWIDC0KdhAAAEEEEAAAQQQQAABBJwpEO/MaosUcGrFqTcCCCCAAAIIIIAAAggg4CFAj6EHCLsIIIAAAggggAACCCCAgNMECAyd1uLUFwEEEEAAAQQQQAABBBDwECAw9ABhFwEEEEAAAQQQQAABBBBwmgCBodNanPoigAACCCCAAAIIIIAAAh4CBIYeIOwigAACCCCAAAIIIIAAAk4TIDB0WotTXwQQQAABBBBAAAEEEEDAQ4DA0AOEXQQQQAABBBBAAAEEEEDAaQIEhk5rceqLAAIIIIAAAggggAACCHgIEBh6gLCLAAIIIIAAAggggAACCDhNgMDQaS1OfRFAAAEEEEAAAQQQQAABDwECQw8QdhFAAAEEEEAAAQQQQAABpwkQGDqtxakvAggggAACCCCAAAIIIOAhQGDoAcIuAggggAACCCCAAAIIIOA0AQJDp7U49UUAAQQQQAABBBBAAAEEPAQIDD1A2EUAAQQQQAABBBBAAAEEnCZAYOi0Fqe+CCCAAAIIIIAAAggggICHAIGhBwi7CCCAAAIIIIAAAggggIDTBAgMndbi1BcBBBBAAAEEEEAAAQQQ8BAgMPQAYRcBBBBAAAEEEEAAAQQQcJoAgaHTWpz6IoAAAggggAACCCCAAAIeAvEe++wigAACCDhMoGCBOElKLC5JCUUlIS5Z4uISRY+REEAAAQQQQMA5AgSGzmlraooAAgi4CSTEFZYihctKclIZt+PsIIAAAggggIDzBAgMndfm1BgBBBCQ4smVpGjh8rbEkfQUSctIEf3WlHbi287ABgIIIIAAAgjEtACBYUw3L5VDAAEE3AUS4gpJyaLVJCG+sHlCA8EDh7YRCLozsYcAAggggIDjBAgMHdfkVBgBBJwqkJhQREoXq2G+P0hA6NRfAfVGAAEEEEDAuwCBoXcXjiKAAAIxJaA9ha5B4c7962KqflQGAQQQQAABBHInwHIVufPjagQQQCAqBHT4qM40qj2FBIVR0WQUEgEEEEAAgZAKEBiGlJuHIYAAAqEX0IlmrHcKCQpD788TEUAAAQQQiAYBAsNoaCXKiAACCORQQJeksGYf1UlmSAgggAACCCCAgDcBAkNvKhxDAAEEYkRA1ynUpEHhgVQCwxhpVqqBAAIIIIBAngsQGOY5KTdEAAEEIkNA3ym0Fq8nKIyMNqEUCCCAAAIIRKoAgWGktgzlQgABBHIpkJRY3LyDtWh9Lm/H5QgggAACCCAQwwIEhjHcuFQNAQScLZCUUNQESMtIcTYEtUcAAQQQQACBbAUIDLMlIgMCCCAQnQIJcclmwekxjM72o9QIIIAAAgiEUoDAMJTaPAsBBBAIoUBcXGIIn8ajEEAAAQQQQCCaBQgMo7n1KDsCCCDgR0Ann9GUZixqT0IAAQQQQAABBPwJEBj60+EcAggggAACCCCAAAIIIOAAAQJDBzQyVUQAAQQQQAABBBBAAAEE/AkQGPrT4RwCCCCAAAIIIIAAAggg4AABAkMHNDJVRAABBBBAAAEEEEAAAQT8CRAY+tPhHAIIIIAAAggggAACCCDgAAECQwc0MlVEAAEEEEAAAQQQQAABBPwJEBj60+EcAggggAACCCCAAAIIIOAAAQJDBzQyVUQAAQQQQAABBBBAAAEE/AkQGPrT4RwCCCCAAAIIIIAAAggg4AABAkMHNDJVRAABBBBAAAEEEEAAAQT8CRAY+tPhHAIIIIAAAggggAACCCDgAAECQwc0MlVEAAEEEEAAAQQQQAABBPwJEBj60+EcAggggAACCCCAAAIIIOAAAQJDBzQyVUQAAQQQQAABBBBAAAEE/AkQGPrT4RwCCCCAAAIIIIAAAggg4AABAkMHNDJVRAABBBBAAAEEEEAAAQT8CRAY+tPhHAIIIIAAAggggAACCCDgAAECQwc0MlVEAAEEEEAAAQQQQAABBPwJEBj60+EcAggggAACCCCAAAIIIOAAAQJDBzQyVUQAAQQQQAABBBBAAAEE/AkQGPrT4RwCCCCAAAIIIIAAAggg4AABAkMHNDJVRAABBBBAAAEEEEAAAQT8CRAY+tPhHAIIIIAAAggggAACCCDgAAECQwc0MlVEAAEEEEAAAQQQQAABBPwJEBj60+EcAggggAACCCCAAAIIIOAAAQJDBzQyVUQAAQQQQAABBBBAAAEE/AkQGPrT4RwCCCCAAAIIIIAAAggg4AABAkMHNDJVRAABBBBAAAEEEEAAAQT8CRAY+tPhHAIIIIAAAggggAACCCDgAAECQwc0MlVEAAEEEEAAAQQQQAABBPwJEBj60+EcAggggAACCCCAAAIIIOAAAQJDBzQyVUQAAQQQQAABBBBAAAEE/AkQGPrT4RwCCCCAAAIIIIAAAggg4AABAkMHNDJVRAABBBBAAAEEEEAAAQT8CRAY+tPhHAIIIIAAAggggAACCCDgAAECQwc0MlVEAAEEEEAAAQQQQAABBPwJEBj60+EcAggggAACCCCAAAIIIOAAAQJDBzQyVUQAAQQQQAABBBBAAAEE/AkQGPrT4RwCCCCAAAIIIIAAAggg4AABAkMHNDJVRAABBBBAAAEEEEAAAQT8CRAY+tPhHAIIIIAAAggggAACCCDgAAECQwc0MlVEAAEEEEAAAQQQQAABBPwJEBj60+EcAggggAACCCCAAAIIIOAAAQJDBzQyVUQAAQQQQAABBBBAAAEE/AkQGPrT4RwCCCCAQFQLlChRQnr27CmlSpWKqHpUrVpV2rdvHxHlKlu2rJx22mn255RTTgm7VVxcnDRo0ECSk5PDXhYKgAACCDhFgMDQKS1NPRFAAAGHCGhQ8cADD8iKFStkz5490q9fP5kyZUrYa9+hQwfZuXOnZGZmyoYNG+SLL74wg9ZwF2zq1Kmyfv16+/Prr7+GpUhnn322/Pnnn5KSkiIZGRmyaNEi+f7778NSFh6KAAIIOFGAwNCJrU6dEUAAgRgWOPfcc+Wdd96RM888UwoUKGDWtEmTJtKpU6ew1vq3336TMmXKSMGCJ//Xe/vtt4e1TPrwwoULu5Xh8OHDbvuh2tGgsFq1alKkSBH7kZdccombl32CDQQQQACBPBeIz/M7ckMEEEAAAQTCKLB48WIZPXq0tGvXzq0UGix++eWXkteBz19//SU6HDMnqXLlyrJv376AL129erVokJuXqVChQm63yyufCy+8UM4//3y3e2e3888//0itWrXsbPHx8fLBBx/IkiVL7GOBbIwfP142b94cSNZs85QvlCSFjF5oTZtSD8nRY8eyvYYMCCCAQDQKFCgo8Y78L1zdKtea7bVyE8NUovGHS5kRQCB7gUpl6puZtuwK7g/V2d858nNor9zWrVulfPnyboUdOXKkdO7c2e1YbnfS0tIkMTExt7cJ6PojR45IUlJSQHkDzaROFSpUsLP/8ssvcsEFF9j7Od348ccf5Zprrsnp5bm6TocOt2jRIlf30ItLJibIwpbH/7yg+42++0n2GG1AQgABBGJR4OR4llisHXVCAAEEEHCkwNGjR+WKK66QYx69O/fcc4/ohDSkkwKeQW1qaurJk1G6pe+Z5kWKM/763DUdE0f+XborAdsIIBDDAsZQ0uPvX8RwHakaAggggECUC2gw16VLF7f3zwKpkr63Vrt2bTur9iRqT9bkyZPtY4FuvP322+bkMZ75d+/enWV2UQ22rPcbrfzas+gveesJ9LxGJ9Pxl6ZPny7lypXzlyXLuZIlS7oda9y4sfzxxx9ux/zt/Pfff3LVVVf5yxI15x49o5bceGoVefL3JbJk954sw0aPnogLG5YpJYMb1Zdx//wrb69ZFzX1o6AIIICAPwHeMfSnwzkEEEAAgYgQaNiwoQwePDhPyqLv6OXkPb25c+fKzJkzs5ShYsWKWY7p+4w6M6qVtOdS8/kK7DRg1Xf7EhISrEtk2bJlohPpBJN0shbPHsBgrte8OvnLOeecE/BlOrw1kKT103ckPZMG0Pqe46FDhzxPue3r0hW+ejPVyXVSH7cLA9wpawzRfaRubYk3yjO+6cXy3aYt8saqtW5X69DSvg3PkesrVzKPP3ZmHRljBIe7sgn63W7CDgIIIBChAgSGEdowFAsBBBBAILIFdL2/s846y2shp02b5hYYavDz/vvvi/Y6ektNmzZ1Cwo1j85ieuWVV3rLbgaYOslONCUNdLU30jXpzLFqpe84du/eXV5//XXX0/b2Y489Zp7btWuX3H///aKTy7gmXWIj2IluXK/X7Yfr1jKDQut4yyqVRD+uaea17u2hQeTDdU+X3ktXuGZjGwEEEIhKAQLDqGw2Co0AAgggEG6BefPmyemnnx5wMW655RbRT6BJl9fwtcTG9u3b3SaMCfSekZSvd+/e8vzzz9tDbl977TWpWrWqGSC6lvOJJ56we4t1uY9x48bJ2rVrzVln8zI41t7BxLiC0q56VdfH+90e9fdGeXPVn37zcBIBBBCIFgECw2hpKcqJAAIIOFhAlzE4ePCg6PIFrikn7/K5Xq/bnu/26bBPb8Mj9fmuyfM613ORsr1q1SrxFzxdd911Wd6PHDt2rKSnp/usQoMGDeSMM87weT67E7pEx4wZM9ze/bSu0fdItefQNfXt29d119zW90YXLVpkDu3Nq7Ug9xpDYp9b9Ie8a7wz2Kv+2XL5KeWzPNc6MHv7Dum1ZLlsPJhqHeIbAQQQiHoB9//DRn11qAACCCCAQCwK/P3331K0aNEsVRs1apTbeoU6WYu+I5eZmZklr7cDNWrUEF2H0DXpWod33nmn66Go3dYhly+88ILP8nsOwdSAsE2bNj7z64k+ffqYPX1+Mxknhw4dKgsXLrSzTZo0SYYPHy733XdflgBfM2leHVLrmXQync8//1xuvPFGz1PmzLNbtmyRL774Qp555hn7vP5FQk6T56RB3u5T0BhCGkg+b9dyDAEEEIhUAQLDSG0ZyoUAAgggkK2ABimuC9lrL16vXr38BkOuN33jjTdcd83lLXToYiBJrz377LMDyZrnedasWZMn96xbt67bfXRNw7xKOvurfjSg12GiOnmP6+Q61nO0h1Z7BV988UXRCWa+++47qVmzpnlaJ+tp3ry53HTTTaLvI3799ddSp04d61LzWyedueuuu+Tiiy+WZs2aif4lQk5SKWMm2afPrittAhhKemn5cjLjmivkq382yqvLV7O2YU7AuQYBBCJOgMAw4pqEAiGAAAIIBCqwcuVK2bFjh9tC9joU8aWXXhJdy9Bf0pkwPRdB//3330Xf3wskDRkyxM6mwcmCBQtE34HLr6QzjuZl4KaT5xQrVsytuNmZuWXOZkeXGHnrrbdEh3p6DgG2Lk1JSZFrrrlGfv75Z3OZjeXLl7u1pebTJUc0gNW21m+937vvvpul7Nr7u27dOnn55ZdF318MNulSFYEEha731fwHMzKl7x9MPuPqwjYCCESnQDyrGEZnw1FqBBBAAIHjAp999pm49vJpr9PTTz8tAwYM8EukwYPnEgdPPfWU32t8ndSesNzOiunr3tZxHSKbl6l///5Zble9enXz/T9fs6FmucDPgW3btpnLUHjLor2EP/zwgzlsVYNDncRH34X0Nly4fPnydnC4c+dO0eHDY8aMMYPDzp07uw3p1PbUwFCDTQ2kg0nDV6+TO2pUt2cm/XrjJhm2+k+zZ9C6T9MfZ0g3Y4mKG0+tbB7KMOox3MhDQgABBGJBoGAsVII6IIAAAgg4V0BntvScLKVnz57ZgriuM6iZtadw9uzZ2V4XKxlch+C61umKK67wul6ja55AtgcNGuQ12y+//GIGgtpbq0Hhww8/LDpJjreg0LqB9sRu3rxZ2rZtax7Sns17771XLrzwQtm9e7eVzfzWoHPkyJFuxwLZ0bUIh65YLav27ZdWM+bKU8Yi9/uPuE/Cs8/Y7/7bYrlp5lxZs3+/DFq+imGkgeCSBwEEokKAwDAqmolCIoAAAgj4EtCF00eMGOF2WodI6vuHvpIGI57DKAcPHuwre46Oa9Cz3wgecvI5cOBAjp4Z6EXaw6o9q76STgIzZ84cX6cDOq7vDOpajFbSxe21V/WCCy6Q9evXiw411eG3w4YNyzLUVJej0KGjrklnoB09erRMnjzZfldRg0xdA3HmzJlmVg0KO3bsmKPAUG/w7tq/pOX0ObJy7z7zfjrJjGsqeGJ32Z590mLaHPngz/Wup9lGAAEEolqAdwyjuvkoPAIIIICACugQUF34XIMHKz333HMyf/58c8iidUy/q1SpkmUhdV2eQmfRzMv07LPPZgluAr2/Bq0TJ04MNHtQ+cqWLSuvvPJKttdceumloms1Bjsk0/XGOiT122+/lYEDB7q1Q9euXeXVV1/NslSIXjtlyhT73U+dvEaHhbomXWJDewk1uH3vvffM3mJ9Trdu3URnKNVhpnmVMo1A0zUddd91PcU2AgggEP0CcZJwzImfM6tcf0w/RgvywYDfAL+BmPwNVCpT/5h+nPLfOSMQNDqM3JMR8B0z3ptzMzBmrXTPZOwZQYpbnmDNjNlQs9wzrw8Y7+FlW0ZjuQ63xxq9plmuMXrp3PLojtGreczo4ctyXA9MnTrV7R56T9ekzwzUy5g45pjxnqDr5W7bxvDTLPcyhoW65XHdMd5jPHbzzTdnuSbQ8gSSr2LhwseqJCcf0+9A8pOHP1fxG+A3ELW/AScGhVpnAkP+pY3af2kJ4vjDWYC/AacFhvrvtDFc0TVuMLf/+++/Yxq46fm33347y3lj1stc/6aiJTA0ZvPMUn89YPTgmQYffvih1/Ovv/66bZSTwFADwo0bN3q9tx7U4NJYcsJ+hud/n43ewWPGe6Q+r9dg39/1nvdjnz8D8BvgN8BvwMtvgMDQC0qAf+jiB4UdvwF+A5H8G3BiYFi5cmWvAYSxkPsxY1KVLIGF9ihWrFjRZ0ASaPtGQ2BorO+Ypf56wFgM3q3+06ZN85rPmAHUzBdoYGgsh3Hsgw8+OGa8a+n1ftbB6dOnHytevLhbGby5G0NgjxnLWliXef0+ePCg+cxy5cplez9vz+AY/03nN8BvwMm/Ad4xNFqfhAACCCAQGwI6c6W+a6br57kmnfRkxowZrofMbV3uIC/XBnR9wNVXX23Otul6LNBtnZhlxYq8WxvP6CmVBx98MMvjdTZXXRjeNeki8TrxyxlnnOF6WN5//31Zs2aN2zFfO2PHjpVbb73V12n7uM4eqpPctG7d2j7mb0MnGdKJa9q3b+81m06oo23aqVMn+fzzz+Xuu+/2mo+DCCCAAAJZBQgMs5pwBAEEEEAgigV0lsv69eubAYK/aujEJroGYn6ln376STIyMvLr9gHdt1ChQrJo0SJp0KCB1/zG8EtzGQjPkw0bNjSX7zB68uxTBYwZOo3exIDMjB7agAJDDeD0k9dJy6ozlpIQQAABBAIXKKBDSQPPHjs561Q5PsvZyk3fx06lqAkCCCDgImAMJTX3tuxa4nLUOZu6hIEuu+At7d27V3ThdM/1D73lDeSYMZRUdNmM/Ey1atWSdevW+X2E8a6e28ysuuyF57Ic1g10Fled1dNXatSokWiAp0GWa1q6dKnUq1fPPqQzumr9PZP2LtauXds+rGsP6gL0oUh//PGHWxlD8UyegQACCES7QGj+Cx3tSpQfAQQQQCDqBHQooa+kQw6bN2/u63TMHP/oo4/EeO/OrT7Gy3nmsFJ/QaFe8Pvvv0vv3r3drtUhurr8RCDp2muvNYPlxYsXyw033CC6pER+JWPmVGnXrp0sW7ZMUlNTHdG2+WXJfRFAwLkCDCV1bttTcwQQQCAmBYxJT8y18HwNn9RK63qH33zzjTk0Ut9v08Xoc5N0yKgu1p5dSkhIkPPOO88tmy7mruvyZZe0lzPYZCxDYa5DuHDhQrO3Tns1NSD+f3vnAm3JVRbo3X1vvzvd6bwf5EleQhIhoImBITiCiIIwwsA4uGBYgGtGZYkgLJY6MMwMiIPiOMyIjgMsVFjLmaCLh4KPDAkgQRAICSY8JMGEJJOkO89+377d8/9711+1a1fVuafOqXtOnXu+Svr+59//fn57/+fUrl276oYbbhgqK3lgjZ/UKUudFOr7B+XhM0OllYfauC1btuRxr7nmmvyzffjEJz5hH1tJ3Re5a9euUhp9f2GX7zAsZY4CAQhAYA4IMDGcg06miRCAAATmhYC+6P4d73iHW1wc7udNH7Qir7Pw+xE//OEPD41JnnrpXvrSl5bif+hDHyrpdYo+VCadGOrDV/T2zJUOXRGLD50Ead1XOm666Sanewl/8Rd/0U8KH3rooZWSlOx6O+7LXvYy9973vrcUPq6iK5fPf/7zR8rm+uuvd3UTzZEyIxEEIAABCHgCw/1yAgsCEIAABCDQYwLnn3++04fJyEvga2upe+301tLXvOY1lUmjPqBFJ3Wvfe1r3fOe9zy3Z8+e2jziwKuvvrry5NPY3ubzq1/96jbR87h33XWX++hHP5rrgz7opLfNxDfOS1cdu54UxvnzGQIQgAAE+kGAPYb96AdqAQEIQAACIxCQdxM63V+mD2VpmhTqbZRnnXWW+7mf+zl33nnnOb11s+646qqr3P333+/30Gk8jnoC6cNo6mMRCgEIQAACs0aAFcNZ6zHqCwEIQGDOCegE8K1vfat7wQte0PjETUWkD13Rd9rF+86+973vuYsvvti95S1v8XmkT8lUXVcN9Z/e3vn617++9v2H89wFulraxaETzFFfVXHmmWd2UQXygAAEIACBiAATwwgGHyEAAQhAoJ8E9EEjb3rTm9wrXvEKd/rppw+spO5d08mgvty86XUU+rRNvbVUX3p/zjnn1Oanr2S47rrr3L333uv3Ler7Ee3Ql8/rS9zbHvpaB31CZ3zceOONTiesbQ59LYWulK7WsbCw4B+Io3J5edlztNdSnHDCCaViNXzU433ve9+oSUkHAQhAAAIdE2Bi2DFQsoMABCAAge4J3Hrrre60005bMWPdd6cTL33gykrH7bff7s4991z/SoY3vOENTl9hUXfoRFSfyPn2t7/d6cNj9NBbV1/ykpfURR8YduKJJ7rdu3eX4vz6r//60K+AKCVcRUUng/oAnyYmcdHDPAAnjs9nCEAAAhDoJwH2GPazX6gVBCAAAQhEBHTiNui47bbb3Ctf+Up39tlnDzUpjPPS20q3bdvmXve61/k9hrEt/jzsKx7iNLP8+Stf+cpQ1efBNENhIhIEIACB3hNgxbD3XUQFIQABCEBAn6j55je/2V122WU5DH3tgj5N9G1ve1tlFS6P1OLD7/zO7zj9p3sX3/Wud7kLL7wwT637FUdZIcwzmMEP1157rX8H4qCqf/KTn/SsBsUZZPv85z8/yNxo03Fw3HHHNdoxQAACEIBAewJMDNszIwUEIAABCEyBgN4ievPNN7svfvGLTl+8/rnPfW5VaqGvgNB/+r5B3Vd45ZVX+v2K+nL4cY8DBw64T3/606VsvvOd75T0cZQ77rjD6e2qdtx55532sbX8wAc+4FdS6xLqLbvajjZ7I/W1F/rPDuWpL6of5Xj/+9/vXvSiF+VJ5201N284HyAAAQh0SGDdgttwrMP8Ziarix/3o76ut37vz2emzlQUAhCAQBsCZ5z4JB/9nj0r77drky9xIQABCEAAAhBYewTYY7j2+pQWQQACEIAABCAAAQhAAAIQaEWAiWErXESGAAQgAAEIQAACEIAABCCw9ggwMVx7fUqLIAABCEAAAhCAAAQgAAEItCLAxLAVLiJDAAIQgAAEIAABCEAAAhBYewSYGK69PqVFEIAABCAAAQhAAAIQgAAEWhFgYtgKF5EhAAEIQAACEIAABCAAAQisPQJMDNden9IiCEAAAhCAAAQgAAEIQAACrQgwMWyFi8gQgAAEIAABCEAAAhCAAATWHgEmhmuvT2kRBCAAAQhAAAIQgAAEIACBVgSYGLbCRWQIQAACEIAABCAAAQhAAAJrj8Di2mvSsC1aN2xE4kEAAhCAAAQgAAEIQAACEFjTBFgxXNPdS+MgAAEIQAACEIAABCAAAQisTICJ4cqMiAEBCEAAAhCAAAQgAAEIQGBNE2BiuKa7l8ZBAAIQgAAEIAABCEAAAhBYmQATw5UZEQMCEIAABCAAAQhAAAIQgMCaJsDEcE13L42DAAQgAAEIQAACEIAABCCwMgEmhiszIgYEIAABCEAAAhCAAAQgAIE1TYCJ4ZruXhoHAQhAAAIQgAAEIAABCEBgZQKLbl5f5zev7V55TBADAhCAAAQgAAEIQAACEJgzAqwYzlmH01wIQAACEIAABCAAAQhAAAIpASaGKRF0CEAAAhCAAAQgAAEIQAACc0aAieGcdTjNhQAEIAABCEAAAhCAAAQgkBJgYpgSQYcABCAAAQhAAAIQgAAEIDBnBJgYzlmH01wIQAACEIAABCAAAQhAAAIpASaGKRF0CEAAAhCAAAQgAAEIQAACc0aAieGcdTjNhQAEIAABCEAAAhCAAAQgkBJYTAPQIQABCEAAAn0icMaJT+pTdagLBCAAAQhAYE0SYMVwTXYrjYIABCAAAQhAAAIQgAAEIDA8AVYMh2dFTAhAAAIQmAKBe/bcNIVSKRICEIAABCAwXwRYMZyv/qa1EIAABCAAAQhAAAIQgAAEKgSYGFaQEAABCEAAAhCAAAQgAAEIQGC+CDAxnK/+prUQgAAEIAABCEAAAhCAAAQqBJgYVpAQAAEIQAACEIAABCAAAQhAYL4IMDGcr/6mtRCAAAQgAAEIQAACEIAABCoEmBhWkBAAAQhAAAIQgAAEIAABCEBgvggwMZyv/qa1EIAABCAAAQhAAAIQgAAEKgSYGFaQEAABCEAAAhCAAAQgAAEIQGC+CDAxnK/+prUQgAAEIAABCEAAAhCAAAQqBJgYVpAQAAEIQAACEIAABCAAAQhAYL4IMDGcr/6mtRCAAAQgAAEIQAACEIAABCoEmBhWkBAAAQhAAAIQgAAEIAABCEBgvggwMZyv/qa1EIAABCAAAQhAAAIQgAAEKgSYGFaQEAABCEAAAhCAAAQgAAEIQGC+CDAxnK/+prUQgAAEIAABCEAAAhCAAAQqBJgYVpAQAAEIQAACEIAABCAAAQhAYL4IMDGcr/6mtRCAAAQgAAEIQAACEIAABCoEmBhWkBAAAQhAAAIQgAAEIAABCEBgvggwMZyv/qa1EIAABCAAAQhAAAIQgAAEKgSYGFaQEAABCEAAAhCAAAQgAAEIQGC+CDAxnK/+prUQgAAEIAABCEAAAhCAAAQqBJgYVpAQAAEIQAACEIAABCAAAQhAYL4IMDGcr/6mtRCAAAQgAAEIQAACEIAABCoEmBhWkBAAAQhAAAIQgAAEIAABCEBgvggwMZyv/qa1EIAABCAAAQhAAAIQgAAEKgSYGFaQEAABCEAAAhCAAAQgAAEIQGC+CDAxnK/+prUQgAAEIAABCEAAAhCAAAQqBJgYVpAQAAEIQAACEIAABCAAAQhAYL4IMDGcr/6mtRCAAAQgAAEIQAACEIAABCoEFp1bVwkkAAIQgAAEIAABCEAAAhCAAATmhwArhvPT17QUAhCAAAQgAAEIQAACEIBALQFZMeSAAAQgAAEIzD6B9esW3NZNJ7jNG3e4jYvb3eLCJrd+/WR+5vTem2MDELa1p/HRy3yH5WHxTFoXmZ7Kce1pfuih3+AAB/1+ZBx0Pw7sO6uJb1v7ZH4xrVZICEAAAhCAQMcENi5udTu2nu62bz6leuah0zX/iymnJMfkQ+OZyXj2Y+sGp29rP5bUM02PXQZRdCbUxMc4TcpelBfqV+hhfBQ6du+a2Ti3/oFPOi5MZ/zo9/fUx4d0hx7VemT9E8wTt7vs90e/EvVI69fGzsQwMOQvBCAAAQjMIIETtp8jk8Iz8gnfocN73aGlx9zS8n535Mhhd/TYkdCq7AQ0b+K86zmI7EPKA3uZwLT5lGuDBgEIQGBVCDAxXBWsZAoBCEAAAqtJQFcJT9pxodu4YZsvZv/BB92+Q7vdkeVD5WL1Sqod0UcfNO+6cTGZ8rBwkz22a9X8VXKrayLb2n38KI80/VTsaX1mQDdOJq3KpqdyXHuaH3ppYb35hgkBHy3AE2+OeTAxtG8hJAQgAAEIzASBzRt2uFOOv9itX7folo7sd4/uu8cdXj4gZzard6uo3YrTfMYkp6CUn6/cVjmtLh+7FbFargxpGRZt7XYrluWXpsceuK7Exzg18evaXuRn/W4yjD/sxiOV8OnFrarSDeVbrE2fXP8wMRTmHBCAAAQgMBsEdKXwlOMvcQvyUJn9hx9xD++901fc/57a6qAoQc/alOsaKkeuB7XQq3YN0ZPJIMe3l/OzfE2uy+tdHw97PRf4BS6MD8ZH/H1lfmGyfnz4Lx3/PdeNvcgvlFvoIf9Cx67jteBR5mPhJvXiShzfwk2Oa/cXP6U6TAy1UzggAAEIQGAmCJy04wJZKVyQSeHD7uHHwqRQK24rAdaIrvR0M3+af1t7Gh89ELX+ggc8lMDMj4fQjf72zNr29MzuJxfifLn/JfVra8+S5/ml6XtnT9vbE904mbT+MT2V49o1PyaGKVV0CEAAAhDoJYETjjtX9hRul9tHD8hK4V1ypdVfPy3qmqh2JTWPMMd2bbo/2c5hyIeIR1t7Gh+9zHdYHj5e1hVx/1j6ru1pfuhhMtTEeyw+1q8mJbNSfhZuEvt0+Vg/zLnkBfcyADggAAEIQKDfBPwrKbacLpU8JnsK7w6V1T19ek3aS/2I3sTDX0kewKetPY2PXh5/w/KQB/D7cdsUv2t7mh96mT884OH3GuovjHxfzuN4YMVQO58DAhCAAAR6TUDfU6grhAfk6aP6oBl/5T3bc6ErLehyHgOPbBwwHvCH7vzBDyr5dmzyr7b2ND56+OkxvsPyyO8Y0cEuR5q+a3ua31rVmRiG8cRfCEAAAhDoKQHdU+hfXi9XcPcefEDOAOQ6rj/zlY9ZndEFhF7sNx6pTHlh9wRyXtPmk/YHerl/pswjK77Rv9ra0/jogYD547A8LJ7JNL2FmxzXbvmsZcnEcC33Lm2DAAQgsAYIbN10glycXecOLu11R44e9iuHvlnZleK8ieg5itoPKZ80Uo/tWrV4D15d1dvYfX5RJmn+U7Gn9ZkB3TiZtCqbnspx7Wl+6OFiEBzgoJPeLsYBE0P7lkJCAAIQgEAvCeh7C3V73KHDj0r95EPtL6D8JGqkxl9G7LPMR28TG1T/tnZbYbbxkqbHHlxtJT7GqYlf1/Yiv+yrIPN3Kx97ysX04D/wMR6phI9+v+r4YGIoY4MDAhCAAAT6S0CfRKrzgiV9ib2eqYb/ixWkXJcPeuR6UAu9atcQ/TEMcnx7OT/L12T9e8Li8kkf94dxMwk/xgfjo/i+ML8wWe8f/svNf891Yy/yC+UWesi/0LH7XxT/R8dtmY9xMrna9uqeyOL30X/SH1k5mBh6DPyBAAQgAIG+Elhc2CgXM4+5I0cOya+rLheGk8N8w88YesitOb+29jQ+uu+uMIkXGPCAhxLQyY0t/s+krpWWo3E8B3Nv7H7yEftfUr+29ix53r40fe/saXt7ohsnkzaeTE/luPY0vzqdiWEdFcIgAAEIQKA3BBbWbfCXno+6ZZHZ5VetXfTRV3aOdX+ePaD9be1pfPRsMpN5xbA8fLxsqPrJUJK+a3uaH3qYvHkO8qdTHtavJtP8Ldwk9jJ/42JytflYOciB/cB7DGWAcEAAAhCAQH8JhHdJSf38aqFe9s6um6IrFM/DExnAo609jY9eHn/D8kjfg5b2V9f2ND906SnxC+sveMCD8TDYH1gx7O+5EDWDAAQgAAEhoE8k9Ue2R6PYY5PumUFXUvDJVoYYL2FlwFZi4FHLwwd6v6n//mhrT+Ojh6/vdA/dSnp+d0j29Z/G79qe5jevOhPDMF75CwEIQAACPSWg+wv9YVf+RZn5PUp+BufXj0LT2uqBSL7Hp8IDe+BqHFK+Fm5yte1WDtITyDy6GL9T5pIV31iftvY0PnogYP0+LA+LZzJNb+Emx7VbPvMsmRjOc+/TdghAAAIzQMBfx9cTd1s5tDprWHzMmx63XT+n7Z8hu1bdT27TOmd6W7uPH+WVpp+KPa3PDOjGyaRV2fRUjmtP80MPF4/gAAed9E5iHDAxtG8xJAQgAAEI9JJA2BckP4m6ctj4y4h9lvnobWKD6t/WbiuoNl7S9NjF1aMzzSY+xmlS9qK8UL9CD+Oj0LFr/xU84OP3DgqGMhfT4TMsHyaGMmY4IAABCECgvwTiPYa+lvIb73//9Y8euZ4F5HoRTy3+5LYUv7095JOmMz3do2ThJrHDL5zM13NgfNRzwX8Cl/rx4b8Ms++3On5t7UX8wL3QQ/mFjl15FzzKfCzcpP7+xPEt3OS49vyOGl9IUS/Lf1g7E0PtVA4IQAACEOgtgXiPoVXSrpSvpOuiiB5N8dva0/joZb7wgEfsbzM7HkI3FnsO/YzLL0Z5S94uizdluz/5l0pV6pXVr63dkll+afre2a0frGI90ZPq5P2Thpue87aARK5kT6KPpDIxHAkbiSAAAQhAYFIE/HVWPfGa4z2G/rxT/8RHpLe1p/HRs4sHGd9hefh4kqYpftf2ND/0MBky/p3ysH41KZmX8rdwk9iny8f6ATm4H1bgw3sMBRAHBCAAAQj0l0DYYyj1808nlWum0VNK/WnhHOj+SvGA9re1p/HRy+NrWB7pe/FsPFr6ru1pfuhCWvyiiTd84MP4aOcfrBj291yImkEAAhCAgBCI9xj6K/Z2ZT7bs6G3iYbwsIcDHR6MB5kv4R/+eyH8aebR1p7GRw8/UzbehuWR3wGizipHmr5re5ofegY+E8aDiWEYj/yFAAQgAIGeEoj3GPqVAamn7Rlcs3rWF43tw+4J9IZP2h/o5f6ZMo+s+HyPVz5uzLBC/SyapUMPBMblYRxNpvlZuMlx7ZYPspkAE8NmNlggAAEIQKAHBOZ2j2HK3q7spuGm99iuVfOTeatrItvaffwojzT9VOxpfWZAN04mrcqmp3Jce5ofuviFQIUDHPoyDpgY2rccEgIQgAAEekkg7BOSUyfdY9d4BoW9z3z0NrFB9WtrtxVjGw9peuziytGZZhMf4zQpe1FeqF+hh/FR6Ni1/woe8PF7BQVDmYvp8OmKDxNDGVMcEIAABCDQXwLxHkNfSzkH8OcHFamhclTCLf7Kdo2hJ2MqFxc3u22bT3QbF7e7xYWN8Xm2zUeQyisgR84gh+Xlw+7Qkb3uwME97vDywTCes/FvflDIdA+v+ZXJ1bHPux/KsPJHk5+1tafx0QMB4zssD4tnMk1v4SYH2Y9EfrgkfugP/RHSI5fZh1wP5q7tTAwzrggIQAACEOgngXiPodUwv5KeBZg+rl1/vPU4btvpbtumk4Iif8OqZZgEaaCVZ/HRPSQ/OYTP7IyPhfUb3NaNu9zWTbvcvgO73aP779Xu6834Pm6r+OFm8UM9GRZns++Csf3Nt9Jn6T9V8uuZPW9/Wq9Mb2u3ZPb9labvnT1pd6V+U7JbPUzmPC0gkU323A/FF/cdLPwwST4RlYnhRDBTCAQgAAEIjEpg0nsMd20/223euNNXd9/BB9yBQ4+4peUDo1Z/qHTZeW9j3Lb2ND56MQlQyMPysHgmrYNMT+W49jS/1dY3LmxxmzftdNs3n+y2bTnZr4w/uPfOwEcKL5U/Yf344852W8QP9WTa/PCI+KHqpXqhw0PGwCyPi4F+uMrjW7L3h/HjPYZGBAkBCEAAAr0kYKt1fo9aWDYI9RzwXj8fYQT7jq2nuc0bdrgjy4fc7oe/7VdQlo7sX7Xy/OlM9B4209P664/2oPandvQyr1F5hLHn/5b4W35d29P8Vls/vLzfPbrvXvfAI//ojhw55DZt3OF2bDnNn2T7PUuZvzW1d7XqpyuF6odLuR/+P6d+uFrlTbp9lBf8k/6UkSDf/4flgkfww29nfrgz88NgX83xoqvwcf6sGOqPLQcEIAABCPSWQLzH0K8U2MpFx+9pW1zc4ldO9Efykb13uaWjuudqXb7nUB/QsZrlkz98pzW+dCXu4X13uZN3XuBXDg8efrhmz+Fk+kf3FG6X20fLfijnzw3+551SfLYre5ofevhpML7D8rD34jXF79qe5jeL+hHZX/iI+OFJ4ofbZQVf/bDYc6jfDnJkYrXax8QwYOYvBCAAAQj0lIDtKworGKGSlT1B/oxaTg6zNoxi37rpBCnimL9tTVdSNLNx8huY3uppMq2/hZvEXu4P42JytflYOWtY6orc3gP3y56+k90W8YXD++4uxv8E213yw2y1PvfDhnpkwY31bWtP46MHAtYPw/KweCbT9BZucly75TPL8nCNH06yPUwMJ0mbsiAAAQhAoDUBv06hJ/76yoP4SNT8SqrFaWnftOE4X8aBw49KDpK4ZfrW8a2eJtPyLNxkj+1aNT8Zt7omsq3dx4/ySNNPxZ7WZwZ042TSqmx6KnXsb9tyijNfSO0rpU/jj6Jr2XqXgNZFpU4WRsmHdHCb1XFzcAU/XM12MTG0bzkkBCAAAQj0kkDYhyI/hbKa13yGOL5dnwyny1J+T2Hll3f8/Fe7/tPMX28zG1R+W7ut+Fp/p+mx+6Ga+0MTH+M0rH3Jr5QfcwsL4gu69yjzg2HTF/FD/Qo9jI9Cb7arH6rPx35o5Q+TXmeS1XjDl096+E17/IQ7VmI/nNz4ZWIo300cEIAABCDQXwLxHkNfS/mNlP/9yV9ZqibHAHs5fjkfXZH0OWRSTw7K8dM9VtjhE4/DtTE+mv1gMu2bdvlVvzc/X532hy8dHUf1+be1F/FDvQs95F/o2MP3ffjZMP7GJ5Wrbddx7w8TmV73+xfHK+ppCUM2Rbjpw9mZGGa8EBCAAAQg0E8C8R5Dq2F+RTcLMH0lu95epofFL+vR09n0N1RXHnzspvjY4RMGSP14mtHxka8UZv7Q6C+r1L4uyje/NZn6s4WbnLLdn8TH3zdWr0y2tVsy8880fe/saXt7ohsnkzlPC0jkuPY4O/vdMxnbVvMzE8PVpEveEIAABCAwNgF/nVtP3OyKquWoYfExtp5lYOWMnV9ROc3KTx6KoOxyfQhoa0/jo5f5DsvDx5MuaIrftT3Nr496ZcUu4jOJ+nZWvtXbpFS+VH8LN4l9unysH5C+Hxr9oCUfie4PnbTWjf/M7C+Cqp33GBoRJAQgAAEI9JKAX7fQXzXdY+iX8bLrsjOk+xoPqG9bexofvTw+huURxlaxUmzjy9J3bU/zQxfSukKo3zxeosOD8dClP+iK46D8UjsrhvplxAEBCEAAAr0lEO+x8Fc87cq+rOx1qVeu0Hacv+1R0ZXDUO9u60/+8OzCH6p+MNnxmpYflk9k3tjgj23taXz08NVvfIflof3kj0yk6bu2p/mtdd1+90xOqr1MDHt7KkTFIAABCEBACeR7LOzKp4b5M2CRGaJu9OjK6rj5W71MpvlZuEnsvjPz/jQuJlebj5WDVIeLVhgCkMZ+WQ1eNeVnxRT+npTb1p7GRw8ErJ+H5WHxTKbpLdzkuHbLZx6k/e6ZnFSbmRhOijTlQAACEIDASARmdo9h2lqd3Aw6emz387IB9Wtr9/EjFmn6qdjT+vRcP/uUq9w1l/2Sr+U/3f8Fd8Mtv53X2Pil0iKk4aZ7e7YypysUFj5JaeWa1MnEJMunPHi3GW91ftgmfdN4s/Fvsile1+FMDO1bEgkBCEAAAr0k4NcvdElQVhKazxC7tNeVM1r+mzZud48/7ZlS75B++diS++Zdf1nTjiL/7ZtOdmefemVYDpXgu3d/1T2y/54Jtl+GgZTrl2cyqbeJDeLf1m4rvFZOmn4Y+4Vn/IjbsLjF1/O+h291ex69Pa/3MOkHta/v6Z9x+S+5Z1waJoXqtOfIJFH754avy+RQhq/Vv5Dl/ivCQz+X+YvH+X43qfmF9NV05fTd2K1ck+OXv3HjceKH1+Tjw/ywqG+1fWU/XCd++BXxw7sH8i3yMy4mq/mX+2l27cEPtwqXY878sMphdtsX+qm+/sP7YX36glOd3ca/yjq7+kXH40uyY2IoEDggAAEIQKC/BOr2WPjfQ/lTlukes3Z2uzJrUn90x83/+G1nuxc9/XdLcD/2hTe4m++41v+o1+V/5slXuBc9rUjz8b97o/va7f/bnxyU449fv3J+4/HTk5dyfqtbvxc//ffc4sImz/a2u/7CXfu5fzfR8rsYH2Vew/ELJ6OvK40pVZ6hq4fSB7pyWM7X+mG4/G38myzaOVz6Ir6Va3K49FauySK/4dIX8a1c547fdtYQfljOv9kPi3zLnMsjZ1vxAAAoD0lEQVTprR6+M6R/mvyjrb2IH+pR6KH8Qp+MPfXDj4gf6tHU/knXryivzMfCTVr/mJ7K1L6SH37GVvB1kOihkzsvg0jzT+32u2cyta+UflQ7E8OsfxAQgAAEINBPAvkeC10xzA496fBXcjvV5cqs5ifldJW/X2XL6mjix3/gHe6bd/+VO3jokVCeFhm3J2qnpfE105WgLKAUP00/L7rB8VLhZP23htuvk79nXFqdFBoKbxMO+cphZmg1XvLxPyWew5Rv7TIZ+4+E5X6S2YuQPMB5P/ye+OFh8cO69FKP9LDvIrPksi69JDa7P0kXxfRUtrVbvSyfNP3E7VagtNAYaVBev8zeNz2vdkP9mux6C/dQfmiTwzSjIXTjaHKIJJ1E4XUVnWAkEwhAAAIQWC0Cep3XXzXVK672T8+E7LO/Ejtd3V+LbqpPAkZXuZ77lP9Uqn81fTlRakfXM/H4KPe/8bFxY7qNGdO7tqf5dalfc/nrw6pg3Oyazzp5PPeUH/Ljq8vylV1v8st8rbE+iV1gVEh5P3xq8MPKeDBfTlLl5SX5N6XP42ffV7m+ltKXGAU/bGxn2u4Z1Fv54amJH65Ce5X1IN5t7UwMSwMaBQIQgAAE+kbAVsvC6ptcc7Yr+V72Q/dXwpvqUwP00nNf6M466SliCfWvTR+lS+3oERz7GPE3PmHsZCtfE7Cn5XWp+32E1tYVpL+tVNrbZflhRVbI+nylAjOUfxMu88Pm8VJOCc+a/i8hqrHP4HhpGg/a/6P54er5i64oDqpvWzsTw9KARoEABCAAgb4RCFdDpVZ6ZdSuvGslZ0CvW6kwvj/1tPe4hXUbsnaU22NxTPr1jgHt3SgPYTll1/e5zRuOq81vpfRqX79+gztl58XulOMvcevXyelBQ3kbNmx1J++4wO3YdkZjfyysW/T5HLf5lFb12bLxeHfy8Re5k3de6DbKg3sG9rfBMdlQ39AOiTTrdmvnsHJG2utXNLRNDfVta0/j+++PAcyCH8rOqqz8OH2azH8D+XhFfeP4Gxe3ulO9H26vzW+l9Gpf8H54UeaHC1It7wWV/IIfXuh2ej+sr49+v6g/H7f55Er6uvZa/bZs3Jn54UVOH6AVf39YfYL0lgiT5JDV1+ymp+Wl9lnRo8YO9dHaPyvtY4/hUN1KJAhAAAIQmBaBfI+FXRmVilT2BOn5iV6szio5mj268rpSflaOyTR+Fp6vbpoeyR1bz3Q/9IR/6z739feU2yPtTI+wUhG1TyLs3Hame85T3iorj091WzeflCc5cPghd++eW9zf3PQOd99Dt/rwmMfzrnynO++0f+bDb77jI+7GW3/fPfuKX3NXXPCyPI/f+siT3D9/0pvyeLfe+XH35W/9sXv+Vb/pzj316jzeoaVH3a13fsL9+Zd+xbmjR91Fj3uOe/qlv+BO2/VEmVyGU4yjx464L33rg+76m3/LHV7aG+qT5aAtPeOEy91V3/ez7vvO/vE8jRWg+f/9t/7Iff4bv1fek2kRcqmdn/WfhBnBtST1oTK6t2mlFYv81RWj8rB0JifA07rR95eVa9KMA+phUay/K7rk1XSU/DCOVJMm/y7K4mmurfwwyn8kP/wn8cNvD/DDL/6KuMFRd3FLP9RqDeWHt4kfyp7M5kN8sIabxW/uBYvRf9nWDwfxGNRaS2dyUNwubUwMu6RJXhCAAAQg0DkBf71cJ15yJbp0JGq4rB3FaG3PElg5K6WPivIf0/gaaHllcW+6/U/c5ee9KJ8A/fDlb3S3fPfP3CP75DH4lj5JE5KK0ewScMXjf9o99wf+c55Plr0XWzbucuef/gz3s/Lvhlve7T77DzLxlJNFS3/arsv8Uxo1sq4QvvI5fybykjgLX+843vnyqP8fvOhV+VNALfKmDTvckx//r2WVY6O784Evuef94G+YKZc6Qbzy4lf5lZQ/uu6nfbg2RU8SLzrzWe6lz3hfHjf9oPk/7Yk/7y4774XuDz71fLf/0B4fJUKRJVE+Rajlb/nNqm71VqkTvj+87qV5+5VfbI9PujU8rNAEzhbPJ65JZ/Y4XV36OF5d+V3YrVyTXZSjecXH18QPL6vxw0fFD628NI2m11Ufs6ts64dO/NDSx/7V5IdaXhzv/NPFD8WX7Gm81qa2fvjH4odWD5UXix++pIUfHhA/tPRWhyCFs9S5i3Fg+fdNqh/+kfjhsPUalYelMzlseePG41bS8ohGgwAEIACBnhHQdSB/ETr88StD/nS3pEulS7r8PJb0KdojnnsP3O/+6sv/MQpx7gVXvTvoaX1LsUTJ7Jc87sfcT/zgO0uTQl2Vu//hb7gjy4dKqa657PXu6kt+tpx/FOOSs55bnRR6u55eFIeuANrJqJbz0N7vFkb5dPl5L84nhYeP7HP3PniL05XL+Dj3lKvz9+1pn+7cekbtpHDPo//o7nnwa07bZIeu6jzrSW8WNfSrpq8cET9vL+maVNNE6Ut6P+3WDt/aUn3L7ejKXpRXn/+s2tOx8liDH6btS9PF9lH8ME4f593khz5+FLErP9SXsqs/6H/qh3WTwkF+2NSO1L+KeNKIrLx6ib2ei/lhR3z0O6S2H7L8xcaKobDggAAEIACB/hLQq+b+sCvRelFaAvT2yLLMrlRXwi3eYLtdmTXZRf6h5DLbL337D90PXPRyd6Ls09NDbw18wlk/7m6Vd/Fpe7T89AjtXOc2yBNN9Ra0+Pj0ze9yn7/1d2UiddSn15WQfLIpEZ/5/fIeRHlv4t6Du0P+ceLss04oP33zf3H37LnJLSxsdoeWHqvE2n9ot/vgX7/Y7X7sDp/P05/4WvfMy3+5FO9bd/+1f5/g0aNLfur2PJnAPllWN+0444TL/MqXtueSs37Mgr385vc+5T564+vdIZlYqn3Txh3u1c/5uNu1/Vxvf/wZz5RwWbERo9orxyqPD3uPmZVflYPH16ykt/FvsmjnZNpn5ZrsovzKWJGAej/8iRX8MIy/1fTD68UP7478MB3rbf1Q264Xkkb1w83ih68a2g9ljGTfX9Zv5qw2/gs98+OsgV3brRyTaf4WbnJcu45Xf1iHVWQ7u3E02Vn+oZbFl2hez/CBFUMDhIQABCAAgV4S0D0Wfp9FLG3lR8JKV0B7pmvdKodM4D7yt79QCta9exsXtubtLBlFsSvvT378v3J6q6gdN972+36P4tFjy4GDlHfz7dfKnj9dXQuH3sqpkzjPqaY+uo/vPR+72n3htj9wd97/JXfHvZ91yzKxS49rP/fzbvejt+e8dX9ienz8C290y8uH8/rqfpz4OHHH+Xl63auoq4L6Tyemfy77ow7pHkSpo/6n73m87c6/yJNvlwfZ5ONA7OUjGwfavix93l70vD9K/JRLX3lZvUxqf8f1tXCTK9glcXm4qDaKH2blVfzwG5kfHk388Ist/fCjV7sbYz9cDhdY4sqX/FDqM9APxa593OiHYhvoh2I/oH4oF63sKPmh2MtHKC8fV2LXz9PQrVyTNn5MT+W49jS/WdVZMSyPaDQIQAACEOgZAb9OoRcz7Yqs1c+udHamZxlaOVH++lGvgJeOSG+0W15xQgm7/+Hb3N9/+4PuqRe+wls2Lm5zz7riV91ffOlXq+2UGMpAyz/zxCvinNzf3vZeHz8t/2vf+T/u2U/+907z1eNxJz25Nl+1/eWX3+b2yWpizDdqmkbxkzfdW2Nx1P7I/nuc3jZqZTy87y63X28flfZZfR47cJ9Pb382yOTX7H/ymVdbcIivWsZrYf2iO/vkK92TLyhWG33kzJ7WTxLmaX028sdWLPTU1erj84h0Hx7pK9nT+JPUzz71qqEfPvMZmZB/V/prlPpZ/5iM+Y2SX9v0Vq7JxvTWbyalcqX6WbjvVLUkxwA//GSTH0oarU/qh5+/NfJDsVs9vna7+OEVVT+sqU3wQ1mVT9sd11ovoqgf6iqScVE/XBI/3JD5uvqhv41b4lg99q7ghxYvl1n+uR9Gq/5an7j8uH6+5VG5eX4Syeo761Jvwx32IVC1fqj8huBh48BWDJu4Gf+u7EwMjSgSAhCAAAR6SUCuN7t1epavV6fzX9TV1LWccv56m9Gg8hvt/nQowapX0CW/6776TnfZuf/C6YMj9HjKBT/jvvKPHwrlpElUl3Sn7CoeEqN7gA4celDC5f+kfstOTiDvu9FdKA+V0MPftmr8fEjx5+vf/WiopdktvyKKe3T/vaFeGX8rL54YPrZfJ4GauFwfPZm1J5QGY2i/8dyy4Xh3ydnPdacd/wT/yo2Tjju/9JTVqBrl/MsGyVoKTurnJ/NJfeL6tbWn8SepD3Myqkj01mR9j+F3/+YlfnI8qL319S/6p95e9O/q2LsvPx0qXpfxovUPfvhT4ofH+eDghx8O4ylJKCn8EE79cP8huSCS5RfzXnZLtX7o/SfJO/hhyN/8y/ON4pkfluySRG+/tomh+qEEVepT9sOqfcuGnUP7YSn/qH4ejucQvi9XZ3xIKdn33TTyH80PR+ehK4/2e9TU3i7tTAxLAxoFAhCAAAT6RsCumNoVVP1xlP/9yUGQ3eiWv0k9+Rg3/1CzhGiW7+Hl/e7jf/dG9+Kn/34e4UVP+x/uuq9Vn+xp7d217aw8rq4U2Eqi2eP6PqxPOs0OXdVbv7BB7p4rHuiiJt1LuHxsqZanpVWpewYLLgXvUhyZANbVJ47jU2btlwq558vep+8/PzxpsxyvXovzr8TooL9ifl30f5f5Vdq7UsCIPKyfTY7rb35wSV2beKZ2K7eQoaGWvhp/OHsFV8ZnyfvhLyd++N8b/FB6VP6v+mHRvrR+/onDWeHqhwvih0cb/TDkr9GtvTqG7FA/tO9Ds1t5FueY98MifWq3eJbPuvXr5cFRbf1QchF+1UM81MJzmcVaK3q10QNDRuVh6UzmvA37KvFkYjiwOzFCAAIQgMC0CfgrploJvRKdVSa/ctqpnuUfl9OUv4Wb1B9rqVxevyzcr2LZZ5NR/rfd+Ul3x32fc+ed+nRvPUFWy666+DUWM5e2UqG3ZmocPbbJuwuNTYWH2LdvKd5tqHv4jsp+pfTwr3/Q+jTVP04Q1dvamTc4i5fXx/Q4vf+skALnF1z1Lv800zjKXQ/8vTzR9Ga357Hb/TsY9dUe8fsV0/yLtEW+Gmb1W0tS94m9/Ef+pGjygE+6WmycW/OwfjbZAU+ralN/lOxWrkkzRvWwIMtvRV3yqhxR/kP7YZZPox8mhWip2xI/XB7khzXp05qbD2jU3JZ/CGEWJwqu5GxxfnIMP0wy9TWyfKu2tRHS1g9H5WHpTE6KHhPDSZGmHAhAAAIQGImArhL5q952hdRysSunnelZhmk5TflbuMm0Phpel1cS9jF5YMtrf/Kz+e2WZ538VMsxkoHBA498K58YnrzzIre4uLl4RUVS/uOi/YgP7r2jti7h/YaecJgcRiVWPkb11qL8SWdSprU3t1cz8fVYv27BXXruC3Pro/vvdv/rL58vex33+DBLf/n5L87jBEMoMC3WD5C6+mWpLT/LrC+61cNkWj8LV6l7yz7z9f/qnnHp6yxardQ4+k/7Ik6v/TWMbulMDpuuq3hWrsku8tW8KkfCZxg/1NUbrU/qhxvED5fk4ksd3zo/TGtT8sOkn1aqt9bHFxxFtHrG9YnMIYG0pckP94sfxty/P/HDOP+6fONy43zWQvha90OeSloe0WgQgAAEINAzArZaFlbf5DTDX7VPpVS6NtziTdGe8kzqqS/Vvv7m7F2GadxYl3T3PvQPeYju27tCnlIa2i3BUb4XyKsdjtt6eh73/oe+Udjz0OyDpNOTtzi9KGmskj30SU0cTefzC7KaTwg/VfZKFvsOnfvs19/j9h2QB28k6c888UlJPaL8E0tc/6J+Fl+zls9J/oU+HbvVU2tWV7/UfsMt73b6QIum4zNf/213g4ylIl25/dXw+bDX8orGqfIPfvhbtVEt0PilfuhfBVHKL3DVV6yU/fA2388+H8vUZE36YeNZFiatnoU0i8lQv6of/jfvh0W6EO+MxA9LdsvSyxC/ZPftEmNT+2bQ3t4PJ9R+YVnPOSt/CDsTQz+Q+QMBCEAAAn0l4PdY6KVmf4VfPtTKftorl/IVck39b7zt9+QBL8WeQI0WH9p8TfdVeTiNPkTCjmdf8RZ3wZk/HBYMsnxPO+FS9y+f/j8tipd/K+85zMstWUTx6UxGfGvjRXZJlx5hdVf/RvFKkUK4FFoKPUeeuJnXL2vHUy78GXeqPJAmPnSFI48XG/Rzlq5erh37DbYimLTfrxTeYiuFEf+m/i3xWjt86vo/QRXUmvbr618G+2HgWvXDf5/5YcG93g/fK9XL/COtVBae201P4lXsEi8+VIv9L8SPY+jnUE8vI9M5p/5QUb+s/HZ+KCVn6awf8vKtPR3ZrZym/Lu2l/Nb51fl/cp8xE8/mh+W4+vXU+j3etmRXcuoLSfLfwg7t5ImHYoKAQhAAAL9IpDvsbAry1K9yp44PRvSi6VZ1Uez++vc4YprJ/lpnaxGWcVUaDuS/I/KU0T/VN5t+G+e/WdRxOJjuALv3F5ZVfu/N73TPevJv+aNuur209d80N338K3u/oducyfIewLPPFFeTREd+qTT+x/RFUP/f2TJPtbUx9cvjVnDPweeZxXam7avyEorcUz2D8rKSXRces4Lpd5Pct+6+zpZSVzvLjjjh/MX20fR3Auuerf74jc/4O5+8KY4WD6HfEPpoiV815quKxbKUU/k9dB9T35fodfGbH8+HjJ/kDw752f1NBn3l40zk3XlWzqTcXqNb+GZLELyAAmqtk8vugz0Q0mjx8h++LD4YdMR1ceiaGnWljwsq4Pqqc3C7Dsztyuf0iEWyee+B8f0wz1VP7Sytbi8/KzsrvVSk2rK69qe5qer84P8MI3fRjeOJtukHScuE8Nx6JEWAhCAAARWnUC4+i3FyNXO0pGoySKUxC/FHqj7qJZ/Lov0avcnx0VQKb/UnuuWVymdb1EpP41/1+6vuFu++6fyCoufimP7z5rCyv/CN9/vTt55Yelpnrqylq6uacLv3Hu9++uvvl1SF+mrmdfXpy6ehRXts5BMZu3N7YnZQ5M4x44t+8mMPvrdjl3bz3VXXvwqU2vlpfJ6j8cOPuDuefBriV1KjFhb+V5KTNMtkempfZZ0XTlcJ//0ZFvrre3vov6Wj0nLX8dfF/nn+WX1zvUsfyvXZGrP9Yb0dfaMkFIqjgZeA/1Qx67koBxG8sMofVGR7FNan6ycYeKlcXTVyOppshxHYWuc1fHD0jjJ2mH1WGtyRT9cof3WLykXG//al3qkdtOb0jfZ0/ipzq2kRgQJAQhAAAK9JGCrZXpl1v882hXzDnXNeVD+be0WP77tU4vQp4NqOWa39pj+qS+/tXiYjCaQY3n5cCm+vnLiY3/3JvfhT7/c7T14f4iU/NXXUHzsC693H77+5e7w0t5S+rhOR44ebqxPXby0vnGxR5YPiiotSdrn25xFPHJU4mR23St3/c2/Wbo1Ns7vC9/4A/cb1z7B3Z+usmTp4/r5dBKelh/GTjPv1I5e7r+1wuOoXIiIj8IP69v7qS//hwY/LOIHP3zjCn74aOaHr8j8sEgfj9/CDwt78JNjJf8o4ulQ194J8cttO5j7u9klVqk9hR8e83tWR/fDcv1W8r+4PnH9tX7zquuK4KD2d21P80v1dQvrNvr6xINqHj5f/Lgf9c289a5PzENzaSMEIDCHBOyBAfdUbveZLRjnnXq1r/A9D95SXrGQ0C6vTJ92wmU+v9UuR390u6y3vtj6tF1PkJfYP949vPdO/4CaQ4cf8ScbXZbTdb0tv8XFre70XU+Up62e6w4f2e+f+PjgY3e4ZZkAa/3Xr9/gHnfSFe6kHRfI/q973D898EW3tLRvZtpn7ZwV2dYPvHPKn6b2tbWfLn6oh/lhmr6vuvnhSeKHD0V+OK36WrkmrX9MT2WTH9o7F1M/vFP88LD4IcfqEDA/uFd+9yZ5MDFkYjjJ8UZZEIDABAmslYnhuaeEfVSlH0ib8RjPtrqlMynpT98VTkhL5UT2cFnXAhKZlp+Y85lgGm466cPMwnggp0ZgWiek1uBpl2/1QEJgmgSm5QfsMZxmr1M2BCAAAQisSMDvnNKJU7bXIk+gYfHRVo/T6mfL32TFngYkelp+YvaTwzQs1sdIr0ltD2KcpX1ua/fxLbHINP1U7Gl9ZkA3Tiatyqanclx7mt8ouu1tMmkrTZOSVq7JSZVLOd3eyQDP8Xja+Dc5KZ5MDO1bGAkBCEAAAr0koDsw1umsR/eQNZ7pdmmvK6fL/AVzpR3j5X9MJ7MD+LS1+0lmdCaSpscufTgEH+PUxK9re5FfqF+hh/FR6IPs4nF+fJrUiw5t0mv8QfmvZLdyTU66/JXqh328/oXfcPxs/KvM/E/cSo/G9ME8lp2JYQYRAQEIQAAC/SRgT2XLr5zKb6Q/76zI4umao9gtf5P641vOZ7z89ce9nB/5l3nAp8xjOuPDxr/Jwg8m0z9WrsnVLt87pXz1NflnW3sRP/RfoQd+hY5dx3vBo8zHwk1a/5ieynHtOt78kYk0/0nb7XfPZF5+qGXOrainVTyLYGou7cNgOxNDA4yEAAQgAIFeEtCnpvnDnt4mSn7FNKtxF/qyPDF0Yf1Gt2H9Zrd09IAU4v8PRetvKrpfJFMgXfCGZ//G1+LCFqnUMVd6+uUo/a2DRI7Mc6vjJZhr7SU/XBY/1HxS/xuQ3sdvafcn17F/J+nb2rPkefvS9L2zp+3tiW6cTNp4Mj2V49rT/KalbxA/1N+9ZXlqdP77N6HKMDGcEGiKgQAEIACB0Qj468h6YmhXdC2b5AJofuW0xu7PKwfEV9OhI/vc1k2b3JbNx7ul/fJahSh+mh49O1nPWI/Kw6eTPJrSd21P80MPkzfjr2Nf/eyw+ILKsfhYv5qUzEr5WbjJzK5+uC3zwyPih3qy79MNmT6Pb+lMkn4wf+OE7JST4PRH07iss8d+aCuGw6ZP82ur8x5DI4aEAAQgAIFeEpAdFuHs1a8c6mf9iZSjhe5TDIiv9v0HdmumclJ6ktMrtnH+aXr0Mv9ReYS+9X9reXdtT/NDl54Tv9D+05XybZtP8vq+g3uy8MIe4q2+rn6o9VE/XFzYnNdvUuUbD8rTcbH6/b3WeafvCUzbm9qDH56c+aH4QuafTeMxtY+rs2IoXz4cEIAABCDQXwJ2xTRfwbAr/7ai0ZG+dPSQ2y8nxFvl5HjX9rPkXWR3yUuhD/jb2KQIkdkKSkflkR88w7iyFbHp8dgoF0J2ypjXGuw9tFvGva6Yh/r45ZMB47+tPY2f6ke8H+7O/PBseTfnXW7J+2F9fdL086Jr//gjE/Z9Yu3v2p7mh17m3wUPvSB5vPdD5/Yd2iN+eEiytXJMhm7vorx4/Fh+TAwzvggIQAACEOgnAb0C6g+7cipKZc+R/mbqxe0QsyqHtD+y7x63ft0Gt3njDnmh+uPdvoMPuAOHHqnuOUzLGTL/ceu3ZtOnPNE9gcb+7oiP7incsmmnrBTKCoUcOtYfFR+ww8pPdQs32daexk/12A9PjP0w23OYxp9X3dptMu0PCzc5rt3yQXZLQCeEqR+qD0zjYGI4DeqUCQEIQAACQxPw6wQ68bIrp5ZSw+Ij1WObfh7S/tC+O92OY6f72+q2bTnF6b9pH1r1QSd1be1pfPQy32F5WDyTNk5MT+W49jS/LvW9B3e7x/bfm68U6njrMv+2+akf7hQ/1BX87ZkfTrM+betP/OmOn1nlP20/ZGJo39JICEAAAhDoJQHd5zLZ9xg69+j+e9yBgw+6rVtOdJsWt7uFhU0yc5BTjcYzUzGsol1vExuUf1u7rbhae9L02MUVojPLJj7GaVL2orxQv0IP46PQh7Pr00cPLe11+w896JaOyBNAs/FdzWe0/It8Rkv/iPjhfu+HJ4kfbhM/3Oj7pcjX2jla/kU+pPd72ASDjvuCi+nwWU0+R44uiR8+5rcyLPnbuI27yYy/qHo09k8wj2VnYphBREAAAhCAQD8JxHss/HmL/KmXYQ+S/mh2Ydc9h3pbXTQ/sPNmpAwVuOTzqDUxHnRFvt5vzJ+mYw9+ePfI482+1ZrGa1t7Gh89EDC+w/KweCbT9BZucly75dN3WfzeZTVVp9Sj6Y6Zju1MDANu/kIAAhCAQE8JjLTH0J/hhsmLNiu/wpq1EV2hwEdPNvVgPCiEFuPBUxsQv2d2m7nn/Z3Ur609S+4nq/5z8n3TO3va3p7oxsmk9Y/pqRzXnuaHXiXAxLDKhBAIQAACEOgRgWH2GPrzMrtyanWP9Lb2ND56NnnK2A7Lw8eTNE3xu7an+aGHyZvx75SH9atJybyUv4WbxD5dPtYPyMH90JKPRPeHTlrrxn9mblzxbmtP43et8x5DI4qEAAQgAIFeEgjv0pKq+aeTys+vl2XdX0nu0J7mhz6YdxOf9D1ofpoi/WTxu7an+aEL6QG84QMfxof3gsxP2o+H9L2BKc+u7Wl+XeusGPbyNIhKQQACEICAESj2XKR7nND9FWpbiansEYMPfOR8d4Xx4Zc5xNn0ATp1vNra0/jo4ZvM+A7LI99Tpp0iR5q+a3uaH3oGPhPzwoOJYfA3/kIAAhCAQE8J6BVRf9jKhyhZSCH9GW1NeNamyh4yCzdJeg+vwrUrPpYP0hNo5DwlPlmxhT8l9WhrT+OjBwLW78PysHgm0/QWbnJcu+WDnF8CTAznt+9pOQQgAIGZIODXMXTilj6VLa29XdlNw03vsd3PSwfUr63dx7d2i0zTT8We1mcGdONk0qpseirHtaf5oYeLPXCAg056GQfdjwP7zjK+TAyNCBICEIAABHpJQHeATPo9htUzEDkl0ZXLxjOT8ezpe/DSctrabYXU8knTY5ehbmdCIpv4GKdJ2YvyQv0KPYyvQseu/VfwgI/f25Z9PxVcbJzApxd8pDv0aOyfYJ643V90ze7IYWKYdQICAhCAAAT6SaB5j2GxEubPhyp7pLAHLsYh3UNm4Saxl3kZF5Pw6SMff/FDvrp08l5Xv7b2In7o90IP+Rc6duVd8CjzsXCT1j+mp3Jce35Hia9UUa+inMwwbbsy06NSDwsI5mnZmRhm/BEQgAAEINBPArV7DPU3VFcMsirnV2DRPQF4MD7G8g/zI5Opv1m4ySnb/Ul0/H1g9cpkW7sls++XNH3v7Gl7e6IbJ5M5TwtI5Lj2JDvUEQgwMRwBGkkgAAEIQGByBPx1aD3xTPcYalh2+PPSSPfBkZ7a0bPbmRr4DcvHx5M8muJ3bU/zQw8XR4x/pzysX01K5qX8Ldwk9unysX5ADu6Hlnwkuj900lo3/jOzv0jZhT3Nb9I67zE04kgIQAACEOglgfCuNamafzqp/Dx7Wdb9leYW9jQ++mCeTXzS9+D5aUq2V8Xv6fHLVsV7wsa1p+WhS88M4A0f+DA+iu+fUfwhfU9gyrNre5rfpHVWDHt5GkSlIAABCEDACDTvMUz3FKH7K9a2clPZcwWfeeTjlznEmWwPl95mHDiE8dDWnsZHD99UxndYHvkdENoZcqTpu7an+aFn4DMBjwCCiWHwR/5CAAIQgEBPCegVU3/YyogoWUgh9TdNFwdCzKrEvrp8mrgT7gk0jssJ8cmKqfqFGVaoh0WzdqAHAuPyMI4m0/ws3OS4dssHCYEmAkwMm8gQDgEIQAACvSDg1zV0YpfuMUxrFy54pqGFPkW7n5cOKL+t3ccvWuYXKfwDZ7KwqdjT+syAbpxMWpVNT+W49jQ/9HAxBw5w0Ekv46D7cWDfWU18UzsTQyOChAAEIACBXhLQfSGz/h5DvU1M96Y0nfm0tdtTRy2/ND12GcrRmVATH+M0KXtRXqhfoYfxUejYtf8KHvDxe9uymVPBxcYJfHrBR7pDj8b+CeaJ2/1F1fiOm2QcxfZFtc3jMa/tnse+ps0QgMBsE2jeY2h7pUyme+gs3CR2fz4gf+olfOq5GC/4TIOPH6zyFaaT97ry29qL+KFfCz3kX+jYlXfBo8zHwk1a/5ieynHt+R0jvlJFvYpyMsO07cpMj0o9LCCY+2pnxTDrHwQEIAABCPSTQO0eQ/2N1RWFrMr5FVp0TwAejI+B/mF+YjL1Jws3OWW7P4mO/d3qlcm2dktm3x9p+t7Z0/b2RDdOJnOeFpDIce1JdqirQICJ4SpAJUsIQAACEOiOgL9OrSem6R5DDcsOf96KbjjCeW4HPDxXybWJb9f2ND/0cPHD+HfKw/rVpGReyt/CTWKfLh/rB+TgfmjJR6L7QyetdeM/M/uLkF3Y0/z6pvMeQ+sRJAQgAAEI9JJAePeUVM0/nVR+vr0s6/5KdGRH74ZP+t4vP02xvSpehv5o4t02fRofvcwXHvDwe+n0m7rG/xgf7cdH+p7AlG/X9jS/vumsGKpzcUAAAhCAQG8JNO8xTPccofsr2rayU9mTBZ+1yMcvc4j32h4uvY04tDP0d1t7Gh89fDUa32F55Hc4aGfIkabv2p7mh56BzwQ8huPBxDD4K38hAAEIQKCnBPSKqj9spUqULKSQ+punF4tDzKrEPh6fJq6EewKN425CfLJiquPeDCvUw6JZO9ADgXF5GEeTaX4WbnJcu+WDhMCoBJgYjkqOdBCAAAQgMBECft1DJ3bpHsO09OyCaBqc66to9/POAfm3tfv4ecVtBagImIq9KN4vmsQnsbX16UF8q5dJq5LpqRzXnuaHHi7WwAEO+n3BOOh+HNh3VhPftnYmhkYMCQEIQAACvSSg+2b6/h5DvU3M731sOPNpa7enitqZVJoeuwzV6EyoiY9xmpS9KC/Ur9DD+Ch07Np/BQ/4+L1t2fdHwcXGCXx6wUe6Q4/G/gnmidv9RdP4jppkHLWxMzHMOhEBAQhAAAL9JaBzgIvOfFZRweyHLw9ADxMlA7ISD4tnMo1v4Saxl/kaF5OrzcfKQUIAAhBYRQJMDFcRLllDAAIQgMD4BBpvJdWT8fhAj2mE+7bikJRPbNPP2FMiZX3afMq1QYMABCDQOQEmhp0jJUMIQAACEOiSgK4WHrf5VFmxkU96cq4BFSkB2Gu4GC/4MD7wn+r3Bv4Rvk/5fuD7IXw/MDGU7wQOCEAAAhDoLwH/zBmdCNqSlv9cqBacP5wGe+jMCocsoBIeosMPPn4kMD7wHyVQGQf4xzz4BxPD4P78hQAEIACBnhK4477P97RmVAsCEIAABCCwdgisXztNoSUQgAAEIAABCEAAAhCAAAQgMAoBJoajUCMNBCAAAQhAAAIQgAAEIACBNUSAieEa6kyaAgEIQAACEIAABCAAAQhAYBQCTAxHoUYaCEAAAhCAAAQgAAEIQAACa4gAE8M11Jk0BQIQgAAEIAABCEAAAhCAwCgEmBiOQo00EIAABCAAAQhAAAIQgAAE1hABJoZrqDNpCgQgAAEIQAACEIAABCAAgVEIMDEchRppIAABCEAAAhCAAAQgAAEIrCECTAzXUGfSFAhAAAIQgAAEIAABCEAAAqMQYGI4CjXSQAACEIAABCAAAQhAAAIQWEMEmBiuoc6kKRCAAAQgAAEIQAACEIAABEYhsOjculHSrYE089ruNdB1NAECEIAABCAAAQhAAAIQ6JQAK4ad4iQzCEAAAhCAAAQgAAEIQAACs0eAieHs9Rk1hgAEIAABCEAAAhCAAAQg0CmB/w/YlMYZWT271QAAAABJRU5ErkJggg==\"></p>','<p><img src=\"data:image/png;base64,iVBORw0KGgoAAAANSUhEUgAAA4YAAAJkCAYAAABNiD8wAAAMTGlDQ1BJQ0MgUHJvZmlsZQAASImVVwdYU8kWnltSSQgQiICU0JsgIiWAlBBaAOlFEJW...','忧郁的眼睛o ',NULL,'个人感悟','峰言峰语','汪峰博客','[]',1,'draft',NULL,0,'2025-10-18 10:48:20',NULL,NULL,'2025-10-18 11:13:08','2025-10-18 00:00:00',NULL,NULL,4,NULL,'approved',NULL,NULL,NULL,'http://localhost:9000/wangfeng-images/articles/2025/10/8c0133c7_cover.jpg',NULL),('60dd40b6-e1bf-4803-bafd-136b250911cf','1','1-1','<p>324</p>','<p>324</p>...','忧郁的眼睛o ',NULL,'个人感悟','峰言峰语','汪峰博客','[]',1,'draft',NULL,0,'2025-10-11 13:48:26',NULL,NULL,'2025-10-31 14:01:16','2025-10-11 13:48:26',NULL,NULL,6,0,'approved','10000','内容优质,通过审核','2025-10-31 14:01:16',NULL,NULL),('67b164ae-6838-40c0-8609-2f3072e0a1ab','67保存编辑','67bao-cun-bian-ji','<p>67</p>','<p>67</p>...','忧郁的眼睛o ',NULL,'个人感悟','峰言峰语','汪峰博客','[]',1,'draft',NULL,0,'2025-10-31 00:37:25',NULL,NULL,'2025-11-01 13:08:40','2025-10-31 00:00:00',NULL,NULL,12,NULL,'approved','10000',NULL,'2025-11-01 13:08:31',NULL,NULL),('6b628b7b-46db-44e1-84c3-147cf9618522','1','1','闲聊一下','2','root',NULL,'个人感悟','峰言峰语','汪峰博客','[]',1,'draft',NULL,0,'2025-10-01 15:43:06',NULL,NULL,'2025-11-01 12:08:38','2025-10-01 15:43:06',NULL,NULL,34,0,'approved',NULL,NULL,NULL,NULL,NULL),('6d06ec92-dafb-47fb-a5fe-f9149f307cd0','汪峰与许巍的哲学','wang-feng-yu-xu-wei-de-zhe-xue','<p>【日历姐前言】这是很久以前在百度汪峰贴吧看到的<a href=\"https://tieba.baidu.com/p/741565163?pid=7814155775&amp;cid=0#7814155775\" rel=\"noopener noreferrer\" target=\"_blank\" style=\"color: rgb(19, 196, 165);\">一篇文章</a>，作者是微博网友“被虐到丧心病狂的濯焰霰雪”。这么多年过去作者的ID也改了，一时半会儿联系不上，日历姐就先斩后奏着转载。汪峰与许巍是惺惺相惜的好朋友，也总被媒体啊歌迷啊拿来比较，他们俩是各有千秋，相互尊重，所以歌迷们也请在讨论的时候保持理性和尊重。</p><p>说到歌迷，贴吧里很多参与讨论的歌迷的发言，很有启发性，一并转载至此。谢谢大家。</p>','<p>【日历姐前言】这是很久以前在百度汪峰贴吧看到的<a href=\"https://tieba.baidu.com/p/741565163?pid=7814155775&amp;cid=0#7814155775\" rel=\"noopener noreferrer\" target=\"_blank\" ...','忧郁的眼睛o ',NULL,'个人感悟','峰迷荟萃','闲聊汪峰','[]',1,'draft',NULL,0,'2025-10-12 10:13:49',NULL,NULL,'2025-10-12 13:57:13','2025-10-12 10:13:49',NULL,NULL,8,NULL,'pending',NULL,NULL,NULL,NULL,NULL),('6dc65076-3a5c-4f7a-a3f3-481c7ebc85a2','12222','12222','<p>12</p>','<p>12</p>...','忧郁的眼睛o ',NULL,'个人感悟','峰言峰语','汪峰博客','[]',1,'draft',NULL,1,'2025-10-31 04:00:47',NULL,NULL,'2025-11-01 14:11:32','2025-10-31 04:00:47',NULL,NULL,18,NULL,'approved','10000','内容优质,通过审核','2025-11-01 12:48:55',NULL,NULL),('724dea48-b89c-45b7-a593-4056fb6ddc86','2','2-1','<p>1</p>','<p>1</p>...','忧郁的眼睛o ',NULL,'个人感悟','峰言峰语','汪峰博客','[]',1,'draft',NULL,0,'2025-10-12 06:44:27',NULL,NULL,'2025-11-01 15:44:59','2025-10-12 06:44:27',NULL,NULL,6,NULL,'pending',NULL,NULL,NULL,NULL,NULL),('7389367f-0601-44c2-95a6-d67a3593d02a','汪峰“相信未来”巡回演唱会长沙站','20251227-汪峰相信未来巡回演唱会长沙站','## 📅 演出信息\n\n**时间**: 2025-12-27\n**城市**: 长沙\n**分类**: 演唱会  \n\n\n---\n\n\n## 🎤 演出海报\n\n<img src=\"/images/演唱会/2025.12.27-汪峰“相信未来”巡回演唱会长沙站/2025.12.27-汪峰“相信未来”巡回演唱会长沙站-海报.jpg\" alt=\"汪峰“相信未来”巡回演唱会长沙站\" style=\"max-width: 100%; height: auto; border-radius: 8px; box-shadow: 0 4px 12px rgba(0,0,0,0.1);\" />\n\n## 🎫 购票信息\n\n> 购票信息将在售票开启后更新，请关注汪峰官方微博及各大票务平台。\n\n## 🚗 交通指南\n\n> 交通指南将在演出临近时更新，敬请期待。\n\n\n\n---\n\n*本文章由系统自动生成，内容可能不完整。如有最新消息，请以官方发布为准。*\n','2025-12-27 | 长沙','汪峰官方',NULL,'行程信息','资料科普','行程信息','[\"演唱会\", \"长沙\", \"演出信息\"]',1,'draft',NULL,1,'2025-10-15 14:13:13',NULL,NULL,'2025-10-15 14:54:40','2025-10-15 14:13:13','汪峰“相信未来”巡回演唱会长沙站 - 2025-12-27 长沙','汪峰,演唱会,长沙,演唱会',21,NULL,'approved',NULL,NULL,NULL,NULL,NULL),('75e179f8-651c-47d7-b043-73ff5cc153c1','留给孩子一些美好 留给自己一点尊严 ','liu-gei-hai-zi-yi-xie-mei-hao-liu-gei-zi-ji-yi-dian-zun-yan','<p>在女儿熙熙经历这漫长而艰难的十年成长到的今天，我决定有些话要说，要对你说，也想让更多人了解。</p><p><br></p><p>一直以来，对于你所有的反复无常的谩骂与侮辱，所有编造的谎言，我一直保持着沉默，忍你很久。这一切的原因皆为你是熙熙的妈妈，是我应该去尊重的一个母亲。两人各自选择不同的人生道路，不代表我们是敌人，我们还是人，应该做作为一个人该做的事情，以善为本，宽容以待。沉默还因为虽然女儿不得不失去了生活中的妈妈，但不应该让她再失去心底的那个可以依靠的妈妈。从不与你争吵，从不解释，是因为我想让熙熙保留最后一丝对生身母亲的留恋与尊重。她会慢慢长大，她会自己去穿过谎言发现真相，她会看她的父母和这个她赖以生存的世界给她留下的是什么。这所有艰难的沉默，是因为我永远不想加入也不想成为扼杀她本已脆弱和动荡的心灵的刽子手。</p><p><br></p><p>而你做了什么？无论是出于什么目的什么原因，你除了持续的喜怒无常，自我矛盾，对他父亲谩骂与攻击，伤害孩子的内心，你还做过什么？从她出生到现在你可曾照顾过她一天？你说我不让你看望女儿，不觉得羞愧吗？你记得最近一次看望女儿是哪一年吗？你知道她喜欢什么颜色，爱吃哪种口味的冰激凌吗？你知道她的期末考试成绩吗？你知道她的生日愿望吗？你不知道！这些只要是留给孩子一点关心与时间的父母都很清楚的事情你都不知道！</p><p><br></p><p>其实对于你所做的一切，我和家人都在默默承受，已不期许你有多少善意与关爱，只希望你不要对无数次给你关心帮助的曾经的家人和无辜的孩子加以伤害！</p><p><br></p><p>今天，决定不再沉默的另一个原因是因为过去你一直歪曲与攻击的是我，基于以上所有的想法我都在沉默与承受，而这两天你竟然开始恶意攻击无辜的人，她是我的妻子，也是我尊重的人。作为一个男人，作为丈夫与父亲，我不答应！没有人能限制你表达想法的权利和自由，但如果你执意还要继续无端的伤害，请冲着我来，不要伤害我的家人，不要伤害真心实意对你女儿好的人！如果你真爱孩子，你应该欣慰，多一个人真心的爱熙熙难道对孩子不好吗？</p><p><br></p><p><br></p><p>熙熙在许多孤独无助的时候，子怡给了她无比温暖，真挚无私的母爱。她会给熙熙买贴心的礼物，会陪她看海爬山，会给她剪指甲梳辫子，她会耐心地教熙熙英文单词，她会拥抱着与她谈心，擦掉孩子流淌的泪水，这对于一个没有血缘关系的女人来说，是多么的不易！这真实的点点滴滴，让我欣慰让我感激。</p><p><br></p><p>而你，不仅没有理解与感谢这个宽容无私的对你女儿关爱与呵护的女人，还开始对她冷嘲热讽，用恶毒的语言施以挖苦与伤害，再一次想说，你不觉得羞愧吗？人是要懂得感恩的，不懂得感恩也不要对别人施以伤害！你伤害别人时自己真的很快乐吗？你不知道这更是对你自己最大的伤害吗？</p><p><br></p><p>如果这一切还有其它目的，或者你在被人利用，清醒一些吧，停止这些愚蠢的行为，有一天你会倍感悔恨！</p><p><br></p><p>最后我想说，作为曾经走在一起的人，孩子的母亲，我不会对你做出任何无端的伤害。过去是这样，现在未来永远都不会改变，因为人是需要懂得最基本的尊重与感恩的。希望你能找回自我，重拾善意，找到属于你自己的生活和幸福，也希望将来当熙熙想起自己的生身母亲的时候，不再刻骨的伤心。</p><p><br></p><p>今天在这里不是对你开炮，不是伤害和攻击，更不是现在形容吵架你来我回的“撕逼”，而是对你说几句不得不说的肺腑之言。请留给孩子一些美好，留给自己一点尊严。永远不要再伤害我的家人！这个底限请你牢记！所有今天对你的话语，是第一次，也是最后一次！</p>','<p>爱打伞</p>...','忧郁的眼睛o ',NULL,'个人感悟','峰言峰语','汪峰博客','[]',0,'draft',NULL,0,'2025-10-12 10:14:33',NULL,NULL,'2025-11-01 16:29:50','2025-10-12 00:00:00',NULL,NULL,22,NULL,'pending',NULL,NULL,NULL,NULL,NULL),('813bbe53-fa03-41b4-846a-29234bf0a867','我的文章','wo-de-wen-zhang','<p>1</p>','<p>1</p>...','忧郁的眼睛o ','10000','个人感悟','峰言峰语','汪峰博客','[]',1,'draft',NULL,1,'2025-10-31 12:38:31',NULL,NULL,'2025-11-01 14:11:31','2025-10-31 12:38:31',NULL,NULL,10,NULL,'approved','10000','内容优质,通过审核','2025-10-31 12:38:41',NULL,NULL),('852401df-d4b2-4275-8ac0-4e9aa04817da','潜入代码测试','qian-ru-dai-ma-ce-shi','<p>&lt;iframe src=\"//player.bilibili.com/player.html?isOutside=true&amp;aid=114466599538768&amp;bvid=BV1okVhzwEGo&amp;cid=29839198018&amp;p=1\" scrolling=\"no\" border=\"0\" frameborder=\"no\" framespacing=\"0\" allowfullscreen=\"true\"&gt;&lt;/iframe&gt;</p>','<p>&lt;iframe src=\"//player.bilibili.com/player.html?isOutside=true&amp;aid=114466599538768&amp;bvid=BV1okVhzwEGo&amp;cid=29839198018&amp;p=1\" scrolli...','忧郁的眼睛o ',NULL,'个人感悟','资料科普','汪峰数据','[]',1,'draft',NULL,1,'2025-10-12 14:33:34',NULL,NULL,'2025-10-14 14:42:13','2025-10-12 14:33:34',NULL,NULL,20,NULL,'pending',NULL,NULL,NULL,NULL,NULL),('8d6fdfb0-7f13-4713-855c-f4f336ee4431','1030的一篇文章','1030de-yi-pian-wen-zhang','<p>你好</p>','<p>你好</p>...','忧郁的眼睛o ',NULL,'个人感悟','峰言峰语','汪峰博客','[\"单曲：《寂寞列车》\"]',1,'draft',NULL,0,'2025-10-30 07:10:03',NULL,NULL,'2025-11-01 02:10:19','2025-10-30 00:00:00',NULL,NULL,24,NULL,'approved',NULL,NULL,NULL,NULL,NULL),('8da51af7-0293-484f-92d0-a469d38ede85','400','400','<p>400</p>','<p>400</p>...','忧郁的眼睛o ',NULL,'个人感悟','峰言峰语','汪峰博客','[]',0,'draft',NULL,1,'2025-10-31 00:28:33',NULL,NULL,'2025-10-31 02:25:11','2025-10-31 00:28:33',NULL,NULL,2,NULL,'pending',NULL,NULL,NULL,NULL,NULL),('90fe81b7-26a6-41b2-8a73-0b51f1fe0c63','12','12','<p>32</p>','<p>32</p>...','忧郁的眼睛o ',NULL,'个人感悟','峰言峰语','汪峰博客','[]',1,'draft',NULL,0,'2025-10-30 08:04:41',NULL,NULL,'2025-11-01 01:26:02','2025-10-30 08:04:41',NULL,NULL,4,NULL,'approved','10000','内容优质,通过审核','2025-10-30 10:23:51',NULL,NULL),('9448f40c-0c2b-44c7-ab9f-6a60cdccb53e','修改文章正式测试','xiu-gai-wen-zhang-zheng-shi-ce-shi','<p>0940</p>','<p>0940</p>...','忧郁的眼睛o ',NULL,'个人感悟','资料科普','汪峰数据','[\"单曲：《O女士》\", \"单曲：《一切都会流走》\", \"单曲：《一百万吨的信念》\", \"单曲：《一瞬间》\", \"单曲：《一起摇摆》\", \"单曲：《上千个黎明》\", \"单曲：《不合时宜》\", \"单曲：《不知道为什么的歌》\", \"单曲：《不经意间》\", \"单曲：《不羁的生命》\", \"单曲：《不能停止的哭泣》\", \"单曲：《不能接受的事实》\", \"单曲：《东北偏北》\"]',1,'draft',NULL,1,'2025-10-31 01:42:00',NULL,NULL,'2025-11-01 14:11:32','2025-10-31 00:00:00',NULL,NULL,10,NULL,'approved','10000','内容优质,通过审核','2025-10-31 02:17:31','http://localhost:9000/wangfeng-images/articles/2025/10/2380d938_cover.jpg',NULL),('959a1635-482d-43ca-b800-7a08354b6f29','CDN','cdn','<p>CDN网络为Web应用提供内容分发服务，保证优秀的用户体验与成本节约。</p><p>内容缓存在OSS存储中，提供高可靠性、低成本的存储容量。</p><p>负载均衡处理HTTP请求，并将流量分发到主业务可用区。</p><p>前端和应用服务器部署在ECS&nbsp;实例上，SLB可以做到负载均衡。</p><p>ESS弹性伸缩按需业务创建或释放资源，使您能够获得更优秀的业务性能和成本支出。</p><p>部署在多可用区RDS上的数据库保证业务的容灾性能。</p>','<p>CDN网络为Web应用提供内容分发服务，保证优秀的用户体验与成本节约。</p><p>内容缓存在OSS存储中，提供高可靠性、低成本的存储容量。</p><p>负载均衡处理HTTP请求，并将流量分发到主业务可用区。</p><p>前端和应用服务器部署在ECS&nbsp;实例上，SLB可以做到负载均衡。...','忧郁的眼睛o ',NULL,'个人感悟','峰言峰语','汪峰博客','[]',1,'draft',NULL,0,'2025-10-12 08:53:34',NULL,NULL,'2025-10-12 09:24:28','2025-10-12 08:53:34',NULL,NULL,4,NULL,'pending',NULL,NULL,NULL,NULL,NULL),('a1140bf4-70f4-49b3-9bd5-3b6b830cbd81','峰迷荟萃','feng-mi-hui-cui','<p>好啊</p>','所','忧郁的眼睛o ',NULL,'个人感悟','峰言峰语','汪峰博客','[]',1,'draft',NULL,0,'2025-10-12 07:49:42',NULL,NULL,'2025-10-12 08:32:50','2025-10-12 07:49:42',NULL,NULL,4,NULL,'pending',NULL,NULL,NULL,NULL,NULL),('abbc595d-2e22-4efe-9844-5bac93ddefab','sss','sss','sadasfd','sadasfd...','忧郁的眼睛o ',NULL,'个人感悟','峰言峰语','汪峰博客','[]',1,'draft',NULL,0,'2025-10-11 13:06:00',NULL,NULL,'2025-10-11 13:08:53','2025-10-11 13:06:00',NULL,NULL,4,0,'pending',NULL,NULL,NULL,NULL,NULL),('b5db8d7a-a299-48d8-96c7-9a9dd85ed627','汪峰“相信未来”巡回演唱会长沙站','20251227-汪峰相信未来巡回演唱会长沙站-16da3c','<h2>📅 演出信息</h2>\n<p><strong>时间</strong>: 2025-12-27</p>\n<p><strong>城市</strong>: 长沙</p>\n<p><strong>分类</strong>: 演唱会</p>\n<hr>\n\n<h2>🎤 演出海报</h2>\n<p><img src=\"/images/演唱会/2025.12.27-汪峰“相信未来”巡回演唱会长沙站/2025.12.27-汪峰“相信未来”巡回演唱会长沙站-海报.jpg\" alt=\"汪峰“相信未来”巡回演唱会长沙站\" style=\"max-width: 100%; height: auto; border-radius: 8px; box-shadow: 0 4px 12px rgba(0,0,0,0.1);\"></p>','2025-12-27 | 长沙','汪峰官方',NULL,'行程信息','资料科普','行程信息','[]',1,'draft',NULL,1,'2025-10-15 14:41:27',NULL,NULL,'2025-10-15 14:54:37','2025-10-15 14:41:27','汪峰“相信未来”巡回演唱会长沙站 - 2025-12-27 长沙','汪峰,演唱会,长沙,演唱会',8,NULL,'approved',NULL,NULL,NULL,NULL,NULL),('b6936aae-9bc2-4367-89c0-3c295a44c7b0','草稿445','cao-gao-445','<p>算<img src=\"https://wangfeng-fan-website.oss-cn-hangzhou.aliyuncs.com/articles/2025/11/64be06a3_就独自去看看大海-8.jpg\"></p>','算','忧郁的眼睛o ','10000','个人感悟','峰言峰语','汪峰博客','[]',1,'draft',NULL,1,'2025-11-02 02:13:15',NULL,NULL,'2025-11-02 05:31:48','2025-11-02 00:00:00',NULL,NULL,22,NULL,'approved','10000','算','2025-11-02 04:31:11','https://wangfeng-fan-website.oss-cn-hangzhou.aliyuncs.com/articles/2025/11/64be06a3_就独自去看看大海-8.jpg',NULL),('b8c0ce25-da4f-40d1-9786-d956b9752dff','富文本','fu-wen-ben','<h1>asdsada</h1><p><span class=\"ql-size-huge\">3</span><span class=\"ql-size-huge\" style=\"background-color: rgb(255, 255, 204);\">2</span><span class=\"ql-size-huge\">4</span><em class=\"ql-size-huge\" style=\"color: rgb(230, 0, 0);\"><s><u>23423</u></s></em></p><ul><li class=\"ql-indent-1 ql-align-right\"><em class=\"ql-size-huge\" style=\"color: rgb(230, 0, 0);\"><s><u>12</u></s></em></li></ul><pre class=\"ql-syntax\" spellcheck=\"false\"><span style=\"color: rgb(230, 0, 0);\">nihd 带吗</span>\nds\nds m啊\n</pre><p><br></p><p>代码</p>','<h1>asdsada</h1><p><span class=\"ql-size-huge\">3</span><span class=\"ql-size-huge\" style=\"background-color: rgb(255, 255, 204);\">2</span><span class=\"ql...','汪峰',NULL,'个人感悟','峰言峰语','汪峰博客','[]',1,'draft',NULL,0,'2025-10-11 13:24:05',NULL,NULL,'2025-10-11 13:48:45','2025-10-11 13:24:05',NULL,NULL,14,0,'pending',NULL,NULL,NULL,NULL,NULL),('bb6bda8d-1e40-4e40-8d7a-a889bb58ff5d','2','2-3','<p>2</p>','<p>2</p>...','忧郁的眼睛o ',NULL,'个人感悟','峰言峰语','汪峰博客','[]',1,'draft',NULL,0,'2025-10-30 07:35:02',NULL,NULL,'2025-11-01 01:26:04','2025-10-30 07:35:02',NULL,NULL,6,NULL,'approved','10000','内容优质,通过审核','2025-10-30 12:32:16',NULL,NULL),('be103373-e8aa-4666-8571-e21127b354ae','控制台','kong-zhi-tai','<p>1</p>','<p>1</p>...','忧郁的眼睛o ',NULL,'个人感悟','峰言峰语','汪峰博客','[]',1,'draft',NULL,1,'2025-10-31 00:40:53',NULL,NULL,'2025-10-31 02:25:27','2025-10-31 00:40:53',NULL,NULL,10,NULL,'approved','10000','内容优质,通过审核','2025-10-31 00:41:31',NULL,NULL),('c7611d40-79b1-4fae-8082-df1329745a15','汪峰“相信未来”巡回演唱会长沙站','20251227-汪峰相信未来巡回演唱会长沙站-5b353e','<h2>📅 演出信息</h2>\n<p><strong>时间</strong>: 2025-12-27</p>\n<p><strong>城市</strong>: 长沙</p>\n<p><strong>分类</strong>: 演唱会</p>\n<hr>\n\n<h2>🎤 演出海报</h2>\n<p><img src=\"/images/演唱会/2025.12.27-汪峰“相信未来”巡回演唱会长沙站/2025.12.27-汪峰“相信未来”巡回演唱会长沙站-海报.jpg\" alt=\"汪峰“相信未来”巡回演唱会长沙站\" style=\"max-width: 100%; height: auto; border-radius: 8px; box-shadow: 0 4px 12px rgba(0,0,0,0.1);\"></p>','2025-12-27 | 长沙','感受峰感受存在',NULL,'行程信息','资料科普','行程信息','[]',1,'draft',NULL,0,'2025-10-15 15:17:59',NULL,NULL,'2025-10-31 01:37:38','2025-10-15 15:17:59','汪峰“相信未来”巡回演唱会长沙站 - 2025-12-27 长沙','汪峰,演唱会,长沙,演唱会',28,NULL,'approved','10000','内容优质,通过审核','2025-10-31 01:37:12',NULL,NULL),('c863ebe3-0a93-44e5-9ed1-56efe713b342','sda','sda','## sadasd','## sadasd...','汪峰',NULL,'个人感悟','峰言峰语','汪峰博客','[]',1,'draft',NULL,0,'2025-10-11 13:05:31',NULL,NULL,'2025-10-11 13:05:32','2025-10-11 13:05:31',NULL,NULL,2,0,'pending',NULL,NULL,NULL,NULL,NULL),('ccda0999-e860-434b-93d3-97c871ad20be','会吹','hui-chui','<p>催<img src=\"http://localhost:9000/wangfeng-images/articles/2025/10/608c85da_unf壁纸.jpg\"></p>','<p>催<img src=\"http://localhost:9000/wangfeng-images/articles/2025/10/608c85da_unf壁纸.jpg\"></p>...','忧郁的眼睛o ',NULL,'个人感悟','峰言峰语','汪峰博客','[]',1,'draft',NULL,0,'2025-10-12 06:44:55',NULL,NULL,'2025-10-12 10:34:08','2025-10-12 06:44:55',NULL,NULL,10,NULL,'pending',NULL,NULL,NULL,NULL,NULL),('d0888a6a-0e67-4f81-ba74-daced461fca6','一篇测试文章','yi-pian-ce-shi-wen-zhang','<p><span style=\"color: rgb(55, 65, 81);\">两页文章两页文章两页文章两页文章两页文章两页文章两页文章两页文章两页文章两页文章两页文章两页文章两页文章两页文章两页文章两页文章两页文章两页文章两页文章两页文章两页文章两页文章两页文章两页文章两页文章两页文章两页文章两页文章两页文章两页文章两页文章两页文章两页文章两页文章两页文章两页文章两页文章两页文章两页文章两页文章两页文章两页文章两页文章两页文章两页文章两页文章两页文章两页文章两页文章两页文章两页文章两页文章两页文章两页文章两页文章两页文章两页文章两页文章两页文章两页文章两页文章两页文章两页文章两页文章两页文章两页文章两页文章两页文章两页文章两页文章两页文章两页文章两页文章两页文章两页文章两页文章两页文章两页文章两页文章两页文章两页文章两页文章两页文章两页文章两页文章两页文章两页文章两页文章两页文章两页文章两页文章两页文章两页文章两页文章两页文章两页文章两页文章两页文章两页文章两页文章两页文章两页文章两页文章两页文章两页文章两页文章两页文章两页文章两页文章两页文章两页文章两页文章两页文章两页文章两页文章两页文章两页文章两页文章两页文章两页文章两页文章两页文章两页文章两页文章两页文章两页文章两页文章两页文章两页文章两页文章两页文章两页文章两页文章两页文章两页文章两页文章两页文章两页文章两页文章两页文章两页文章两页文章两页文章两页文章两页文章两页文章两页文章两页文章两页文章两页文章两页文章两页文章两页文章两页文章两页文章两页文章两页文章两页文章两页文章两页文章两页文章两页文章两页文章两页文章两页文章两页文章两页文章两页文章两页文章两页文章</span></p>','<p><span style=\"color: rgb(55, 65, 81);\">两页文章两页文章两页文章两页文章两页文章两页文章两页文章两页文章两页文章两页文章两页文章两页文章两页文章两页文章两页文章两页文章两页文章两页文章两页文章两页文章两页文章两页文章两页文章两页文章两页文章两页文章两页文章两...','忧郁的眼睛o ',NULL,'个人感悟','峰言峰语','汪峰博客','[]',1,'draft',NULL,0,'2025-10-17 16:32:08',NULL,NULL,'2025-10-30 14:56:26','2025-10-17 16:32:08',NULL,NULL,6,NULL,'approved','10000','内容优质,通过审核','2025-10-30 14:56:26',NULL,NULL),('d31e8765-ed89-4c1f-91fd-ac519c00c3f3','我的音乐之路','wo-de-yin-le-zhi-lu','这是我音乐生涯的回顾。从第一次拿起吉他，到站在万人演唱会的舞台，这一路走来充满了挑战和感动。音乐是我的生命，是我表达内心的方式。','回顾音乐生涯的点点滴滴','汪峰',NULL,'个人感悟','峰言峰语','汪峰博客','[\"音乐\", \"回忆\", \"成长\"]',1,'draft',NULL,0,'2025-10-01 13:20:07',NULL,NULL,'2025-10-17 09:27:45','2025-10-01 13:20:07',NULL,NULL,56,0,'approved',NULL,NULL,NULL,NULL,NULL),('d3f463c0-ca76-4ce9-a050-dabe7d96e72b','1323','1323','32244','32244...','忧郁的眼睛o ',NULL,'个人感悟','峰言峰语','汪峰博客','[]',1,'draft',NULL,0,'2025-10-11 13:06:12',NULL,NULL,'2025-10-11 13:35:36','2025-10-11 13:06:12',NULL,NULL,6,0,'pending',NULL,NULL,NULL,NULL,NULL),('d6cbbbb3-d894-4afd-9912-b68456b5d6bc','1','1-2','<p>1</p>','<p>1</p>...','忧郁的眼睛o ',NULL,'个人感悟','峰言峰语','汪峰博客','[]',1,'draft',NULL,0,'2025-10-12 03:19:52',NULL,NULL,'2025-11-01 13:25:58','2025-10-12 03:19:52',NULL,NULL,4,0,'pending',NULL,NULL,NULL,NULL,NULL),('d6e5ce0a-663f-493f-9dee-996c97399641','但三','dan-san','<p>爱打伞大<img src=\"http://localhost:9000/wangfeng-images/articles/2025/10/8d428915_DLY08280.jpg\"></p>','<p>爱打伞大<img src=\"http://localhost:9000/wangfeng-images/articles/2025/10/8d428915_DLY08280.jpg\"></p>...','忧郁的眼睛o ',NULL,'个人感悟','峰迷荟萃','闲聊汪峰','[]',1,'draft',NULL,0,'2025-10-12 10:15:19',NULL,NULL,'2025-10-31 02:18:32','2025-10-12 00:00:00',NULL,NULL,10,NULL,'approved','10000','内容优质,通过审核','2025-10-31 02:18:18',NULL,NULL),('d9e1588b-03a7-4a6d-833e-e0b09e048693','31红警编辑','31hong-jing-bian-ji','<p>31</p>','<p>31</p>...','忧郁的眼睛o ',NULL,'个人感悟','资料科普','汪峰数据','[]',1,'draft',NULL,0,'2025-10-31 00:47:05',NULL,NULL,'2025-11-01 16:16:29','2025-10-31 00:00:00',NULL,NULL,22,NULL,'approved','10000','内容优质,通过审核','2025-10-31 02:16:58',NULL,NULL),('db687b96-1d1c-43c5-9c35-55c16ed2a879','4晚上的测试猫','4wan-shang-de-ce-shi-mao','<p>4</p>','<p>4</p>...','忧郁的眼睛o ','10000','个人感悟','峰言峰语','汪峰博客','[]',1,'draft',NULL,1,'2025-10-31 15:33:45',NULL,NULL,'2025-11-01 14:11:29','2025-10-31 00:00:00',NULL,NULL,8,NULL,'approved','10000',NULL,'2025-11-01 13:18:33',NULL,NULL),('e1538ec6-3ce5-4857-9cdd-5ff22b4837a5','sadsa````','sadsa','sadasfsadsadas','sadasfsadsadas...','忧郁的眼睛o ',NULL,'个人感悟','峰言峰语','汪峰博客','[]',1,'draft',NULL,0,'2025-10-11 13:05:50',NULL,NULL,'2025-10-11 13:06:28','2025-10-11 13:05:50',NULL,NULL,4,0,'pending',NULL,NULL,NULL,NULL,NULL),('e603d47b-248b-4d17-b94e-42a688d6ea89','测试','ce-shi','<p><img src=\"http://localhost:9000/wangfeng-images/articles/2025/10/798020ca_IMG_7571.jpg\"></p><p>第二张</p>','<p><img src=\"http://localhost:9000/wangfeng-images/articles/2025/10/798020ca_IMG_7571.jpg\"></p><p>第二张</p>...','忧郁的眼睛o ',NULL,'个人感悟','峰迷荟萃','闲聊汪峰','[]',1,'draft',NULL,0,'2025-10-12 10:29:14',NULL,NULL,'2025-11-01 14:16:56','2025-10-12 00:00:00',NULL,NULL,10,NULL,'approved','10000',NULL,'2025-11-01 14:16:56','http://localhost:9000/wangfeng-images/articles/2025/10/798020ca_IMG_7571.jpg',NULL),('ed1dee24-ce91-4867-9544-67a0b1e8cbc9','草稿2','cao-gao-2','<p>2</p>','<p>2</p>...','忧郁的眼睛o ','10000','个人感悟','峰言峰语','汪峰博客','[]',1,'draft',NULL,0,'2025-11-02 01:43:18',NULL,NULL,'2025-11-02 09:55:19','2025-11-02 00:00:00',NULL,NULL,6,NULL,'approved','10000',NULL,'2025-11-02 09:55:19',NULL,NULL),('f4530882-96f9-4238-8586-b700526b52d0','23号','23hao','<p>111</p>','111','忧郁的眼睛o ','10000','个人感悟','峰言峰语','汪峰博客','[]',0,'draft',10000,0,'2025-11-02 12:08:48',NULL,NULL,'2025-11-02 12:08:59','2025-11-02 00:00:00',NULL,NULL,0,NULL,'rejected','10000','不好','2025-11-02 12:08:59',NULL,NULL),('f552202f-5327-4aca-9256-ee2ed7611b4a','来自古都的摇滚风暴海报','lai-zi-gu-du-de-yao-gun-feng-bao-hai-bao','<p>2015年峰暴来临超级巡演的西安站、南京站与成都站，分别有一组特别设计的、极具地方特色的海报，彰显历史悠久的古都的文化底蕴，是古老与现代的对话。设计者何许人也，日历姐无从知晓，但要为之点个大大的赞</p><p><img src=\"http://localhost:9000/wangfeng-images/articles/2025/10/2764e0c9_IMG_7558.jpg\"></p>','<p>2015年峰暴来临超级巡演的西安站、南京站与成都站，分别有一组特别设计的、极具地方特色的海报，彰显历史悠久的古都的文化底蕴，是古老与现代的对话。设计者何许人也，日历姐无从知晓，但要为之点个大大的赞</p><p><img src=\"http://localhost:9000/wangfeng-i...','忧郁的眼睛o ',NULL,'个人感悟','峰迷荟萃','闲聊汪峰','[]',1,'draft',NULL,0,'2025-10-12 10:20:25',NULL,NULL,'2025-10-15 15:52:34','2025-10-12 10:20:25',NULL,NULL,12,NULL,'approved','10000','文章内容优质，通过审核','2025-10-12 13:53:15',NULL,NULL),('faf5ebe4-05a2-4321-97a3-cf1203f778e9','2','2','<p>3</p>','<p>3</p>...','忧郁的眼睛o ',NULL,'个人感悟','峰迷荟萃','闲聊汪峰','[]',1,'draft',NULL,0,'2025-10-12 10:14:16',NULL,NULL,'2025-11-01 16:17:27','2025-10-12 00:00:00',NULL,NULL,4,NULL,'approved','10000',NULL,'2025-11-01 16:17:27',NULL,NULL),('fb495a17-115c-4a25-84c0-06609a70b5ec','链接测试','lian-jie-ce-shi','<p>链接<a href=\"https://docs.langchain.com/\" rel=\"noopener noreferrer\" target=\"_blank\">https://docs.langchain.com/</a></p>','<p>链接<a href=\"https://docs.langchain.com/\" rel=\"noopener noreferrer\" target=\"_blank\">https://docs.langchain.com/</a></p>...','忧郁的眼睛o ',NULL,'个人感悟','峰言峰语','汪峰博客','[]',1,'draft',NULL,0,'2025-10-18 10:47:23',NULL,NULL,'2025-11-01 01:54:49','2025-10-18 00:00:00',NULL,NULL,6,NULL,'approved',NULL,NULL,NULL,NULL,NULL);
/*!40000 ALTER TABLE `articles` ENABLE KEYS */;
UNLOCK TABLES;

--
-- Table structure for table `content_tags`
--

DROP TABLE IF EXISTS `content_tags`;
/*!40101 SET @saved_cs_client     = @@character_set_client */;
/*!50503 SET character_set_client = utf8mb4 */;
CREATE TABLE `content_tags` (
  `id` int NOT NULL AUTO_INCREMENT,
  `tag_id` int NOT NULL COMMENT '标签ID',
  `content_type` varchar(50) COLLATE utf8mb4_unicode_ci NOT NULL COMMENT '内容类型: video/article/gallery/schedule/music',
  `content_id` varchar(64) COLLATE utf8mb4_unicode_ci NOT NULL,
  `created_at` datetime NOT NULL COMMENT '创建时间',
  PRIMARY KEY (`id`),
  UNIQUE KEY `unique_content_tag` (`content_type`,`content_id`,`tag_id`),
  KEY `idx_content` (`content_type`,`content_id`),
  KEY `ix_content_tags_id` (`id`),
  KEY `idx_tag` (`tag_id`),
  CONSTRAINT `content_tags_ibfk_1` FOREIGN KEY (`tag_id`) REFERENCES `tags` (`id`) ON DELETE CASCADE
) ENGINE=InnoDB DEFAULT CHARSET=utf8mb4 COLLATE=utf8mb4_unicode_ci;
/*!40101 SET character_set_client = @saved_cs_client */;

--
-- Dumping data for table `content_tags`
--

LOCK TABLES `content_tags` WRITE;
/*!40000 ALTER TABLE `content_tags` DISABLE KEYS */;
/*!40000 ALTER TABLE `content_tags` ENABLE KEYS */;
UNLOCK TABLES;

--
-- Table structure for table `game_scores`
--

DROP TABLE IF EXISTS `game_scores`;
/*!40101 SET @saved_cs_client     = @@character_set_client */;
/*!50503 SET character_set_client = utf8mb4 */;
CREATE TABLE `game_scores` (
  `id` varchar(36) COLLATE utf8mb4_unicode_ci NOT NULL,
  `game_id` varchar(36) COLLATE utf8mb4_unicode_ci NOT NULL,
  `user_ip` varchar(45) COLLATE utf8mb4_unicode_ci DEFAULT NULL,
  `user_id` varchar(36) COLLATE utf8mb4_unicode_ci DEFAULT NULL,
  `score` int DEFAULT NULL,
  `total_questions` int DEFAULT NULL,
  `correct_answers` int DEFAULT NULL,
  `created_at` datetime DEFAULT NULL,
  PRIMARY KEY (`id`),
  KEY `ix_game_scores_id` (`id`),
  KEY `ix_game_scores_user_id` (`user_id`),
  KEY `ix_game_scores_game_id` (`game_id`)
) ENGINE=InnoDB DEFAULT CHARSET=utf8mb4 COLLATE=utf8mb4_unicode_ci;
/*!40101 SET character_set_client = @saved_cs_client */;

--
-- Dumping data for table `game_scores`
--

LOCK TABLES `game_scores` WRITE;
/*!40000 ALTER TABLE `game_scores` DISABLE KEYS */;
/*!40000 ALTER TABLE `game_scores` ENABLE KEYS */;
UNLOCK TABLES;

--
-- Table structure for table `games`
--

DROP TABLE IF EXISTS `games`;
/*!40101 SET @saved_cs_client     = @@character_set_client */;
/*!50503 SET character_set_client = utf8mb4 */;
CREATE TABLE `games` (
  `id` varchar(36) COLLATE utf8mb4_unicode_ci NOT NULL,
  `title` varchar(255) COLLATE utf8mb4_unicode_ci NOT NULL,
  `description` text COLLATE utf8mb4_unicode_ci NOT NULL,
  `difficulty` varchar(20) COLLATE utf8mb4_unicode_ci NOT NULL,
  `icon_emoji` varchar(10) COLLATE utf8mb4_unicode_ci DEFAULT NULL,
  `play_count` int DEFAULT NULL,
  `route_path` varchar(255) COLLATE utf8mb4_unicode_ci DEFAULT NULL,
  `is_active` tinyint(1) DEFAULT NULL,
  `created_at` datetime DEFAULT NULL,
  `updated_at` datetime DEFAULT NULL,
  PRIMARY KEY (`id`),
  KEY `ix_games_id` (`id`)
) ENGINE=InnoDB DEFAULT CHARSET=utf8mb4 COLLATE=utf8mb4_unicode_ci;
/*!40101 SET character_set_client = @saved_cs_client */;

--
-- Dumping data for table `games`
--

LOCK TABLES `games` WRITE;
/*!40000 ALTER TABLE `games` DISABLE KEYS */;
INSERT INTO `games` VALUES ('fill_lyrics','填词游戏','在缺少的歌词位置填入正确的词语。考查对歌词的深入了解。','medium','✏️',0,'/games/fill-lyrics',1,'2025-10-30 02:15:51','2025-10-30 02:15:51'),('lyrics_guesser','歌词猜歌名','根据歌词片段，猜出汪峰的歌曲名称。需要熟悉汪峰的歌词才能快速作答。','easy','🎵',0,'/games/lyrics-guesser',1,'2025-10-30 02:15:51','2025-10-30 02:15:51'),('song_matcher','歌曲配对','根据歌词提示，判断歌曲所属的专辑。适合专辑迷。','medium','🎸',0,'/games/song-matcher',1,'2025-10-30 02:15:51','2025-10-30 02:15:51');
/*!40000 ALTER TABLE `games` ENABLE KEYS */;
UNLOCK TABLES;

--
-- Table structure for table `photo_groups`
--

DROP TABLE IF EXISTS `photo_groups`;
/*!40101 SET @saved_cs_client     = @@character_set_client */;
/*!50503 SET character_set_client = utf8mb4 */;
CREATE TABLE `photo_groups` (
  `id` varchar(36) COLLATE utf8mb4_unicode_ci NOT NULL,
  `title` varchar(200) COLLATE utf8mb4_unicode_ci NOT NULL,
  `category` varchar(50) COLLATE utf8mb4_unicode_ci NOT NULL,
  `date` datetime NOT NULL,
  `display_date` varchar(100) COLLATE utf8mb4_unicode_ci DEFAULT NULL,
  `year` varchar(4) COLLATE utf8mb4_unicode_ci DEFAULT NULL,
  `description` text COLLATE utf8mb4_unicode_ci,
  `author_id` varchar(36) COLLATE utf8mb4_unicode_ci DEFAULT NULL COMMENT '创建者用户ID',
  `created_by_id` int DEFAULT NULL,
  `cover_image_url` varchar(500) COLLATE utf8mb4_unicode_ci DEFAULT NULL,
  `cover_image_thumb_url` varchar(500) COLLATE utf8mb4_unicode_ci DEFAULT NULL,
  `storage_type` varchar(20) COLLATE utf8mb4_unicode_ci DEFAULT NULL,
  `is_published` tinyint(1) DEFAULT NULL,
  `is_deleted` tinyint(1) DEFAULT NULL,
  `review_status` varchar(20) COLLATE utf8mb4_unicode_ci NOT NULL DEFAULT 'pending' COMMENT '审核状态: pending/approved/rejected',
  `reviewer_id` varchar(36) COLLATE utf8mb4_unicode_ci DEFAULT NULL COMMENT '审核人ID',
  `review_notes` text COLLATE utf8mb4_unicode_ci COMMENT '审核备注/拒绝原因',
  `reviewed_at` datetime DEFAULT NULL COMMENT '审核时间',
  `created_at` datetime DEFAULT NULL,
  `submit_time` datetime DEFAULT NULL,
  `submitted_by_id` int DEFAULT NULL,
  `updated_at` datetime DEFAULT NULL,
  `rejection_reason` text COLLATE utf8mb4_unicode_ci COMMENT '驳回理由',
  PRIMARY KEY (`id`),
  KEY `ix_photo_groups_title` (`title`),
  KEY `ix_photo_groups_is_published` (`is_published`),
  KEY `ix_photo_groups_is_deleted` (`is_deleted`),
  KEY `ix_photo_groups_id` (`id`),
  KEY `ix_photo_groups_category` (`category`),
  KEY `ix_photo_groups_year` (`year`),
  KEY `ix_photo_groups_date` (`date`),
  KEY `idx_photo_groups_author_id` (`author_id`),
  KEY `idx_photo_groups_review_status` (`review_status`),
  KEY `idx_photo_groups_reviewer_id` (`reviewer_id`),
  KEY `idx_photos_created_by` (`created_by_id`),
  KEY `idx_photos_submit_time` (`submit_time`)
) ENGINE=InnoDB DEFAULT CHARSET=utf8mb4 COLLATE=utf8mb4_unicode_ci;
/*!40101 SET character_set_client = @saved_cs_client */;

--
-- Dumping data for table `photo_groups`
--

LOCK TABLES `photo_groups` WRITE;
/*!40000 ALTER TABLE `photo_groups` DISABLE KEYS */;
INSERT INTO `photo_groups` VALUES ('44c70c9d-d6e3-4a75-a911-98d6c49aaaa3','21','巡演返图','2025-10-30 00:00:00','2025年10月30日','2025',NULL,'10000',NULL,'https://wangfeng-fan-website.oss-cn-hangzhou.aliyuncs.com/gallery/2025/10/31/6a9e1f8d-ea44-497c-8b21-bcd0a070c2b6.jpg','https://wangfeng-fan-website.oss-cn-hangzhou.aliyuncs.com/gallery/2025/10/31/6a9e1f8d-ea44-497c-8b21-bcd0a070c2b6_thumb.jpg','oss',1,0,'approved','10000',NULL,'2025-11-01 17:50:16','2025-10-31 04:01:39',NULL,NULL,'2025-11-01 17:50:16',NULL),('497922a1-22f7-4f4c-ab7f-17a138b6ad70','UNFOLLOW洛阳站','巡演返图','2023-04-14 00:00:00','2023年4月14日','2023',NULL,NULL,NULL,'https://wangfeng-fan-website.oss-cn-hangzhou.aliyuncs.com/gallery/2025/10/30/48123680-80be-4aa8-aeb8-89f06a1dfa8b.jpg','https://wangfeng-fan-website.oss-cn-hangzhou.aliyuncs.com/gallery/2025/10/30/48123680-80be-4aa8-aeb8-89f06a1dfa8b_thumb.jpg','oss',1,0,'approved','10000','','2025-10-30 13:59:41','2025-10-30 13:38:32',NULL,NULL,'2025-10-30 13:59:41',NULL),('55eb8b95-f57e-45aa-9211-7f2e47ced46c','汪峰相信未来哈尔滨站','巡演返图','2025-10-25 00:00:00','2025年10月25日','2025',NULL,NULL,NULL,'https://wangfeng-fan-website.oss-cn-hangzhou.aliyuncs.com/gallery/2025/10/30/a310946d-bf47-4537-9b73-bdf37825c4fa.jpg','https://wangfeng-fan-website.oss-cn-hangzhou.aliyuncs.com/gallery/2025/10/30/a310946d-bf47-4537-9b73-bdf37825c4fa_thumb.jpg','oss',1,0,'approved','10000','','2025-10-30 14:31:54','2025-10-30 13:07:15',NULL,NULL,'2025-10-30 14:31:54',NULL),('6f5b2b1c-ddcd-47bf-95d7-d15f90e25767','UNFOLLOW长沙站','巡演返图','2023-04-30 00:00:00','2023年4月30日','2023',NULL,NULL,NULL,'https://wangfeng-fan-website.oss-cn-hangzhou.aliyuncs.com/gallery/2025/10/30/fefaf4b6-6833-43d5-b2c5-0997cb74a79b.jpg','https://wangfeng-fan-website.oss-cn-hangzhou.aliyuncs.com/gallery/2025/10/30/fefaf4b6-6833-43d5-b2c5-0997cb74a79b_thumb.jpg','oss',1,0,'approved','10000','','2025-10-30 14:00:17','2025-10-30 13:36:59',NULL,NULL,'2025-10-30 14:00:17',NULL),('97a405c6-8781-48e2-acff-2868ed5803f0','常州太湖湾音乐节','巡演返图','2025-05-04 00:00:00','2025年5月4日','2025',NULL,NULL,NULL,'https://wangfeng-fan-website.oss-cn-hangzhou.aliyuncs.com/gallery/2025/10/18/562c7d2a-dfe7-4779-a733-9d3230b329b7.jpg','https://wangfeng-fan-website.oss-cn-hangzhou.aliyuncs.com/gallery/2025/10/18/562c7d2a-dfe7-4779-a733-9d3230b329b7_thumb.jpg','oss',1,0,'approved','10000','','2025-10-30 14:59:29','2025-10-18 01:57:05',NULL,NULL,'2025-10-30 14:59:29',NULL),('d5946b0f-80bb-4fb0-b6ee-30d090e49ff5','2','巡演返图','2025-10-31 00:00:00','2025年10月31日','2025',NULL,'10000',NULL,'https://wangfeng-fan-website.oss-cn-hangzhou.aliyuncs.com/gallery/2025/11/02/0f5e6dcd-c13e-4f1e-b1d0-3505a5002c61.jpg','https://wangfeng-fan-website.oss-cn-hangzhou.aliyuncs.com/gallery/2025/11/02/0f5e6dcd-c13e-4f1e-b1d0-3505a5002c61_thumb.jpg','oss',1,0,'approved','10000',NULL,'2025-11-01 17:50:10','2025-11-01 17:39:04',NULL,NULL,'2025-11-01 17:50:10',NULL),('f2b4969f-822b-487c-b945-c17fae378f54','1102审核修改','巡演返图','2025-10-31 00:00:00','2025年10月31日','2025',NULL,'10000',NULL,'https://wangfeng-fan-website.oss-cn-hangzhou.aliyuncs.com/gallery/2025/11/02/06520154-b4d5-4b57-b6d1-c1d053570bf0.jpg','https://wangfeng-fan-website.oss-cn-hangzhou.aliyuncs.com/gallery/2025/11/02/06520154-b4d5-4b57-b6d1-c1d053570bf0_thumb.jpg','oss',1,0,'approved','10000',NULL,'2025-11-02 03:36:37','2025-11-02 03:36:25',NULL,NULL,'2025-11-02 11:32:24',NULL);
/*!40000 ALTER TABLE `photo_groups` ENABLE KEYS */;
UNLOCK TABLES;

--
-- Table structure for table `photos`
--

DROP TABLE IF EXISTS `photos`;
/*!40101 SET @saved_cs_client     = @@character_set_client */;
/*!50503 SET character_set_client = utf8mb4 */;
CREATE TABLE `photos` (
  `id` varchar(36) COLLATE utf8mb4_unicode_ci NOT NULL,
  `photo_group_id` varchar(36) COLLATE utf8mb4_unicode_ci NOT NULL,
  `original_filename` varchar(255) COLLATE utf8mb4_unicode_ci DEFAULT NULL,
  `title` varchar(200) COLLATE utf8mb4_unicode_ci DEFAULT NULL,
  `description` text COLLATE utf8mb4_unicode_ci,
  `image_url` varchar(500) COLLATE utf8mb4_unicode_ci NOT NULL,
  `image_thumb_url` varchar(500) COLLATE utf8mb4_unicode_ci DEFAULT NULL,
  `image_medium_url` varchar(500) COLLATE utf8mb4_unicode_ci DEFAULT NULL,
  `file_size` int DEFAULT NULL,
  `width` int DEFAULT NULL,
  `height` int DEFAULT NULL,
  `mime_type` varchar(50) COLLATE utf8mb4_unicode_ci DEFAULT NULL,
  `storage_type` varchar(20) COLLATE utf8mb4_unicode_ci DEFAULT NULL,
  `storage_path` varchar(500) COLLATE utf8mb4_unicode_ci DEFAULT NULL,
  `sort_order` int DEFAULT NULL,
  `is_deleted` tinyint(1) DEFAULT NULL,
  `created_at` datetime DEFAULT NULL,
  `updated_at` datetime DEFAULT NULL,
  PRIMARY KEY (`id`),
  KEY `ix_photos_sort_order` (`sort_order`),
  KEY `ix_photos_photo_group_id` (`photo_group_id`),
  KEY `ix_photos_is_deleted` (`is_deleted`),
  KEY `ix_photos_id` (`id`)
) ENGINE=InnoDB DEFAULT CHARSET=utf8mb4 COLLATE=utf8mb4_unicode_ci;
/*!40101 SET character_set_client = @saved_cs_client */;

--
-- Dumping data for table `photos`
--

LOCK TABLES `photos` WRITE;
/*!40000 ALTER TABLE `photos` DISABLE KEYS */;
INSERT INTO `photos` VALUES ('04ba82cd-abff-4ff7-9d36-3f25328e882a','daily-2025-04-15','2025.4.15-汉江的夜色溜溜的面9.jpg',NULL,NULL,'/images/画廊/日常生活/2025.4.15-汉江的夜色溜溜的面/2025.4.15-汉江的夜色溜溜的面9.jpg','/images/画廊/日常生活/2025.4.15-汉江的夜色溜溜的面/2025.4.15-汉江的夜色溜溜的面9.jpg','/images/画廊/日常生活/2025.4.15-汉江的夜色溜溜的面/2025.4.15-汉江的夜色溜溜的面9.jpg',NULL,NULL,NULL,NULL,'legacy','images/画廊/日常生活/2025.4.15-汉江的夜色溜溜的面/2025.4.15-汉江的夜色溜溜的面9.jpg',8,0,'2025-10-16 11:31:37','2025-10-16 11:31:37'),('056b9496-9d41-4580-aa57-e3f163b3a205','daily-2025-04-15','2025.4.15-汉江的夜色溜溜的面4.jpg',NULL,NULL,'/images/画廊/日常生活/2025.4.15-汉江的夜色溜溜的面/2025.4.15-汉江的夜色溜溜的面4.jpg','/images/画廊/日常生活/2025.4.15-汉江的夜色溜溜的面/2025.4.15-汉江的夜色溜溜的面4.jpg','/images/画廊/日常生活/2025.4.15-汉江的夜色溜溜的面/2025.4.15-汉江的夜色溜溜的面4.jpg',NULL,NULL,NULL,NULL,'legacy','images/画廊/日常生活/2025.4.15-汉江的夜色溜溜的面/2025.4.15-汉江的夜色溜溜的面4.jpg',3,0,'2025-10-16 11:31:37','2025-10-16 11:31:37'),('05dff5ac-b5d1-45ad-897a-39379732ac07','work-2025-04-09','2025.4.9-排练4.jpg',NULL,NULL,'/images/画廊/工作花絮/2025.4.9-排练/2025.4.9-排练4.jpg','/images/画廊/工作花絮/2025.4.9-排练/2025.4.9-排练4.jpg','/images/画廊/工作花絮/2025.4.9-排练/2025.4.9-排练4.jpg',NULL,NULL,NULL,NULL,'legacy','images/画廊/工作花絮/2025.4.9-排练/2025.4.9-排练4.jpg',3,0,'2025-10-16 11:31:37','2025-10-16 11:31:37'),('088e450d-32df-49f3-ac56-f83cd9a52be2','work-2025-04-09','2025.4.9-排练9.jpg',NULL,NULL,'/images/画廊/工作花絮/2025.4.9-排练/2025.4.9-排练9.jpg','/images/画廊/工作花絮/2025.4.9-排练/2025.4.9-排练9.jpg','/images/画廊/工作花絮/2025.4.9-排练/2025.4.9-排练9.jpg',NULL,NULL,NULL,NULL,'legacy','images/画廊/工作花絮/2025.4.9-排练/2025.4.9-排练9.jpg',8,0,'2025-10-16 11:31:37','2025-10-16 11:31:37'),('0a1112de-fe9b-4d6c-b9c6-1c0e957f3367','tour-2023-05-13','2023-5.13-UNFOLLOW深圳站5.jpg',NULL,NULL,'/images/画廊/巡演返图/2023-5.13-UNFOLLOW深圳站/2023-5.13-UNFOLLOW深圳站5.jpg','/images/画廊/巡演返图/2023-5.13-UNFOLLOW深圳站/2023-5.13-UNFOLLOW深圳站5.jpg','/images/画廊/巡演返图/2023-5.13-UNFOLLOW深圳站/2023-5.13-UNFOLLOW深圳站5.jpg',NULL,NULL,NULL,NULL,'legacy','images/画廊/巡演返图/2023-5.13-UNFOLLOW深圳站/2023-5.13-UNFOLLOW深圳站5.jpg',4,0,'2025-10-16 11:31:37','2025-10-16 11:31:37'),('0dab676d-6f2d-43d5-a661-590e03a7402a','tour-2023-04-30','2023.4.30-UNFOLLOW长沙站3.jpg',NULL,NULL,'/images/画廊/巡演返图/2023.4.30-UNFOLLOW长沙站/2023.4.30-UNFOLLOW长沙站3.jpg','/images/画廊/巡演返图/2023.4.30-UNFOLLOW长沙站/2023.4.30-UNFOLLOW长沙站3.jpg','/images/画廊/巡演返图/2023.4.30-UNFOLLOW长沙站/2023.4.30-UNFOLLOW长沙站3.jpg',NULL,NULL,NULL,NULL,'legacy','images/画廊/巡演返图/2023.4.30-UNFOLLOW长沙站/2023.4.30-UNFOLLOW长沙站3.jpg',2,0,'2025-10-16 11:31:37','2025-10-16 11:31:37'),('0daee7e5-7544-42bc-a024-94c27feba23c','tour-2023-07-08','2023.7.8-UNFOLLOW上海站9.jpg',NULL,NULL,'/images/画廊/巡演返图/2023.7.8-UNFOLLOW上海站/2023.7.8-UNFOLLOW上海站9.jpg','/images/画廊/巡演返图/2023.7.8-UNFOLLOW上海站/2023.7.8-UNFOLLOW上海站9.jpg','/images/画廊/巡演返图/2023.7.8-UNFOLLOW上海站/2023.7.8-UNFOLLOW上海站9.jpg',NULL,NULL,NULL,NULL,'legacy','images/画廊/巡演返图/2023.7.8-UNFOLLOW上海站/2023.7.8-UNFOLLOW上海站9.jpg',8,0,'2025-10-16 11:31:37','2025-10-16 11:31:37'),('1005f16d-d2d2-43e8-9148-1e34d7e9882c','tour-2023-04-15','2023.4.15-UNFOLLOW洛阳站5.jpg',NULL,NULL,'/images/画廊/巡演返图/2023.4.15-UNFOLLOW洛阳站/2023.4.15-UNFOLLOW洛阳站5.jpg','/images/画廊/巡演返图/2023.4.15-UNFOLLOW洛阳站/2023.4.15-UNFOLLOW洛阳站5.jpg','/images/画廊/巡演返图/2023.4.15-UNFOLLOW洛阳站/2023.4.15-UNFOLLOW洛阳站5.jpg',NULL,NULL,NULL,NULL,'legacy','images/画廊/巡演返图/2023.4.15-UNFOLLOW洛阳站/2023.4.15-UNFOLLOW洛阳站5.jpg',4,0,'2025-10-16 11:31:37','2025-10-16 11:31:37'),('112a1281-1502-4a8e-8bdd-6dd41c12aead','tour-2023-06-10','2023.6.10-UNFOLLOW呼和浩特站6.jpg',NULL,NULL,'/images/画廊/巡演返图/2023.6.10-UNFOLLOW呼和浩特站/2023.6.10-UNFOLLOW呼和浩特站6.jpg','/images/画廊/巡演返图/2023.6.10-UNFOLLOW呼和浩特站/2023.6.10-UNFOLLOW呼和浩特站6.jpg','/images/画廊/巡演返图/2023.6.10-UNFOLLOW呼和浩特站/2023.6.10-UNFOLLOW呼和浩特站6.jpg',NULL,NULL,NULL,NULL,'legacy','images/画廊/巡演返图/2023.6.10-UNFOLLOW呼和浩特站/2023.6.10-UNFOLLOW呼和浩特站6.jpg',5,0,'2025-10-16 11:31:37','2025-10-16 11:31:37'),('113b22ac-f008-4921-bbb5-20125139f26c','497922a1-22f7-4f4c-ab7f-17a138b6ad70','2023.4.15-UNFOLLOW洛阳站8.jpg',NULL,NULL,'https://wangfeng-fan-website.oss-cn-hangzhou.aliyuncs.com/gallery/2025/10/30/e70b6d41-661a-4db9-9be8-18eafbd26e9a.jpg','https://wangfeng-fan-website.oss-cn-hangzhou.aliyuncs.com/gallery/2025/10/30/e70b6d41-661a-4db9-9be8-18eafbd26e9a_thumb.jpg','https://wangfeng-fan-website.oss-cn-hangzhou.aliyuncs.com/gallery/2025/10/30/e70b6d41-661a-4db9-9be8-18eafbd26e9a_medium.jpg',225452,NULL,NULL,'image/jpeg','oss','https://wangfeng-fan-website.oss-cn-hangzhou.aliyuncs.com/gallery/2025/10/30/e70b6d41-661a-4db9-9be8-18eafbd26e9a.jpg',6,0,'2025-10-30 13:38:32','2025-10-30 13:38:32'),('117ee4f3-de93-41f2-995d-c0ef20b12338','tour-2023-04-15','2023.4.15-UNFOLLOW洛阳站12.jpg',NULL,NULL,'/images/画廊/巡演返图/2023.4.15-UNFOLLOW洛阳站/2023.4.15-UNFOLLOW洛阳站12.jpg','/images/画廊/巡演返图/2023.4.15-UNFOLLOW洛阳站/2023.4.15-UNFOLLOW洛阳站12.jpg','/images/画廊/巡演返图/2023.4.15-UNFOLLOW洛阳站/2023.4.15-UNFOLLOW洛阳站12.jpg',NULL,NULL,NULL,NULL,'legacy','images/画廊/巡演返图/2023.4.15-UNFOLLOW洛阳站/2023.4.15-UNFOLLOW洛阳站12.jpg',11,0,'2025-10-16 11:31:37','2025-10-16 11:31:37'),('12bfb3ad-7970-4178-9eba-12c07e1c66ae','tour-2023-06-10','2023.6.10-UNFOLLOW呼和浩特站5.jpg',NULL,NULL,'/images/画廊/巡演返图/2023.6.10-UNFOLLOW呼和浩特站/2023.6.10-UNFOLLOW呼和浩特站5.jpg','/images/画廊/巡演返图/2023.6.10-UNFOLLOW呼和浩特站/2023.6.10-UNFOLLOW呼和浩特站5.jpg','/images/画廊/巡演返图/2023.6.10-UNFOLLOW呼和浩特站/2023.6.10-UNFOLLOW呼和浩特站5.jpg',NULL,NULL,NULL,NULL,'legacy','images/画廊/巡演返图/2023.6.10-UNFOLLOW呼和浩特站/2023.6.10-UNFOLLOW呼和浩特站5.jpg',4,0,'2025-10-16 11:31:37','2025-10-16 11:31:37'),('13ae67cd-d68a-47c2-9fa0-8d6e4d51cd6e','tour-2023-06-10','2023.6.10-UNFOLLOW呼和浩特站8.jpg',NULL,NULL,'/images/画廊/巡演返图/2023.6.10-UNFOLLOW呼和浩特站/2023.6.10-UNFOLLOW呼和浩特站8.jpg','/images/画廊/巡演返图/2023.6.10-UNFOLLOW呼和浩特站/2023.6.10-UNFOLLOW呼和浩特站8.jpg','/images/画廊/巡演返图/2023.6.10-UNFOLLOW呼和浩特站/2023.6.10-UNFOLLOW呼和浩特站8.jpg',NULL,NULL,NULL,NULL,'legacy','images/画廊/巡演返图/2023.6.10-UNFOLLOW呼和浩特站/2023.6.10-UNFOLLOW呼和浩特站8.jpg',7,0,'2025-10-16 11:31:37','2025-10-16 11:31:37'),('141df51f-9124-4546-8f9d-8ead4b3309f2','621f4906-f1b9-45b6-807f-c8abf436f6f0','2023.7.8-UNFOLLOW上海站5.jpg',NULL,NULL,'https://wangfeng-fan-website.oss-cn-hangzhou.aliyuncs.com/gallery/2025/10/30/b1dbfc9f-66bd-48b4-9600-6d3f34e4f068.jpg','https://wangfeng-fan-website.oss-cn-hangzhou.aliyuncs.com/gallery/2025/10/30/b1dbfc9f-66bd-48b4-9600-6d3f34e4f068_thumb.jpg','https://wangfeng-fan-website.oss-cn-hangzhou.aliyuncs.com/gallery/2025/10/30/b1dbfc9f-66bd-48b4-9600-6d3f34e4f068_medium.jpg',310663,NULL,NULL,'image/jpeg','oss','https://wangfeng-fan-website.oss-cn-hangzhou.aliyuncs.com/gallery/2025/10/30/b1dbfc9f-66bd-48b4-9600-6d3f34e4f068.jpg',4,0,'2025-10-30 13:08:49','2025-10-30 13:08:49'),('1588df88-efec-41ec-b15a-8a12a329c179','tour-2023-07-08','2023.7.8-UNFOLLOW上海站8.jpg',NULL,NULL,'/images/画廊/巡演返图/2023.7.8-UNFOLLOW上海站/2023.7.8-UNFOLLOW上海站8.jpg','/images/画廊/巡演返图/2023.7.8-UNFOLLOW上海站/2023.7.8-UNFOLLOW上海站8.jpg','/images/画廊/巡演返图/2023.7.8-UNFOLLOW上海站/2023.7.8-UNFOLLOW上海站8.jpg',NULL,NULL,NULL,NULL,'legacy','images/画廊/巡演返图/2023.7.8-UNFOLLOW上海站/2023.7.8-UNFOLLOW上海站8.jpg',7,0,'2025-10-16 11:31:37','2025-10-16 11:31:37'),('179fabbc-c3bf-4e9a-a6f4-05cffe681ebc','tour-2021-07-03','2021.7.3-UNFOLLOW 苏州站6.jpg',NULL,NULL,'/images/画廊/巡演返图/2021.7.3-UNFOLLOW 苏州站/2021.7.3-UNFOLLOW 苏州站6.jpg','/images/画廊/巡演返图/2021.7.3-UNFOLLOW 苏州站/2021.7.3-UNFOLLOW 苏州站6.jpg','/images/画廊/巡演返图/2021.7.3-UNFOLLOW 苏州站/2021.7.3-UNFOLLOW 苏州站6.jpg',NULL,NULL,NULL,NULL,'legacy','images/画廊/巡演返图/2021.7.3-UNFOLLOW 苏州站/2021.7.3-UNFOLLOW 苏州站6.jpg',5,0,'2025-10-16 11:31:37','2025-10-16 11:31:37'),('18082589-7b22-4eae-999d-10c3050b6ed6','tour-2023-07-08','2023.7.8-UNFOLLOW上海站3.jpg',NULL,NULL,'/images/画廊/巡演返图/2023.7.8-UNFOLLOW上海站/2023.7.8-UNFOLLOW上海站3.jpg','/images/画廊/巡演返图/2023.7.8-UNFOLLOW上海站/2023.7.8-UNFOLLOW上海站3.jpg','/images/画廊/巡演返图/2023.7.8-UNFOLLOW上海站/2023.7.8-UNFOLLOW上海站3.jpg',NULL,NULL,NULL,NULL,'legacy','images/画廊/巡演返图/2023.7.8-UNFOLLOW上海站/2023.7.8-UNFOLLOW上海站3.jpg',2,0,'2025-10-16 11:31:37','2025-10-16 11:31:37'),('187c1e84-aa23-4898-8492-a7b1ed00568d','tour-2021-07-03','2021.7.3-UNFOLLOW 苏州站1.jpg',NULL,NULL,'/images/画廊/巡演返图/2021.7.3-UNFOLLOW 苏州站/2021.7.3-UNFOLLOW 苏州站1.jpg','/images/画廊/巡演返图/2021.7.3-UNFOLLOW 苏州站/2021.7.3-UNFOLLOW 苏州站1.jpg','/images/画廊/巡演返图/2021.7.3-UNFOLLOW 苏州站/2021.7.3-UNFOLLOW 苏州站1.jpg',NULL,NULL,NULL,NULL,'legacy','images/画廊/巡演返图/2021.7.3-UNFOLLOW 苏州站/2021.7.3-UNFOLLOW 苏州站1.jpg',0,0,'2025-10-16 11:31:37','2025-10-16 11:31:37'),('18d8db5a-2b05-4ef3-a390-3279f4d90cbd','497922a1-22f7-4f4c-ab7f-17a138b6ad70','2023.4.15-UNFOLLOW洛阳站10.jpg',NULL,NULL,'https://wangfeng-fan-website.oss-cn-hangzhou.aliyuncs.com/gallery/2025/10/30/14a8df43-6a63-4987-8bbb-fdf062a09b4c.jpg','https://wangfeng-fan-website.oss-cn-hangzhou.aliyuncs.com/gallery/2025/10/30/14a8df43-6a63-4987-8bbb-fdf062a09b4c_thumb.jpg','https://wangfeng-fan-website.oss-cn-hangzhou.aliyuncs.com/gallery/2025/10/30/14a8df43-6a63-4987-8bbb-fdf062a09b4c_medium.jpg',648397,NULL,NULL,'image/jpeg','oss','https://wangfeng-fan-website.oss-cn-hangzhou.aliyuncs.com/gallery/2025/10/30/14a8df43-6a63-4987-8bbb-fdf062a09b4c.jpg',8,0,'2025-10-30 13:38:32','2025-10-30 13:38:32'),('195cef83-de5b-4911-8dd4-1fd2e6d26721','497922a1-22f7-4f4c-ab7f-17a138b6ad70','2023.4.15-UNFOLLOW洛阳站6.jpg',NULL,NULL,'https://wangfeng-fan-website.oss-cn-hangzhou.aliyuncs.com/gallery/2025/10/30/9bca2b86-ec5c-436a-a48d-e9dfcb9a3582.jpg','https://wangfeng-fan-website.oss-cn-hangzhou.aliyuncs.com/gallery/2025/10/30/9bca2b86-ec5c-436a-a48d-e9dfcb9a3582_thumb.jpg','https://wangfeng-fan-website.oss-cn-hangzhou.aliyuncs.com/gallery/2025/10/30/9bca2b86-ec5c-436a-a48d-e9dfcb9a3582_medium.jpg',183552,NULL,NULL,'image/jpeg','oss','https://wangfeng-fan-website.oss-cn-hangzhou.aliyuncs.com/gallery/2025/10/30/9bca2b86-ec5c-436a-a48d-e9dfcb9a3582.jpg',4,0,'2025-10-30 13:38:32','2025-10-30 13:38:32'),('1c8a95af-8801-4d9a-94b3-9dad047c9a12','tour-2023-07-08','2023.7.8-UNFOLLOW上海站5.jpg',NULL,NULL,'/images/画廊/巡演返图/2023.7.8-UNFOLLOW上海站/2023.7.8-UNFOLLOW上海站5.jpg','/images/画廊/巡演返图/2023.7.8-UNFOLLOW上海站/2023.7.8-UNFOLLOW上海站5.jpg','/images/画廊/巡演返图/2023.7.8-UNFOLLOW上海站/2023.7.8-UNFOLLOW上海站5.jpg',NULL,NULL,NULL,NULL,'legacy','images/画廊/巡演返图/2023.7.8-UNFOLLOW上海站/2023.7.8-UNFOLLOW上海站5.jpg',4,0,'2025-10-16 11:31:37','2025-10-16 11:31:37'),('1d403034-7d64-43fd-9242-68618377f4ad','621f4906-f1b9-45b6-807f-c8abf436f6f0','2023.7.8-UNFOLLOW上海站8.jpg',NULL,NULL,'https://wangfeng-fan-website.oss-cn-hangzhou.aliyuncs.com/gallery/2025/10/30/813e3e8e-42c4-4ce9-b1b5-461380908c9a.jpg','https://wangfeng-fan-website.oss-cn-hangzhou.aliyuncs.com/gallery/2025/10/30/813e3e8e-42c4-4ce9-b1b5-461380908c9a_thumb.jpg','https://wangfeng-fan-website.oss-cn-hangzhou.aliyuncs.com/gallery/2025/10/30/813e3e8e-42c4-4ce9-b1b5-461380908c9a_medium.jpg',57643,NULL,NULL,'image/jpeg','oss','https://wangfeng-fan-website.oss-cn-hangzhou.aliyuncs.com/gallery/2025/10/30/813e3e8e-42c4-4ce9-b1b5-461380908c9a.jpg',7,0,'2025-10-30 13:08:49','2025-10-30 13:08:49'),('1d81bbd0-25d6-42d6-a9a9-f020b4277cbf','55eb8b95-f57e-45aa-9211-7f2e47ced46c','汪峰相信未来哈尔滨-1.jpg',NULL,NULL,'https://wangfeng-fan-website.oss-cn-hangzhou.aliyuncs.com/gallery/2025/10/30/a310946d-bf47-4537-9b73-bdf37825c4fa.jpg','https://wangfeng-fan-website.oss-cn-hangzhou.aliyuncs.com/gallery/2025/10/30/a310946d-bf47-4537-9b73-bdf37825c4fa_thumb.jpg','https://wangfeng-fan-website.oss-cn-hangzhou.aliyuncs.com/gallery/2025/10/30/a310946d-bf47-4537-9b73-bdf37825c4fa_medium.jpg',3576438,NULL,NULL,'image/jpeg','oss','https://wangfeng-fan-website.oss-cn-hangzhou.aliyuncs.com/gallery/2025/10/30/a310946d-bf47-4537-9b73-bdf37825c4fa.jpg',0,0,'2025-10-30 13:07:15','2025-10-30 13:07:15'),('1f105450-2e40-4a2f-b32c-b0a78d682681','497922a1-22f7-4f4c-ab7f-17a138b6ad70','2023.4.15-UNFOLLOW洛阳站13.jpg',NULL,NULL,'https://wangfeng-fan-website.oss-cn-hangzhou.aliyuncs.com/gallery/2025/10/30/2536d8e2-b10a-4d2b-a5bd-76751be079f2.jpg','https://wangfeng-fan-website.oss-cn-hangzhou.aliyuncs.com/gallery/2025/10/30/2536d8e2-b10a-4d2b-a5bd-76751be079f2_thumb.jpg','https://wangfeng-fan-website.oss-cn-hangzhou.aliyuncs.com/gallery/2025/10/30/2536d8e2-b10a-4d2b-a5bd-76751be079f2_medium.jpg',78490,NULL,NULL,'image/jpeg','oss','https://wangfeng-fan-website.oss-cn-hangzhou.aliyuncs.com/gallery/2025/10/30/2536d8e2-b10a-4d2b-a5bd-76751be079f2.jpg',11,0,'2025-10-30 13:38:32','2025-10-30 13:38:32'),('215079bf-ad12-4ebc-b276-c7dc19c91114','97a405c6-8781-48e2-acff-2868ed5803f0','汪峰-常州太湖湾音乐节-2.jpg',NULL,NULL,'https://wangfeng-fan-website.oss-cn-hangzhou.aliyuncs.com/gallery/2025/10/18/562c7d2a-dfe7-4779-a733-9d3230b329b7.jpg','https://wangfeng-fan-website.oss-cn-hangzhou.aliyuncs.com/gallery/2025/10/18/562c7d2a-dfe7-4779-a733-9d3230b329b7_thumb.jpg','https://wangfeng-fan-website.oss-cn-hangzhou.aliyuncs.com/gallery/2025/10/18/562c7d2a-dfe7-4779-a733-9d3230b329b7_medium.jpg',2660906,NULL,NULL,'image/jpeg','oss','https://wangfeng-fan-website.oss-cn-hangzhou.aliyuncs.com/gallery/2025/10/18/562c7d2a-dfe7-4779-a733-9d3230b329b7.jpg',0,0,'2025-10-18 01:57:05','2025-10-18 01:57:05'),('2154ac38-9eec-4ba2-8439-8bdc795699f2','6f5b2b1c-ddcd-47bf-95d7-d15f90e25767','2023.4.30-UNFOLLOW长沙站12.jpg',NULL,NULL,'https://wangfeng-fan-website.oss-cn-hangzhou.aliyuncs.com/gallery/2025/10/30/81f5b60f-7066-40f5-abb9-982ee6b6dd9b.jpg','https://wangfeng-fan-website.oss-cn-hangzhou.aliyuncs.com/gallery/2025/10/30/81f5b60f-7066-40f5-abb9-982ee6b6dd9b_thumb.jpg','https://wangfeng-fan-website.oss-cn-hangzhou.aliyuncs.com/gallery/2025/10/30/81f5b60f-7066-40f5-abb9-982ee6b6dd9b_medium.jpg',183074,NULL,NULL,'image/jpeg','oss','https://wangfeng-fan-website.oss-cn-hangzhou.aliyuncs.com/gallery/2025/10/30/81f5b60f-7066-40f5-abb9-982ee6b6dd9b.jpg',9,0,'2025-10-30 13:36:59','2025-10-30 13:36:59'),('224cc45d-456d-49d3-870f-48398c102ba4','tour-2023-04-15','2023.4.15-UNFOLLOW洛阳站8.jpg',NULL,NULL,'/images/画廊/巡演返图/2023.4.15-UNFOLLOW洛阳站/2023.4.15-UNFOLLOW洛阳站8.jpg','/images/画廊/巡演返图/2023.4.15-UNFOLLOW洛阳站/2023.4.15-UNFOLLOW洛阳站8.jpg','/images/画廊/巡演返图/2023.4.15-UNFOLLOW洛阳站/2023.4.15-UNFOLLOW洛阳站8.jpg',NULL,NULL,NULL,NULL,'legacy','images/画廊/巡演返图/2023.4.15-UNFOLLOW洛阳站/2023.4.15-UNFOLLOW洛阳站8.jpg',7,0,'2025-10-16 11:31:37','2025-10-16 11:31:37'),('2283ba07-eab1-4b20-a5da-0342912eddce','6f5b2b1c-ddcd-47bf-95d7-d15f90e25767','2023.4.30-UNFOLLOW长沙站14.jpg',NULL,NULL,'https://wangfeng-fan-website.oss-cn-hangzhou.aliyuncs.com/gallery/2025/10/30/97c46163-8b6f-4d1d-acbd-dd2b8d3052d6.jpg','https://wangfeng-fan-website.oss-cn-hangzhou.aliyuncs.com/gallery/2025/10/30/97c46163-8b6f-4d1d-acbd-dd2b8d3052d6_thumb.jpg','https://wangfeng-fan-website.oss-cn-hangzhou.aliyuncs.com/gallery/2025/10/30/97c46163-8b6f-4d1d-acbd-dd2b8d3052d6_medium.jpg',186900,NULL,NULL,'image/jpeg','oss','https://wangfeng-fan-website.oss-cn-hangzhou.aliyuncs.com/gallery/2025/10/30/97c46163-8b6f-4d1d-acbd-dd2b8d3052d6.jpg',11,0,'2025-10-30 13:36:59','2025-10-30 13:36:59'),('23de0166-1a1b-4ac7-8d64-ac8c9a97afc3','tour-2023-04-30','2023.4.30-UNFOLLOW长沙站5.jpg',NULL,NULL,'/images/画廊/巡演返图/2023.4.30-UNFOLLOW长沙站/2023.4.30-UNFOLLOW长沙站5.jpg','/images/画廊/巡演返图/2023.4.30-UNFOLLOW长沙站/2023.4.30-UNFOLLOW长沙站5.jpg','/images/画廊/巡演返图/2023.4.30-UNFOLLOW长沙站/2023.4.30-UNFOLLOW长沙站5.jpg',NULL,NULL,NULL,NULL,'legacy','images/画廊/巡演返图/2023.4.30-UNFOLLOW长沙站/2023.4.30-UNFOLLOW长沙站5.jpg',4,0,'2025-10-16 11:31:37','2025-10-16 11:31:37'),('27beb8fc-3f01-426d-82a9-ea81f361f12d','daily-2025-04-15','2025.4.15-汉江的夜色溜溜的面8.jpg',NULL,NULL,'/images/画廊/日常生活/2025.4.15-汉江的夜色溜溜的面/2025.4.15-汉江的夜色溜溜的面8.jpg','/images/画廊/日常生活/2025.4.15-汉江的夜色溜溜的面/2025.4.15-汉江的夜色溜溜的面8.jpg','/images/画廊/日常生活/2025.4.15-汉江的夜色溜溜的面/2025.4.15-汉江的夜色溜溜的面8.jpg',NULL,NULL,NULL,NULL,'legacy','images/画廊/日常生活/2025.4.15-汉江的夜色溜溜的面/2025.4.15-汉江的夜色溜溜的面8.jpg',7,0,'2025-10-16 11:31:37','2025-10-16 11:31:37'),('28a9e7a7-7cbd-4f3e-808d-d81048917c8a','55eb8b95-f57e-45aa-9211-7f2e47ced46c','汪峰相信未来哈尔滨-5.jpg',NULL,NULL,'https://wangfeng-fan-website.oss-cn-hangzhou.aliyuncs.com/gallery/2025/10/30/c985da2f-405b-4bb8-9a2c-0319fc85c8df.jpg','https://wangfeng-fan-website.oss-cn-hangzhou.aliyuncs.com/gallery/2025/10/30/c985da2f-405b-4bb8-9a2c-0319fc85c8df_thumb.jpg','https://wangfeng-fan-website.oss-cn-hangzhou.aliyuncs.com/gallery/2025/10/30/c985da2f-405b-4bb8-9a2c-0319fc85c8df_medium.jpg',4813308,NULL,NULL,'image/jpeg','oss','https://wangfeng-fan-website.oss-cn-hangzhou.aliyuncs.com/gallery/2025/10/30/c985da2f-405b-4bb8-9a2c-0319fc85c8df.jpg',2,0,'2025-10-30 13:07:15','2025-10-30 13:07:15'),('29eb12db-5be0-4996-8884-e9c875d788ee','6f5b2b1c-ddcd-47bf-95d7-d15f90e25767','2023.4.30-UNFOLLOW长沙站4.jpg',NULL,NULL,'https://wangfeng-fan-website.oss-cn-hangzhou.aliyuncs.com/gallery/2025/10/30/5393dc0d-eed4-4c87-852f-3e18254fae52.jpg','https://wangfeng-fan-website.oss-cn-hangzhou.aliyuncs.com/gallery/2025/10/30/5393dc0d-eed4-4c87-852f-3e18254fae52_thumb.jpg','https://wangfeng-fan-website.oss-cn-hangzhou.aliyuncs.com/gallery/2025/10/30/5393dc0d-eed4-4c87-852f-3e18254fae52_medium.jpg',265778,NULL,NULL,'image/jpeg','oss','https://wangfeng-fan-website.oss-cn-hangzhou.aliyuncs.com/gallery/2025/10/30/5393dc0d-eed4-4c87-852f-3e18254fae52.jpg',3,0,'2025-10-30 13:36:59','2025-10-30 13:36:59'),('2a5fd9cd-a3b0-490d-8459-2a9c66bcb1a0','tour-2023-04-30','2023.4.30-UNFOLLOW长沙站2.jpg',NULL,NULL,'/images/画廊/巡演返图/2023.4.30-UNFOLLOW长沙站/2023.4.30-UNFOLLOW长沙站2.jpg','/images/画廊/巡演返图/2023.4.30-UNFOLLOW长沙站/2023.4.30-UNFOLLOW长沙站2.jpg','/images/画廊/巡演返图/2023.4.30-UNFOLLOW长沙站/2023.4.30-UNFOLLOW长沙站2.jpg',NULL,NULL,NULL,NULL,'legacy','images/画廊/巡演返图/2023.4.30-UNFOLLOW长沙站/2023.4.30-UNFOLLOW长沙站2.jpg',1,0,'2025-10-16 11:31:37','2025-10-16 11:31:37'),('2c4d2e47-2b84-47be-83d6-98e64a418242','497922a1-22f7-4f4c-ab7f-17a138b6ad70','2023.4.15-UNFOLLOW洛阳站11.jpg',NULL,NULL,'https://wangfeng-fan-website.oss-cn-hangzhou.aliyuncs.com/gallery/2025/10/30/9635ee4e-606f-4c1f-9c20-b1526899ec69.jpg','https://wangfeng-fan-website.oss-cn-hangzhou.aliyuncs.com/gallery/2025/10/30/9635ee4e-606f-4c1f-9c20-b1526899ec69_thumb.jpg','https://wangfeng-fan-website.oss-cn-hangzhou.aliyuncs.com/gallery/2025/10/30/9635ee4e-606f-4c1f-9c20-b1526899ec69_medium.jpg',182717,NULL,NULL,'image/jpeg','oss','https://wangfeng-fan-website.oss-cn-hangzhou.aliyuncs.com/gallery/2025/10/30/9635ee4e-606f-4c1f-9c20-b1526899ec69.jpg',9,0,'2025-10-30 13:38:32','2025-10-30 13:38:32'),('316e9f9f-c5e9-4214-84bc-4da2dd245b9a','621f4906-f1b9-45b6-807f-c8abf436f6f0','2023.7.8-UNFOLLOW上海站6.jpg',NULL,NULL,'https://wangfeng-fan-website.oss-cn-hangzhou.aliyuncs.com/gallery/2025/10/30/1fba966c-e5f2-476e-b9c5-84cb3af46f54.jpg','https://wangfeng-fan-website.oss-cn-hangzhou.aliyuncs.com/gallery/2025/10/30/1fba966c-e5f2-476e-b9c5-84cb3af46f54_thumb.jpg','https://wangfeng-fan-website.oss-cn-hangzhou.aliyuncs.com/gallery/2025/10/30/1fba966c-e5f2-476e-b9c5-84cb3af46f54_medium.jpg',260938,NULL,NULL,'image/jpeg','oss','https://wangfeng-fan-website.oss-cn-hangzhou.aliyuncs.com/gallery/2025/10/30/1fba966c-e5f2-476e-b9c5-84cb3af46f54.jpg',5,0,'2025-10-30 13:08:49','2025-10-30 13:08:49'),('333ecb9e-935d-4593-96b2-1e8970e208b4','tour-2021-07-03','2021.7.3-UNFOLLOW 苏州站4.jpg',NULL,NULL,'/images/画廊/巡演返图/2021.7.3-UNFOLLOW 苏州站/2021.7.3-UNFOLLOW 苏州站4.jpg','/images/画廊/巡演返图/2021.7.3-UNFOLLOW 苏州站/2021.7.3-UNFOLLOW 苏州站4.jpg','/images/画廊/巡演返图/2021.7.3-UNFOLLOW 苏州站/2021.7.3-UNFOLLOW 苏州站4.jpg',NULL,NULL,NULL,NULL,'legacy','images/画廊/巡演返图/2021.7.3-UNFOLLOW 苏州站/2021.7.3-UNFOLLOW 苏州站4.jpg',3,0,'2025-10-16 11:31:37','2025-10-16 11:31:37'),('3653aadc-7f92-4461-b2c6-39ada44ee2b2','6f5b2b1c-ddcd-47bf-95d7-d15f90e25767','2023.4.30-UNFOLLOW长沙站8.jpg',NULL,NULL,'https://wangfeng-fan-website.oss-cn-hangzhou.aliyuncs.com/gallery/2025/10/30/c2d16c2e-7765-4077-bb70-2d833e7c923c.jpg','https://wangfeng-fan-website.oss-cn-hangzhou.aliyuncs.com/gallery/2025/10/30/c2d16c2e-7765-4077-bb70-2d833e7c923c_thumb.jpg','https://wangfeng-fan-website.oss-cn-hangzhou.aliyuncs.com/gallery/2025/10/30/c2d16c2e-7765-4077-bb70-2d833e7c923c_medium.jpg',45429,NULL,NULL,'image/jpeg','oss','https://wangfeng-fan-website.oss-cn-hangzhou.aliyuncs.com/gallery/2025/10/30/c2d16c2e-7765-4077-bb70-2d833e7c923c.jpg',5,0,'2025-10-30 13:36:59','2025-10-30 13:36:59'),('37337ec7-d5d1-46d6-968d-e05977d3a786','work-2025-04-09','2025.4.9-排练8.jpg',NULL,NULL,'/images/画廊/工作花絮/2025.4.9-排练/2025.4.9-排练8.jpg','/images/画廊/工作花絮/2025.4.9-排练/2025.4.9-排练8.jpg','/images/画廊/工作花絮/2025.4.9-排练/2025.4.9-排练8.jpg',NULL,NULL,NULL,NULL,'legacy','images/画廊/工作花絮/2025.4.9-排练/2025.4.9-排练8.jpg',7,0,'2025-10-16 11:31:37','2025-10-16 11:31:37'),('3a6cb211-59bf-41de-822d-e1f6c2c1fee6','tour-2023-05-13','2023-5.13-UNFOLLOW深圳站8.jpg',NULL,NULL,'/images/画廊/巡演返图/2023-5.13-UNFOLLOW深圳站/2023-5.13-UNFOLLOW深圳站8.jpg','/images/画廊/巡演返图/2023-5.13-UNFOLLOW深圳站/2023-5.13-UNFOLLOW深圳站8.jpg','/images/画廊/巡演返图/2023-5.13-UNFOLLOW深圳站/2023-5.13-UNFOLLOW深圳站8.jpg',NULL,NULL,NULL,NULL,'legacy','images/画廊/巡演返图/2023-5.13-UNFOLLOW深圳站/2023-5.13-UNFOLLOW深圳站8.jpg',7,0,'2025-10-16 11:31:37','2025-10-16 11:31:37'),('3e8673bd-e9fb-4c8d-890d-fc18fd49d3be','97a405c6-8781-48e2-acff-2868ed5803f0','汪峰-常州太湖湾音乐节-4.jpg',NULL,NULL,'https://wangfeng-fan-website.oss-cn-hangzhou.aliyuncs.com/gallery/2025/10/18/b2ed2120-4d57-4110-b023-83ed42268295.jpg','https://wangfeng-fan-website.oss-cn-hangzhou.aliyuncs.com/gallery/2025/10/18/b2ed2120-4d57-4110-b023-83ed42268295_thumb.jpg','https://wangfeng-fan-website.oss-cn-hangzhou.aliyuncs.com/gallery/2025/10/18/b2ed2120-4d57-4110-b023-83ed42268295_medium.jpg',3529088,NULL,NULL,'image/jpeg','oss','https://wangfeng-fan-website.oss-cn-hangzhou.aliyuncs.com/gallery/2025/10/18/b2ed2120-4d57-4110-b023-83ed42268295.jpg',1,0,'2025-10-18 01:57:05','2025-10-18 01:57:05'),('400dd12e-1658-453c-aecc-0c2e333eec13','tour-2023-05-13','2023-5.13-UNFOLLOW深圳站4.jpg',NULL,NULL,'/images/画廊/巡演返图/2023-5.13-UNFOLLOW深圳站/2023-5.13-UNFOLLOW深圳站4.jpg','/images/画廊/巡演返图/2023-5.13-UNFOLLOW深圳站/2023-5.13-UNFOLLOW深圳站4.jpg','/images/画廊/巡演返图/2023-5.13-UNFOLLOW深圳站/2023-5.13-UNFOLLOW深圳站4.jpg',NULL,NULL,NULL,NULL,'legacy','images/画廊/巡演返图/2023-5.13-UNFOLLOW深圳站/2023-5.13-UNFOLLOW深圳站4.jpg',3,0,'2025-10-16 11:31:37','2025-10-16 11:31:37'),('41b89d12-2a90-440e-b677-8d27ad83b9d1','tour-2023-07-08','2023.7.8-UNFOLLOW上海站7.jpg',NULL,NULL,'/images/画廊/巡演返图/2023.7.8-UNFOLLOW上海站/2023.7.8-UNFOLLOW上海站7.jpg','/images/画廊/巡演返图/2023.7.8-UNFOLLOW上海站/2023.7.8-UNFOLLOW上海站7.jpg','/images/画廊/巡演返图/2023.7.8-UNFOLLOW上海站/2023.7.8-UNFOLLOW上海站7.jpg',NULL,NULL,NULL,NULL,'legacy','images/画廊/巡演返图/2023.7.8-UNFOLLOW上海站/2023.7.8-UNFOLLOW上海站7.jpg',6,0,'2025-10-16 11:31:37','2025-10-16 11:31:37'),('4249da2b-146a-4421-be91-b188667e8c30','daily-2025-04-15','2025.4.15-汉江的夜色溜溜的面7.jpg',NULL,NULL,'/images/画廊/日常生活/2025.4.15-汉江的夜色溜溜的面/2025.4.15-汉江的夜色溜溜的面7.jpg','/images/画廊/日常生活/2025.4.15-汉江的夜色溜溜的面/2025.4.15-汉江的夜色溜溜的面7.jpg','/images/画廊/日常生活/2025.4.15-汉江的夜色溜溜的面/2025.4.15-汉江的夜色溜溜的面7.jpg',NULL,NULL,NULL,NULL,'legacy','images/画廊/日常生活/2025.4.15-汉江的夜色溜溜的面/2025.4.15-汉江的夜色溜溜的面7.jpg',6,0,'2025-10-16 11:31:37','2025-10-16 11:31:37'),('42bad631-e1a6-4e16-9821-ed450dc34785','497922a1-22f7-4f4c-ab7f-17a138b6ad70','2023.4.15-UNFOLLOW洛阳站2.jpg',NULL,NULL,'https://wangfeng-fan-website.oss-cn-hangzhou.aliyuncs.com/gallery/2025/10/30/48123680-80be-4aa8-aeb8-89f06a1dfa8b.jpg','https://wangfeng-fan-website.oss-cn-hangzhou.aliyuncs.com/gallery/2025/10/30/48123680-80be-4aa8-aeb8-89f06a1dfa8b_thumb.jpg','https://wangfeng-fan-website.oss-cn-hangzhou.aliyuncs.com/gallery/2025/10/30/48123680-80be-4aa8-aeb8-89f06a1dfa8b_medium.jpg',182985,NULL,NULL,'image/jpeg','oss','https://wangfeng-fan-website.oss-cn-hangzhou.aliyuncs.com/gallery/2025/10/30/48123680-80be-4aa8-aeb8-89f06a1dfa8b.jpg',0,0,'2025-10-30 13:38:32','2025-10-30 13:38:32'),('447841b8-b459-4446-a312-003a6a4e342c','tour-2021-07-03','2021.7.3-UNFOLLOW 苏州站9.jpg',NULL,NULL,'/images/画廊/巡演返图/2021.7.3-UNFOLLOW 苏州站/2021.7.3-UNFOLLOW 苏州站9.jpg','/images/画廊/巡演返图/2021.7.3-UNFOLLOW 苏州站/2021.7.3-UNFOLLOW 苏州站9.jpg','/images/画廊/巡演返图/2021.7.3-UNFOLLOW 苏州站/2021.7.3-UNFOLLOW 苏州站9.jpg',NULL,NULL,NULL,NULL,'legacy','images/画廊/巡演返图/2021.7.3-UNFOLLOW 苏州站/2021.7.3-UNFOLLOW 苏州站9.jpg',8,0,'2025-10-16 11:31:37','2025-10-16 11:31:37'),('44e4df14-a8ff-471e-b23e-7997b52f53c1','daily-2025-04-15','2025.4.15-汉江的夜色溜溜的面1.jpg',NULL,NULL,'/images/画廊/日常生活/2025.4.15-汉江的夜色溜溜的面/2025.4.15-汉江的夜色溜溜的面1.jpg','/images/画廊/日常生活/2025.4.15-汉江的夜色溜溜的面/2025.4.15-汉江的夜色溜溜的面1.jpg','/images/画廊/日常生活/2025.4.15-汉江的夜色溜溜的面/2025.4.15-汉江的夜色溜溜的面1.jpg',NULL,NULL,NULL,NULL,'legacy','images/画廊/日常生活/2025.4.15-汉江的夜色溜溜的面/2025.4.15-汉江的夜色溜溜的面1.jpg',0,0,'2025-10-16 11:31:37','2025-10-16 11:31:37'),('452ca34e-99a3-49d7-a9dd-30e4707f2bbf','tour-2023-04-15','2023.4.15-UNFOLLOW洛阳站1.png',NULL,NULL,'/images/画廊/巡演返图/2023.4.15-UNFOLLOW洛阳站/2023.4.15-UNFOLLOW洛阳站1.png','/images/画廊/巡演返图/2023.4.15-UNFOLLOW洛阳站/2023.4.15-UNFOLLOW洛阳站1.png','/images/画廊/巡演返图/2023.4.15-UNFOLLOW洛阳站/2023.4.15-UNFOLLOW洛阳站1.png',NULL,NULL,NULL,NULL,'legacy','images/画廊/巡演返图/2023.4.15-UNFOLLOW洛阳站/2023.4.15-UNFOLLOW洛阳站1.png',0,0,'2025-10-16 11:31:37','2025-10-16 11:31:37'),('464aa2a0-e5fc-4ba0-82e7-a7b1330047da','tour-2023-04-15','2023.4.15-UNFOLLOW洛阳站6.jpg',NULL,NULL,'/images/画廊/巡演返图/2023.4.15-UNFOLLOW洛阳站/2023.4.15-UNFOLLOW洛阳站6.jpg','/images/画廊/巡演返图/2023.4.15-UNFOLLOW洛阳站/2023.4.15-UNFOLLOW洛阳站6.jpg','/images/画廊/巡演返图/2023.4.15-UNFOLLOW洛阳站/2023.4.15-UNFOLLOW洛阳站6.jpg',NULL,NULL,NULL,NULL,'legacy','images/画廊/巡演返图/2023.4.15-UNFOLLOW洛阳站/2023.4.15-UNFOLLOW洛阳站6.jpg',5,0,'2025-10-16 11:31:37','2025-10-16 11:31:37'),('49e379df-acd8-4be0-aba6-c3322d9fde8f','d5946b0f-80bb-4fb0-b6ee-30d090e49ff5','就独自去看看大海-1.jpg',NULL,NULL,'https://wangfeng-fan-website.oss-cn-hangzhou.aliyuncs.com/gallery/2025/11/02/0f5e6dcd-c13e-4f1e-b1d0-3505a5002c61.jpg','https://wangfeng-fan-website.oss-cn-hangzhou.aliyuncs.com/gallery/2025/11/02/0f5e6dcd-c13e-4f1e-b1d0-3505a5002c61_thumb.jpg','https://wangfeng-fan-website.oss-cn-hangzhou.aliyuncs.com/gallery/2025/11/02/0f5e6dcd-c13e-4f1e-b1d0-3505a5002c61_medium.jpg',4579418,NULL,NULL,'image/jpeg','oss','https://wangfeng-fan-website.oss-cn-hangzhou.aliyuncs.com/gallery/2025/11/02/0f5e6dcd-c13e-4f1e-b1d0-3505a5002c61.jpg',0,0,'2025-11-01 17:39:04','2025-11-01 17:39:04'),('49ff120b-13c5-4cc7-947c-77b8a461dcbd','tour-2023-04-15','2023.4.15-UNFOLLOW洛阳站13.jpg',NULL,NULL,'/images/画廊/巡演返图/2023.4.15-UNFOLLOW洛阳站/2023.4.15-UNFOLLOW洛阳站13.jpg','/images/画廊/巡演返图/2023.4.15-UNFOLLOW洛阳站/2023.4.15-UNFOLLOW洛阳站13.jpg','/images/画廊/巡演返图/2023.4.15-UNFOLLOW洛阳站/2023.4.15-UNFOLLOW洛阳站13.jpg',NULL,NULL,NULL,NULL,'legacy','images/画廊/巡演返图/2023.4.15-UNFOLLOW洛阳站/2023.4.15-UNFOLLOW洛阳站13.jpg',12,0,'2025-10-16 11:31:37','2025-10-16 11:31:37'),('4be16083-170d-481f-828b-882f3f106353','daily-2025-04-15','2025.4.15-汉江的夜色溜溜的面11.jpg',NULL,NULL,'/images/画廊/日常生活/2025.4.15-汉江的夜色溜溜的面/2025.4.15-汉江的夜色溜溜的面11.jpg','/images/画廊/日常生活/2025.4.15-汉江的夜色溜溜的面/2025.4.15-汉江的夜色溜溜的面11.jpg','/images/画廊/日常生活/2025.4.15-汉江的夜色溜溜的面/2025.4.15-汉江的夜色溜溜的面11.jpg',NULL,NULL,NULL,NULL,'legacy','images/画廊/日常生活/2025.4.15-汉江的夜色溜溜的面/2025.4.15-汉江的夜色溜溜的面11.jpg',10,0,'2025-10-16 11:31:37','2025-10-16 11:31:37'),('4e708a77-7170-4f8e-a433-f9fb0b44aa80','621f4906-f1b9-45b6-807f-c8abf436f6f0','2023.7.8-UNFOLLOW上海站4.jpg',NULL,NULL,'https://wangfeng-fan-website.oss-cn-hangzhou.aliyuncs.com/gallery/2025/10/30/43f8d052-fddd-4a04-8435-f9791192cf35.jpg','https://wangfeng-fan-website.oss-cn-hangzhou.aliyuncs.com/gallery/2025/10/30/43f8d052-fddd-4a04-8435-f9791192cf35_thumb.jpg','https://wangfeng-fan-website.oss-cn-hangzhou.aliyuncs.com/gallery/2025/10/30/43f8d052-fddd-4a04-8435-f9791192cf35_medium.jpg',124849,NULL,NULL,'image/jpeg','oss','https://wangfeng-fan-website.oss-cn-hangzhou.aliyuncs.com/gallery/2025/10/30/43f8d052-fddd-4a04-8435-f9791192cf35.jpg',3,0,'2025-10-30 13:08:49','2025-10-30 13:08:49'),('4f77618a-b18d-4491-9124-fc69465c9bb2','daily-2025-04-15','2025.4.15-汉江的夜色溜溜的面5.jpg',NULL,NULL,'/images/画廊/日常生活/2025.4.15-汉江的夜色溜溜的面/2025.4.15-汉江的夜色溜溜的面5.jpg','/images/画廊/日常生活/2025.4.15-汉江的夜色溜溜的面/2025.4.15-汉江的夜色溜溜的面5.jpg','/images/画廊/日常生活/2025.4.15-汉江的夜色溜溜的面/2025.4.15-汉江的夜色溜溜的面5.jpg',NULL,NULL,NULL,NULL,'legacy','images/画廊/日常生活/2025.4.15-汉江的夜色溜溜的面/2025.4.15-汉江的夜色溜溜的面5.jpg',4,0,'2025-10-16 11:31:37','2025-10-16 11:31:37'),('50a6e66d-a4b2-425f-8be5-643d80d8d40f','44c70c9d-d6e3-4a75-a911-98d6c49aaaa3','哈尔滨演出前-1.jpg',NULL,NULL,'https://wangfeng-fan-website.oss-cn-hangzhou.aliyuncs.com/gallery/2025/10/31/6a9e1f8d-ea44-497c-8b21-bcd0a070c2b6.jpg','https://wangfeng-fan-website.oss-cn-hangzhou.aliyuncs.com/gallery/2025/10/31/6a9e1f8d-ea44-497c-8b21-bcd0a070c2b6_thumb.jpg','https://wangfeng-fan-website.oss-cn-hangzhou.aliyuncs.com/gallery/2025/10/31/6a9e1f8d-ea44-497c-8b21-bcd0a070c2b6_medium.jpg',4238741,NULL,NULL,'image/jpeg','oss','https://wangfeng-fan-website.oss-cn-hangzhou.aliyuncs.com/gallery/2025/10/31/6a9e1f8d-ea44-497c-8b21-bcd0a070c2b6.jpg',0,0,'2025-10-31 04:01:39','2025-10-31 04:01:39'),('533b52d5-75b3-4834-a02f-c8c9f13f314a','tour-2023-07-08','2023.7.8-UNFOLLOW上海站1.jpg',NULL,NULL,'/images/画廊/巡演返图/2023.7.8-UNFOLLOW上海站/2023.7.8-UNFOLLOW上海站1.jpg','/images/画廊/巡演返图/2023.7.8-UNFOLLOW上海站/2023.7.8-UNFOLLOW上海站1.jpg','/images/画廊/巡演返图/2023.7.8-UNFOLLOW上海站/2023.7.8-UNFOLLOW上海站1.jpg',NULL,NULL,NULL,NULL,'legacy','images/画廊/巡演返图/2023.7.8-UNFOLLOW上海站/2023.7.8-UNFOLLOW上海站1.jpg',0,0,'2025-10-16 11:31:37','2025-10-16 11:31:37'),('5b92a1bd-e289-420f-ad17-ac6c960c5e5d','55eb8b95-f57e-45aa-9211-7f2e47ced46c','汪峰相信未来哈尔滨-12.jpg',NULL,NULL,'https://wangfeng-fan-website.oss-cn-hangzhou.aliyuncs.com/gallery/2025/10/30/058880a6-30ee-4cd6-9efb-32bfe7883826.jpg','https://wangfeng-fan-website.oss-cn-hangzhou.aliyuncs.com/gallery/2025/10/30/058880a6-30ee-4cd6-9efb-32bfe7883826_thumb.jpg','https://wangfeng-fan-website.oss-cn-hangzhou.aliyuncs.com/gallery/2025/10/30/058880a6-30ee-4cd6-9efb-32bfe7883826_medium.jpg',3615697,NULL,NULL,'image/jpeg','oss','https://wangfeng-fan-website.oss-cn-hangzhou.aliyuncs.com/gallery/2025/10/30/058880a6-30ee-4cd6-9efb-32bfe7883826.jpg',4,0,'2025-10-30 13:07:15','2025-10-30 13:07:15'),('5b97526d-35f6-4622-aae5-8d2746d8b3b1','tour-2023-05-13','2023-5.13-UNFOLLOW深圳站7.jpg',NULL,NULL,'/images/画廊/巡演返图/2023-5.13-UNFOLLOW深圳站/2023-5.13-UNFOLLOW深圳站7.jpg','/images/画廊/巡演返图/2023-5.13-UNFOLLOW深圳站/2023-5.13-UNFOLLOW深圳站7.jpg','/images/画廊/巡演返图/2023-5.13-UNFOLLOW深圳站/2023-5.13-UNFOLLOW深圳站7.jpg',NULL,NULL,NULL,NULL,'legacy','images/画廊/巡演返图/2023-5.13-UNFOLLOW深圳站/2023-5.13-UNFOLLOW深圳站7.jpg',6,0,'2025-10-16 11:31:37','2025-10-16 11:31:37'),('5d8758d6-3543-4131-9e64-acca04e85e8f','621f4906-f1b9-45b6-807f-c8abf436f6f0','2023.7.8-UNFOLLOW上海站3.jpg',NULL,NULL,'https://wangfeng-fan-website.oss-cn-hangzhou.aliyuncs.com/gallery/2025/10/30/685ca6d8-9ccf-4353-a56b-74fdfabb7031.jpg','https://wangfeng-fan-website.oss-cn-hangzhou.aliyuncs.com/gallery/2025/10/30/685ca6d8-9ccf-4353-a56b-74fdfabb7031_thumb.jpg','https://wangfeng-fan-website.oss-cn-hangzhou.aliyuncs.com/gallery/2025/10/30/685ca6d8-9ccf-4353-a56b-74fdfabb7031_medium.jpg',190101,NULL,NULL,'image/jpeg','oss','https://wangfeng-fan-website.oss-cn-hangzhou.aliyuncs.com/gallery/2025/10/30/685ca6d8-9ccf-4353-a56b-74fdfabb7031.jpg',2,0,'2025-10-30 13:08:49','2025-10-30 13:08:49'),('5e608872-b973-45d8-9e70-2a0c6e10eba9','work-2025-04-09','2025.4.9-排练1.jpg',NULL,NULL,'/images/画廊/工作花絮/2025.4.9-排练/2025.4.9-排练1.jpg','/images/画廊/工作花絮/2025.4.9-排练/2025.4.9-排练1.jpg','/images/画廊/工作花絮/2025.4.9-排练/2025.4.9-排练1.jpg',NULL,NULL,NULL,NULL,'legacy','images/画廊/工作花絮/2025.4.9-排练/2025.4.9-排练1.jpg',0,0,'2025-10-16 11:31:37','2025-10-16 11:31:37'),('60c7b8a6-c422-47c9-a323-d67d32ad57e7','77819bee-c582-4e18-97fa-41a270fd72b9','封面432zsjj.png',NULL,NULL,'/uploads/gallery/2025/11/02/5d948573-7091-455c-b040-958c9d3f6f4b.jpg','/uploads/gallery/2025/11/02/5d948573-7091-455c-b040-958c9d3f6f4b_thumb.jpg','/uploads/gallery/2025/11/02/5d948573-7091-455c-b040-958c9d3f6f4b_medium.jpg',1311674,NULL,NULL,'image/png','oss','/uploads/gallery/2025/11/02/5d948573-7091-455c-b040-958c9d3f6f4b.jpg',0,0,'2025-11-01 16:34:17','2025-11-01 16:34:17'),('6355d060-1e35-43e2-a026-552629b34d78','tour-2021-07-03','2021.7.3-UNFOLLOW 苏州站3.jpg',NULL,NULL,'/images/画廊/巡演返图/2021.7.3-UNFOLLOW 苏州站/2021.7.3-UNFOLLOW 苏州站3.jpg','/images/画廊/巡演返图/2021.7.3-UNFOLLOW 苏州站/2021.7.3-UNFOLLOW 苏州站3.jpg','/images/画廊/巡演返图/2021.7.3-UNFOLLOW 苏州站/2021.7.3-UNFOLLOW 苏州站3.jpg',NULL,NULL,NULL,NULL,'legacy','images/画廊/巡演返图/2021.7.3-UNFOLLOW 苏州站/2021.7.3-UNFOLLOW 苏州站3.jpg',2,0,'2025-10-16 11:31:37','2025-10-16 11:31:37'),('6538b376-d994-4b03-b376-6faf386583e2','tour-2023-04-30','2023.4.30-UNFOLLOW长沙站12.jpg',NULL,NULL,'/images/画廊/巡演返图/2023.4.30-UNFOLLOW长沙站/2023.4.30-UNFOLLOW长沙站12.jpg','/images/画廊/巡演返图/2023.4.30-UNFOLLOW长沙站/2023.4.30-UNFOLLOW长沙站12.jpg','/images/画廊/巡演返图/2023.4.30-UNFOLLOW长沙站/2023.4.30-UNFOLLOW长沙站12.jpg',NULL,NULL,NULL,NULL,'legacy','images/画廊/巡演返图/2023.4.30-UNFOLLOW长沙站/2023.4.30-UNFOLLOW长沙站12.jpg',11,0,'2025-10-16 11:31:37','2025-10-16 11:31:37'),('658d4d24-6023-493e-94c4-f176ddf70e36','621f4906-f1b9-45b6-807f-c8abf436f6f0','2023.7.8-UNFOLLOW上海站2.jpg',NULL,NULL,'https://wangfeng-fan-website.oss-cn-hangzhou.aliyuncs.com/gallery/2025/10/30/017fd47b-3433-48a1-b994-c29f226390c2.jpg','https://wangfeng-fan-website.oss-cn-hangzhou.aliyuncs.com/gallery/2025/10/30/017fd47b-3433-48a1-b994-c29f226390c2_thumb.jpg','https://wangfeng-fan-website.oss-cn-hangzhou.aliyuncs.com/gallery/2025/10/30/017fd47b-3433-48a1-b994-c29f226390c2_medium.jpg',171662,NULL,NULL,'image/jpeg','oss','https://wangfeng-fan-website.oss-cn-hangzhou.aliyuncs.com/gallery/2025/10/30/017fd47b-3433-48a1-b994-c29f226390c2.jpg',1,0,'2025-10-30 13:08:49','2025-10-30 13:08:49'),('67508715-e20d-4b1b-9a08-3fd07735670c','tour-2021-07-03','2021.7.3-UNFOLLOW 苏州站5.jpg',NULL,NULL,'/images/画廊/巡演返图/2021.7.3-UNFOLLOW 苏州站/2021.7.3-UNFOLLOW 苏州站5.jpg','/images/画廊/巡演返图/2021.7.3-UNFOLLOW 苏州站/2021.7.3-UNFOLLOW 苏州站5.jpg','/images/画廊/巡演返图/2021.7.3-UNFOLLOW 苏州站/2021.7.3-UNFOLLOW 苏州站5.jpg',NULL,NULL,NULL,NULL,'legacy','images/画廊/巡演返图/2021.7.3-UNFOLLOW 苏州站/2021.7.3-UNFOLLOW 苏州站5.jpg',4,0,'2025-10-16 11:31:37','2025-10-16 11:31:37'),('679dcbd7-603b-4d20-ac67-f458a49c1f94','tour-2023-04-15','2023.4.15-UNFOLLOW洛阳站10.jpg',NULL,NULL,'/images/画廊/巡演返图/2023.4.15-UNFOLLOW洛阳站/2023.4.15-UNFOLLOW洛阳站10.jpg','/images/画廊/巡演返图/2023.4.15-UNFOLLOW洛阳站/2023.4.15-UNFOLLOW洛阳站10.jpg','/images/画廊/巡演返图/2023.4.15-UNFOLLOW洛阳站/2023.4.15-UNFOLLOW洛阳站10.jpg',NULL,NULL,NULL,NULL,'legacy','images/画廊/巡演返图/2023.4.15-UNFOLLOW洛阳站/2023.4.15-UNFOLLOW洛阳站10.jpg',9,0,'2025-10-16 11:31:37','2025-10-16 11:31:37'),('69a722c3-8b2b-44af-ae9c-7a580db69892','tour-2023-07-08','2023.7.8-UNFOLLOW上海站6.jpg',NULL,NULL,'/images/画廊/巡演返图/2023.7.8-UNFOLLOW上海站/2023.7.8-UNFOLLOW上海站6.jpg','/images/画廊/巡演返图/2023.7.8-UNFOLLOW上海站/2023.7.8-UNFOLLOW上海站6.jpg','/images/画廊/巡演返图/2023.7.8-UNFOLLOW上海站/2023.7.8-UNFOLLOW上海站6.jpg',NULL,NULL,NULL,NULL,'legacy','images/画廊/巡演返图/2023.7.8-UNFOLLOW上海站/2023.7.8-UNFOLLOW上海站6.jpg',5,0,'2025-10-16 11:31:37','2025-10-16 11:31:37'),('7325c011-d320-4dae-b2b4-1f67daa8c0a9','tour-2023-04-15','2023.4.15-UNFOLLOW洛阳站11.jpg',NULL,NULL,'/images/画廊/巡演返图/2023.4.15-UNFOLLOW洛阳站/2023.4.15-UNFOLLOW洛阳站11.jpg','/images/画廊/巡演返图/2023.4.15-UNFOLLOW洛阳站/2023.4.15-UNFOLLOW洛阳站11.jpg','/images/画廊/巡演返图/2023.4.15-UNFOLLOW洛阳站/2023.4.15-UNFOLLOW洛阳站11.jpg',NULL,NULL,NULL,NULL,'legacy','images/画廊/巡演返图/2023.4.15-UNFOLLOW洛阳站/2023.4.15-UNFOLLOW洛阳站11.jpg',10,0,'2025-10-16 11:31:37','2025-10-16 11:31:37'),('744de52b-2f93-4002-b7ab-710cad9bc6e9','55eb8b95-f57e-45aa-9211-7f2e47ced46c','汪峰相信未来哈尔滨-13.jpg',NULL,NULL,'https://wangfeng-fan-website.oss-cn-hangzhou.aliyuncs.com/gallery/2025/10/30/d10ee653-fafa-4f0f-ac26-1f2e733570ae.jpg','https://wangfeng-fan-website.oss-cn-hangzhou.aliyuncs.com/gallery/2025/10/30/d10ee653-fafa-4f0f-ac26-1f2e733570ae_thumb.jpg','https://wangfeng-fan-website.oss-cn-hangzhou.aliyuncs.com/gallery/2025/10/30/d10ee653-fafa-4f0f-ac26-1f2e733570ae_medium.jpg',4845971,NULL,NULL,'image/jpeg','oss','https://wangfeng-fan-website.oss-cn-hangzhou.aliyuncs.com/gallery/2025/10/30/d10ee653-fafa-4f0f-ac26-1f2e733570ae.jpg',5,0,'2025-10-30 13:07:15','2025-10-30 13:07:15'),('7725bb01-5931-42eb-8af9-f7ddc9077f51','tour-2023-06-10','2023.6.10-UNFOLLOW呼和浩特站3.jpg',NULL,NULL,'/images/画廊/巡演返图/2023.6.10-UNFOLLOW呼和浩特站/2023.6.10-UNFOLLOW呼和浩特站3.jpg','/images/画廊/巡演返图/2023.6.10-UNFOLLOW呼和浩特站/2023.6.10-UNFOLLOW呼和浩特站3.jpg','/images/画廊/巡演返图/2023.6.10-UNFOLLOW呼和浩特站/2023.6.10-UNFOLLOW呼和浩特站3.jpg',NULL,NULL,NULL,NULL,'legacy','images/画廊/巡演返图/2023.6.10-UNFOLLOW呼和浩特站/2023.6.10-UNFOLLOW呼和浩特站3.jpg',2,0,'2025-10-16 11:31:37','2025-10-16 11:31:37'),('77e0b354-d429-4c89-a205-7149d7f382e7','tour-2023-05-13','2023-5.13-UNFOLLOW深圳站2.jpg',NULL,NULL,'/images/画廊/巡演返图/2023-5.13-UNFOLLOW深圳站/2023-5.13-UNFOLLOW深圳站2.jpg','/images/画廊/巡演返图/2023-5.13-UNFOLLOW深圳站/2023-5.13-UNFOLLOW深圳站2.jpg','/images/画廊/巡演返图/2023-5.13-UNFOLLOW深圳站/2023-5.13-UNFOLLOW深圳站2.jpg',NULL,NULL,NULL,NULL,'legacy','images/画廊/巡演返图/2023-5.13-UNFOLLOW深圳站/2023-5.13-UNFOLLOW深圳站2.jpg',1,0,'2025-10-16 11:31:37','2025-10-16 11:31:37'),('7e93d0c0-bb79-4cb4-b85f-9b7eca4f4362','22140648-844f-4cd3-8a50-743465f09478','列车43.png',NULL,NULL,'/uploads/gallery/2025/11/02/a975d1c5-b275-49e6-853c-07aff5d62694.jpg','/uploads/gallery/2025/11/02/a975d1c5-b275-49e6-853c-07aff5d62694_thumb.jpg','/uploads/gallery/2025/11/02/a975d1c5-b275-49e6-853c-07aff5d62694_medium.jpg',1541485,NULL,NULL,'image/png','oss','/uploads/gallery/2025/11/02/a975d1c5-b275-49e6-853c-07aff5d62694.jpg',0,0,'2025-11-01 16:53:05','2025-11-01 16:53:05'),('7f8fb34c-8240-4b63-af02-c648f979e74b','tour-2021-07-03','2021.7.3-UNFOLLOW 苏州站8.jpg',NULL,NULL,'/images/画廊/巡演返图/2021.7.3-UNFOLLOW 苏州站/2021.7.3-UNFOLLOW 苏州站8.jpg','/images/画廊/巡演返图/2021.7.3-UNFOLLOW 苏州站/2021.7.3-UNFOLLOW 苏州站8.jpg','/images/画廊/巡演返图/2021.7.3-UNFOLLOW 苏州站/2021.7.3-UNFOLLOW 苏州站8.jpg',NULL,NULL,NULL,NULL,'legacy','images/画廊/巡演返图/2021.7.3-UNFOLLOW 苏州站/2021.7.3-UNFOLLOW 苏州站8.jpg',7,0,'2025-10-16 11:31:37','2025-10-16 11:31:37'),('81322581-28a4-44cd-be8d-f9245f380f4d','tour-2023-04-30','2023.4.30-UNFOLLOW长沙站11.jpg',NULL,NULL,'/images/画廊/巡演返图/2023.4.30-UNFOLLOW长沙站/2023.4.30-UNFOLLOW长沙站11.jpg','/images/画廊/巡演返图/2023.4.30-UNFOLLOW长沙站/2023.4.30-UNFOLLOW长沙站11.jpg','/images/画廊/巡演返图/2023.4.30-UNFOLLOW长沙站/2023.4.30-UNFOLLOW长沙站11.jpg',NULL,NULL,NULL,NULL,'legacy','images/画廊/巡演返图/2023.4.30-UNFOLLOW长沙站/2023.4.30-UNFOLLOW长沙站11.jpg',10,0,'2025-10-16 11:31:37','2025-10-16 11:31:37'),('81f80d70-73c6-4996-b805-bcafbf6dcfe1','6f5b2b1c-ddcd-47bf-95d7-d15f90e25767','2023.4.30-UNFOLLOW长沙站7.jpg',NULL,NULL,'https://wangfeng-fan-website.oss-cn-hangzhou.aliyuncs.com/gallery/2025/10/30/f647c85e-3cce-459f-b88f-ef990230831d.jpg','https://wangfeng-fan-website.oss-cn-hangzhou.aliyuncs.com/gallery/2025/10/30/f647c85e-3cce-459f-b88f-ef990230831d_thumb.jpg','https://wangfeng-fan-website.oss-cn-hangzhou.aliyuncs.com/gallery/2025/10/30/f647c85e-3cce-459f-b88f-ef990230831d_medium.jpg',160065,NULL,NULL,'image/jpeg','oss','https://wangfeng-fan-website.oss-cn-hangzhou.aliyuncs.com/gallery/2025/10/30/f647c85e-3cce-459f-b88f-ef990230831d.jpg',4,0,'2025-10-30 13:36:59','2025-10-30 13:36:59'),('820f845b-3b1a-40c7-8d70-d2b72dd26f63','work-2025-04-09','2025.4.9-排练6.jpg',NULL,NULL,'/images/画廊/工作花絮/2025.4.9-排练/2025.4.9-排练6.jpg','/images/画廊/工作花絮/2025.4.9-排练/2025.4.9-排练6.jpg','/images/画廊/工作花絮/2025.4.9-排练/2025.4.9-排练6.jpg',NULL,NULL,NULL,NULL,'legacy','images/画廊/工作花絮/2025.4.9-排练/2025.4.9-排练6.jpg',5,0,'2025-10-16 11:31:37','2025-10-16 11:31:37'),('845b5c2f-4e62-473a-b4b4-8ec42e0c19b8','tour-2023-04-30','2023.4.30-UNFOLLOW长沙站14.jpg',NULL,NULL,'/images/画廊/巡演返图/2023.4.30-UNFOLLOW长沙站/2023.4.30-UNFOLLOW长沙站14.jpg','/images/画廊/巡演返图/2023.4.30-UNFOLLOW长沙站/2023.4.30-UNFOLLOW长沙站14.jpg','/images/画廊/巡演返图/2023.4.30-UNFOLLOW长沙站/2023.4.30-UNFOLLOW长沙站14.jpg',NULL,NULL,NULL,NULL,'legacy','images/画廊/巡演返图/2023.4.30-UNFOLLOW长沙站/2023.4.30-UNFOLLOW长沙站14.jpg',13,0,'2025-10-16 11:31:37','2025-10-16 11:31:37'),('852167d6-fc11-4baf-acc0-86f1f9e30ded','daily-2025-04-15','2025.4.15-汉江的夜色溜溜的面10.jpg',NULL,NULL,'/images/画廊/日常生活/2025.4.15-汉江的夜色溜溜的面/2025.4.15-汉江的夜色溜溜的面10.jpg','/images/画廊/日常生活/2025.4.15-汉江的夜色溜溜的面/2025.4.15-汉江的夜色溜溜的面10.jpg','/images/画廊/日常生活/2025.4.15-汉江的夜色溜溜的面/2025.4.15-汉江的夜色溜溜的面10.jpg',NULL,NULL,NULL,NULL,'legacy','images/画廊/日常生活/2025.4.15-汉江的夜色溜溜的面/2025.4.15-汉江的夜色溜溜的面10.jpg',9,0,'2025-10-16 11:31:37','2025-10-16 11:31:37'),('860ba38f-9f62-4c58-a632-e57b28ba95ff','tour-2021-07-03','2021.7.3-UNFOLLOW 苏州站2.jpg',NULL,NULL,'/images/画廊/巡演返图/2021.7.3-UNFOLLOW 苏州站/2021.7.3-UNFOLLOW 苏州站2.jpg','/images/画廊/巡演返图/2021.7.3-UNFOLLOW 苏州站/2021.7.3-UNFOLLOW 苏州站2.jpg','/images/画廊/巡演返图/2021.7.3-UNFOLLOW 苏州站/2021.7.3-UNFOLLOW 苏州站2.jpg',NULL,NULL,NULL,NULL,'legacy','images/画廊/巡演返图/2021.7.3-UNFOLLOW 苏州站/2021.7.3-UNFOLLOW 苏州站2.jpg',1,0,'2025-10-16 11:31:37','2025-10-16 11:31:37'),('864d6734-87bf-4731-bae9-d0139592e0c6','97a405c6-8781-48e2-acff-2868ed5803f0','汪峰-常州太湖湾音乐节-7.jpg',NULL,NULL,'https://wangfeng-fan-website.oss-cn-hangzhou.aliyuncs.com/gallery/2025/10/18/dc3f92e8-ea37-4b07-b9a9-9763de2abe0c.jpg','https://wangfeng-fan-website.oss-cn-hangzhou.aliyuncs.com/gallery/2025/10/18/dc3f92e8-ea37-4b07-b9a9-9763de2abe0c_thumb.jpg','https://wangfeng-fan-website.oss-cn-hangzhou.aliyuncs.com/gallery/2025/10/18/dc3f92e8-ea37-4b07-b9a9-9763de2abe0c_medium.jpg',2766260,NULL,NULL,'image/jpeg','oss','https://wangfeng-fan-website.oss-cn-hangzhou.aliyuncs.com/gallery/2025/10/18/dc3f92e8-ea37-4b07-b9a9-9763de2abe0c.jpg',2,0,'2025-10-18 01:57:05','2025-10-18 01:57:05'),('8662ae82-7a02-43d1-88d1-39b323dfa082','621f4906-f1b9-45b6-807f-c8abf436f6f0','2023.7.8-UNFOLLOW上海站9.jpg',NULL,NULL,'https://wangfeng-fan-website.oss-cn-hangzhou.aliyuncs.com/gallery/2025/10/30/1fe721a5-f5b0-4805-b88a-cfc002243c2e.jpg','https://wangfeng-fan-website.oss-cn-hangzhou.aliyuncs.com/gallery/2025/10/30/1fe721a5-f5b0-4805-b88a-cfc002243c2e_thumb.jpg','https://wangfeng-fan-website.oss-cn-hangzhou.aliyuncs.com/gallery/2025/10/30/1fe721a5-f5b0-4805-b88a-cfc002243c2e_medium.jpg',3033085,NULL,NULL,'image/jpeg','oss','https://wangfeng-fan-website.oss-cn-hangzhou.aliyuncs.com/gallery/2025/10/30/1fe721a5-f5b0-4805-b88a-cfc002243c2e.jpg',8,0,'2025-10-30 13:08:49','2025-10-30 13:08:49'),('87b2c382-43a7-4879-b9fe-9068e95ca9ee','tour-2023-04-30','2023.4.30-UNFOLLOW长沙站13.jpg',NULL,NULL,'/images/画廊/巡演返图/2023.4.30-UNFOLLOW长沙站/2023.4.30-UNFOLLOW长沙站13.jpg','/images/画廊/巡演返图/2023.4.30-UNFOLLOW长沙站/2023.4.30-UNFOLLOW长沙站13.jpg','/images/画廊/巡演返图/2023.4.30-UNFOLLOW长沙站/2023.4.30-UNFOLLOW长沙站13.jpg',NULL,NULL,NULL,NULL,'legacy','images/画廊/巡演返图/2023.4.30-UNFOLLOW长沙站/2023.4.30-UNFOLLOW长沙站13.jpg',12,0,'2025-10-16 11:31:37','2025-10-16 11:31:37'),('882a00f4-2b2e-40fa-85eb-44fe0121769c','6f5b2b1c-ddcd-47bf-95d7-d15f90e25767','2023.4.30-UNFOLLOW长沙站10.jpg',NULL,NULL,'https://wangfeng-fan-website.oss-cn-hangzhou.aliyuncs.com/gallery/2025/10/30/6c3e44b7-c5de-494a-bf06-1afcc8560ce4.jpg','https://wangfeng-fan-website.oss-cn-hangzhou.aliyuncs.com/gallery/2025/10/30/6c3e44b7-c5de-494a-bf06-1afcc8560ce4_thumb.jpg','https://wangfeng-fan-website.oss-cn-hangzhou.aliyuncs.com/gallery/2025/10/30/6c3e44b7-c5de-494a-bf06-1afcc8560ce4_medium.jpg',256222,NULL,NULL,'image/jpeg','oss','https://wangfeng-fan-website.oss-cn-hangzhou.aliyuncs.com/gallery/2025/10/30/6c3e44b7-c5de-494a-bf06-1afcc8560ce4.jpg',7,0,'2025-10-30 13:36:59','2025-10-30 13:36:59'),('895946d8-5c55-48ad-a707-2264966bd7e2','55eb8b95-f57e-45aa-9211-7f2e47ced46c','汪峰相信未来哈尔滨-20.jpg',NULL,NULL,'https://wangfeng-fan-website.oss-cn-hangzhou.aliyuncs.com/gallery/2025/10/30/b8db3e98-0acd-404a-97b4-bbd274f3ac0e.jpg','https://wangfeng-fan-website.oss-cn-hangzhou.aliyuncs.com/gallery/2025/10/30/b8db3e98-0acd-404a-97b4-bbd274f3ac0e_thumb.jpg','https://wangfeng-fan-website.oss-cn-hangzhou.aliyuncs.com/gallery/2025/10/30/b8db3e98-0acd-404a-97b4-bbd274f3ac0e_medium.jpg',3723825,NULL,NULL,'image/jpeg','oss','https://wangfeng-fan-website.oss-cn-hangzhou.aliyuncs.com/gallery/2025/10/30/b8db3e98-0acd-404a-97b4-bbd274f3ac0e.jpg',11,0,'2025-10-30 13:07:15','2025-10-30 13:07:15'),('8b443875-aa47-4039-bc09-f2b4146d81b5','work-2025-04-09','2025.4.9-排练3.jpg',NULL,NULL,'/images/画廊/工作花絮/2025.4.9-排练/2025.4.9-排练3.jpg','/images/画廊/工作花絮/2025.4.9-排练/2025.4.9-排练3.jpg','/images/画廊/工作花絮/2025.4.9-排练/2025.4.9-排练3.jpg',NULL,NULL,NULL,NULL,'legacy','images/画廊/工作花絮/2025.4.9-排练/2025.4.9-排练3.jpg',2,0,'2025-10-16 11:31:37','2025-10-16 11:31:37'),('8de49d31-3d50-4dc0-9b6d-ea8ec4ff2997','tour-2023-04-15','2023.4.15-UNFOLLOW洛阳站4.jpg',NULL,NULL,'/images/画廊/巡演返图/2023.4.15-UNFOLLOW洛阳站/2023.4.15-UNFOLLOW洛阳站4.jpg','/images/画廊/巡演返图/2023.4.15-UNFOLLOW洛阳站/2023.4.15-UNFOLLOW洛阳站4.jpg','/images/画廊/巡演返图/2023.4.15-UNFOLLOW洛阳站/2023.4.15-UNFOLLOW洛阳站4.jpg',NULL,NULL,NULL,NULL,'legacy','images/画廊/巡演返图/2023.4.15-UNFOLLOW洛阳站/2023.4.15-UNFOLLOW洛阳站4.jpg',3,0,'2025-10-16 11:31:37','2025-10-16 11:31:37'),('9033cd59-2336-46b6-8b68-b286467d5922','55eb8b95-f57e-45aa-9211-7f2e47ced46c','汪峰相信未来哈尔滨-19.jpg',NULL,NULL,'https://wangfeng-fan-website.oss-cn-hangzhou.aliyuncs.com/gallery/2025/10/30/3d623387-958c-45ab-9e5a-da06825cf2c2.jpg','https://wangfeng-fan-website.oss-cn-hangzhou.aliyuncs.com/gallery/2025/10/30/3d623387-958c-45ab-9e5a-da06825cf2c2_thumb.jpg','https://wangfeng-fan-website.oss-cn-hangzhou.aliyuncs.com/gallery/2025/10/30/3d623387-958c-45ab-9e5a-da06825cf2c2_medium.jpg',3860179,NULL,NULL,'image/jpeg','oss','https://wangfeng-fan-website.oss-cn-hangzhou.aliyuncs.com/gallery/2025/10/30/3d623387-958c-45ab-9e5a-da06825cf2c2.jpg',10,0,'2025-10-30 13:07:15','2025-10-30 13:07:15'),('907f354d-1561-4cea-a855-80c094529fa3','621f4906-f1b9-45b6-807f-c8abf436f6f0','2023.7.8-UNFOLLOW上海站1.jpg',NULL,NULL,'https://wangfeng-fan-website.oss-cn-hangzhou.aliyuncs.com/gallery/2025/10/30/855cf343-e7e6-4157-b0ed-3bdb5d26f690.jpg','https://wangfeng-fan-website.oss-cn-hangzhou.aliyuncs.com/gallery/2025/10/30/855cf343-e7e6-4157-b0ed-3bdb5d26f690_thumb.jpg','https://wangfeng-fan-website.oss-cn-hangzhou.aliyuncs.com/gallery/2025/10/30/855cf343-e7e6-4157-b0ed-3bdb5d26f690_medium.jpg',96625,NULL,NULL,'image/jpeg','oss','https://wangfeng-fan-website.oss-cn-hangzhou.aliyuncs.com/gallery/2025/10/30/855cf343-e7e6-4157-b0ed-3bdb5d26f690.jpg',0,0,'2025-10-30 13:08:49','2025-10-30 13:08:49'),('91bb50fe-0742-4e58-b742-1866aed7ba5e','tour-2023-06-10','2023.6.10-UNFOLLOW呼和浩特站1.jpg',NULL,NULL,'/images/画廊/巡演返图/2023.6.10-UNFOLLOW呼和浩特站/2023.6.10-UNFOLLOW呼和浩特站1.jpg','/images/画廊/巡演返图/2023.6.10-UNFOLLOW呼和浩特站/2023.6.10-UNFOLLOW呼和浩特站1.jpg','/images/画廊/巡演返图/2023.6.10-UNFOLLOW呼和浩特站/2023.6.10-UNFOLLOW呼和浩特站1.jpg',NULL,NULL,NULL,NULL,'legacy','images/画廊/巡演返图/2023.6.10-UNFOLLOW呼和浩特站/2023.6.10-UNFOLLOW呼和浩特站1.jpg',0,0,'2025-10-16 11:31:37','2025-10-16 11:31:37'),('925b13c1-04ff-4233-8121-06315f4c35eb','55eb8b95-f57e-45aa-9211-7f2e47ced46c','汪峰相信未来哈尔滨-14.jpg',NULL,NULL,'https://wangfeng-fan-website.oss-cn-hangzhou.aliyuncs.com/gallery/2025/10/30/51a58a25-8195-45c8-9cc7-466420b8b38c.jpg','https://wangfeng-fan-website.oss-cn-hangzhou.aliyuncs.com/gallery/2025/10/30/51a58a25-8195-45c8-9cc7-466420b8b38c_thumb.jpg','https://wangfeng-fan-website.oss-cn-hangzhou.aliyuncs.com/gallery/2025/10/30/51a58a25-8195-45c8-9cc7-466420b8b38c_medium.jpg',3973828,NULL,NULL,'image/jpeg','oss','https://wangfeng-fan-website.oss-cn-hangzhou.aliyuncs.com/gallery/2025/10/30/51a58a25-8195-45c8-9cc7-466420b8b38c.jpg',6,0,'2025-10-30 13:07:15','2025-10-30 13:07:15'),('93de8644-f018-4d35-a2db-e8f7a166ccf3','621f4906-f1b9-45b6-807f-c8abf436f6f0','2023.7.8-UNFOLLOW上海站7.jpg',NULL,NULL,'https://wangfeng-fan-website.oss-cn-hangzhou.aliyuncs.com/gallery/2025/10/30/2a7359c0-caa0-4f7d-b787-e3083837cc7e.jpg','https://wangfeng-fan-website.oss-cn-hangzhou.aliyuncs.com/gallery/2025/10/30/2a7359c0-caa0-4f7d-b787-e3083837cc7e_thumb.jpg','https://wangfeng-fan-website.oss-cn-hangzhou.aliyuncs.com/gallery/2025/10/30/2a7359c0-caa0-4f7d-b787-e3083837cc7e_medium.jpg',167051,NULL,NULL,'image/jpeg','oss','https://wangfeng-fan-website.oss-cn-hangzhou.aliyuncs.com/gallery/2025/10/30/2a7359c0-caa0-4f7d-b787-e3083837cc7e.jpg',6,0,'2025-10-30 13:08:49','2025-10-30 13:08:49'),('94b3fca1-db6f-418d-9099-dcfda689f1e1','tour-2023-04-30','2023.4.30-UNFOLLOW长沙站4.jpg',NULL,NULL,'/images/画廊/巡演返图/2023.4.30-UNFOLLOW长沙站/2023.4.30-UNFOLLOW长沙站4.jpg','/images/画廊/巡演返图/2023.4.30-UNFOLLOW长沙站/2023.4.30-UNFOLLOW长沙站4.jpg','/images/画廊/巡演返图/2023.4.30-UNFOLLOW长沙站/2023.4.30-UNFOLLOW长沙站4.jpg',NULL,NULL,NULL,NULL,'legacy','images/画廊/巡演返图/2023.4.30-UNFOLLOW长沙站/2023.4.30-UNFOLLOW长沙站4.jpg',3,0,'2025-10-16 11:31:37','2025-10-16 11:31:37'),('9676c489-94a8-433f-959b-a29014103805','daily-2025-04-15','2025.4.15-汉江的夜色溜溜的面2.jpg',NULL,NULL,'/images/画廊/日常生活/2025.4.15-汉江的夜色溜溜的面/2025.4.15-汉江的夜色溜溜的面2.jpg','/images/画廊/日常生活/2025.4.15-汉江的夜色溜溜的面/2025.4.15-汉江的夜色溜溜的面2.jpg','/images/画廊/日常生活/2025.4.15-汉江的夜色溜溜的面/2025.4.15-汉江的夜色溜溜的面2.jpg',NULL,NULL,NULL,NULL,'legacy','images/画廊/日常生活/2025.4.15-汉江的夜色溜溜的面/2025.4.15-汉江的夜色溜溜的面2.jpg',1,0,'2025-10-16 11:31:37','2025-10-16 11:31:37'),('9704f281-f1a8-4105-94de-bfadb2b40932','work-2025-04-09','2025.4.9-排练5.jpg',NULL,NULL,'/images/画廊/工作花絮/2025.4.9-排练/2025.4.9-排练5.jpg','/images/画廊/工作花絮/2025.4.9-排练/2025.4.9-排练5.jpg','/images/画廊/工作花絮/2025.4.9-排练/2025.4.9-排练5.jpg',NULL,NULL,NULL,NULL,'legacy','images/画廊/工作花絮/2025.4.9-排练/2025.4.9-排练5.jpg',4,0,'2025-10-16 11:31:37','2025-10-16 11:31:37'),('97dd848b-c345-4613-a30d-c722af55058c','tour-2023-04-30','2023.4.30-UNFOLLOW长沙站8.jpg',NULL,NULL,'/images/画廊/巡演返图/2023.4.30-UNFOLLOW长沙站/2023.4.30-UNFOLLOW长沙站8.jpg','/images/画廊/巡演返图/2023.4.30-UNFOLLOW长沙站/2023.4.30-UNFOLLOW长沙站8.jpg','/images/画廊/巡演返图/2023.4.30-UNFOLLOW长沙站/2023.4.30-UNFOLLOW长沙站8.jpg',NULL,NULL,NULL,NULL,'legacy','images/画廊/巡演返图/2023.4.30-UNFOLLOW长沙站/2023.4.30-UNFOLLOW长沙站8.jpg',7,0,'2025-10-16 11:31:37','2025-10-16 11:31:37'),('9c07fffd-bf80-4f03-a3c9-90c821f63583','tour-2023-07-08','2023.7.8-UNFOLLOW上海站4.jpg',NULL,NULL,'/images/画廊/巡演返图/2023.7.8-UNFOLLOW上海站/2023.7.8-UNFOLLOW上海站4.jpg','/images/画廊/巡演返图/2023.7.8-UNFOLLOW上海站/2023.7.8-UNFOLLOW上海站4.jpg','/images/画廊/巡演返图/2023.7.8-UNFOLLOW上海站/2023.7.8-UNFOLLOW上海站4.jpg',NULL,NULL,NULL,NULL,'legacy','images/画廊/巡演返图/2023.7.8-UNFOLLOW上海站/2023.7.8-UNFOLLOW上海站4.jpg',3,0,'2025-10-16 11:31:37','2025-10-16 11:31:37'),('9d3e8609-58fd-47c9-8278-ef8109ee7534','497922a1-22f7-4f4c-ab7f-17a138b6ad70','2023.4.15-UNFOLLOW洛阳站3.jpg',NULL,NULL,'https://wangfeng-fan-website.oss-cn-hangzhou.aliyuncs.com/gallery/2025/10/30/3b3391e4-d54f-4ab5-9250-03bf8719f674.jpg','https://wangfeng-fan-website.oss-cn-hangzhou.aliyuncs.com/gallery/2025/10/30/3b3391e4-d54f-4ab5-9250-03bf8719f674_thumb.jpg','https://wangfeng-fan-website.oss-cn-hangzhou.aliyuncs.com/gallery/2025/10/30/3b3391e4-d54f-4ab5-9250-03bf8719f674_medium.jpg',824925,NULL,NULL,'image/jpeg','oss','https://wangfeng-fan-website.oss-cn-hangzhou.aliyuncs.com/gallery/2025/10/30/3b3391e4-d54f-4ab5-9250-03bf8719f674.jpg',1,0,'2025-10-30 13:38:32','2025-10-30 13:38:32'),('a075c7fa-cc7c-45a2-b692-fb2f4b4e5ae4','6f5b2b1c-ddcd-47bf-95d7-d15f90e25767','2023.4.30-UNFOLLOW长沙站3.jpg',NULL,NULL,'https://wangfeng-fan-website.oss-cn-hangzhou.aliyuncs.com/gallery/2025/10/30/3c52d822-2c8f-4811-9217-17c8515d3877.jpg','https://wangfeng-fan-website.oss-cn-hangzhou.aliyuncs.com/gallery/2025/10/30/3c52d822-2c8f-4811-9217-17c8515d3877_thumb.jpg','https://wangfeng-fan-website.oss-cn-hangzhou.aliyuncs.com/gallery/2025/10/30/3c52d822-2c8f-4811-9217-17c8515d3877_medium.jpg',57303,NULL,NULL,'image/jpeg','oss','https://wangfeng-fan-website.oss-cn-hangzhou.aliyuncs.com/gallery/2025/10/30/3c52d822-2c8f-4811-9217-17c8515d3877.jpg',2,0,'2025-10-30 13:36:59','2025-10-30 13:36:59'),('a100abc1-3f04-47da-9e22-ee9c22f88a5d','tour-2023-05-13','2023-5.13-UNFOLLOW深圳站1.jpg',NULL,NULL,'/images/画廊/巡演返图/2023-5.13-UNFOLLOW深圳站/2023-5.13-UNFOLLOW深圳站1.jpg','/images/画廊/巡演返图/2023-5.13-UNFOLLOW深圳站/2023-5.13-UNFOLLOW深圳站1.jpg','/images/画廊/巡演返图/2023-5.13-UNFOLLOW深圳站/2023-5.13-UNFOLLOW深圳站1.jpg',NULL,NULL,NULL,NULL,'legacy','images/画廊/巡演返图/2023-5.13-UNFOLLOW深圳站/2023-5.13-UNFOLLOW深圳站1.jpg',0,0,'2025-10-16 11:31:37','2025-10-16 11:31:37'),('a5baaf73-6089-4a3b-809a-219d9f52a8df','tour-2023-06-10','2023.6.10-UNFOLLOW呼和浩特站4.jpg',NULL,NULL,'/images/画廊/巡演返图/2023.6.10-UNFOLLOW呼和浩特站/2023.6.10-UNFOLLOW呼和浩特站4.jpg','/images/画廊/巡演返图/2023.6.10-UNFOLLOW呼和浩特站/2023.6.10-UNFOLLOW呼和浩特站4.jpg','/images/画廊/巡演返图/2023.6.10-UNFOLLOW呼和浩特站/2023.6.10-UNFOLLOW呼和浩特站4.jpg',NULL,NULL,NULL,NULL,'legacy','images/画廊/巡演返图/2023.6.10-UNFOLLOW呼和浩特站/2023.6.10-UNFOLLOW呼和浩特站4.jpg',3,0,'2025-10-16 11:31:37','2025-10-16 11:31:37'),('a63fd33c-5f4a-4aa5-9c62-23bce9c80a79','work-2025-04-09','2025.4.9-排练2.jpg',NULL,NULL,'/images/画廊/工作花絮/2025.4.9-排练/2025.4.9-排练2.jpg','/images/画廊/工作花絮/2025.4.9-排练/2025.4.9-排练2.jpg','/images/画廊/工作花絮/2025.4.9-排练/2025.4.9-排练2.jpg',NULL,NULL,NULL,NULL,'legacy','images/画廊/工作花絮/2025.4.9-排练/2025.4.9-排练2.jpg',1,0,'2025-10-16 11:31:37','2025-10-16 11:31:37'),('a6bc4c51-b9a2-4dd6-97c8-eb9362be9254','497922a1-22f7-4f4c-ab7f-17a138b6ad70','2023.4.15-UNFOLLOW洛阳站4.jpg',NULL,NULL,'https://wangfeng-fan-website.oss-cn-hangzhou.aliyuncs.com/gallery/2025/10/30/656a2228-93a4-48b0-a2ed-622c95652361.jpg','https://wangfeng-fan-website.oss-cn-hangzhou.aliyuncs.com/gallery/2025/10/30/656a2228-93a4-48b0-a2ed-622c95652361_thumb.jpg','https://wangfeng-fan-website.oss-cn-hangzhou.aliyuncs.com/gallery/2025/10/30/656a2228-93a4-48b0-a2ed-622c95652361_medium.jpg',57885,NULL,NULL,'image/jpeg','oss','https://wangfeng-fan-website.oss-cn-hangzhou.aliyuncs.com/gallery/2025/10/30/656a2228-93a4-48b0-a2ed-622c95652361.jpg',2,0,'2025-10-30 13:38:32','2025-10-30 13:38:32'),('a773c31f-f89f-40cf-8f22-30ea91adb29a','55eb8b95-f57e-45aa-9211-7f2e47ced46c','汪峰相信未来哈尔滨-21.jpg',NULL,NULL,'https://wangfeng-fan-website.oss-cn-hangzhou.aliyuncs.com/gallery/2025/10/30/1e3becfd-9cde-4b3b-9a28-7330676df9ee.jpg','https://wangfeng-fan-website.oss-cn-hangzhou.aliyuncs.com/gallery/2025/10/30/1e3becfd-9cde-4b3b-9a28-7330676df9ee_thumb.jpg','https://wangfeng-fan-website.oss-cn-hangzhou.aliyuncs.com/gallery/2025/10/30/1e3becfd-9cde-4b3b-9a28-7330676df9ee_medium.jpg',4863917,NULL,NULL,'image/jpeg','oss','https://wangfeng-fan-website.oss-cn-hangzhou.aliyuncs.com/gallery/2025/10/30/1e3becfd-9cde-4b3b-9a28-7330676df9ee.jpg',12,0,'2025-10-30 13:07:15','2025-10-30 13:07:15'),('a87dd2f4-5cc1-41e0-b5a4-cc47190d6244','tour-2023-04-30','2023.4.30-UNFOLLOW长沙站10.jpg',NULL,NULL,'/images/画廊/巡演返图/2023.4.30-UNFOLLOW长沙站/2023.4.30-UNFOLLOW长沙站10.jpg','/images/画廊/巡演返图/2023.4.30-UNFOLLOW长沙站/2023.4.30-UNFOLLOW长沙站10.jpg','/images/画廊/巡演返图/2023.4.30-UNFOLLOW长沙站/2023.4.30-UNFOLLOW长沙站10.jpg',NULL,NULL,NULL,NULL,'legacy','images/画廊/巡演返图/2023.4.30-UNFOLLOW长沙站/2023.4.30-UNFOLLOW长沙站10.jpg',9,0,'2025-10-16 11:31:37','2025-10-16 11:31:37'),('a94c4b75-5176-48c6-a3e4-e7d5ce85ff64','tour-2023-04-15','2023.4.15-UNFOLLOW洛阳站7.jpg',NULL,NULL,'/images/画廊/巡演返图/2023.4.15-UNFOLLOW洛阳站/2023.4.15-UNFOLLOW洛阳站7.jpg','/images/画廊/巡演返图/2023.4.15-UNFOLLOW洛阳站/2023.4.15-UNFOLLOW洛阳站7.jpg','/images/画廊/巡演返图/2023.4.15-UNFOLLOW洛阳站/2023.4.15-UNFOLLOW洛阳站7.jpg',NULL,NULL,NULL,NULL,'legacy','images/画廊/巡演返图/2023.4.15-UNFOLLOW洛阳站/2023.4.15-UNFOLLOW洛阳站7.jpg',6,0,'2025-10-16 11:31:37','2025-10-16 11:31:37'),('ab08b11b-cb98-4784-9a1f-f5e0c375e35c','tour-2021-07-03','2021.7.3-UNFOLLOW 苏州站7.jpg',NULL,NULL,'/images/画廊/巡演返图/2021.7.3-UNFOLLOW 苏州站/2021.7.3-UNFOLLOW 苏州站7.jpg','/images/画廊/巡演返图/2021.7.3-UNFOLLOW 苏州站/2021.7.3-UNFOLLOW 苏州站7.jpg','/images/画廊/巡演返图/2021.7.3-UNFOLLOW 苏州站/2021.7.3-UNFOLLOW 苏州站7.jpg',NULL,NULL,NULL,NULL,'legacy','images/画廊/巡演返图/2021.7.3-UNFOLLOW 苏州站/2021.7.3-UNFOLLOW 苏州站7.jpg',6,0,'2025-10-16 11:31:37','2025-10-16 11:31:37'),('aba0a71b-3dba-4b5a-a6b2-dd44e251662f','497922a1-22f7-4f4c-ab7f-17a138b6ad70','2023.4.15-UNFOLLOW洛阳站12.jpg',NULL,NULL,'https://wangfeng-fan-website.oss-cn-hangzhou.aliyuncs.com/gallery/2025/10/30/83f6e077-7c3a-419c-9d13-58b258efb3d0.jpg','https://wangfeng-fan-website.oss-cn-hangzhou.aliyuncs.com/gallery/2025/10/30/83f6e077-7c3a-419c-9d13-58b258efb3d0_thumb.jpg','https://wangfeng-fan-website.oss-cn-hangzhou.aliyuncs.com/gallery/2025/10/30/83f6e077-7c3a-419c-9d13-58b258efb3d0_medium.jpg',2330705,NULL,NULL,'image/jpeg','oss','https://wangfeng-fan-website.oss-cn-hangzhou.aliyuncs.com/gallery/2025/10/30/83f6e077-7c3a-419c-9d13-58b258efb3d0.jpg',10,0,'2025-10-30 13:38:32','2025-10-30 13:38:32'),('ace70863-d3a1-49b2-8194-68b064b794b5','tour-2023-06-10','2023.6.10-UNFOLLOW呼和浩特站2.jpg',NULL,NULL,'/images/画廊/巡演返图/2023.6.10-UNFOLLOW呼和浩特站/2023.6.10-UNFOLLOW呼和浩特站2.jpg','/images/画廊/巡演返图/2023.6.10-UNFOLLOW呼和浩特站/2023.6.10-UNFOLLOW呼和浩特站2.jpg','/images/画廊/巡演返图/2023.6.10-UNFOLLOW呼和浩特站/2023.6.10-UNFOLLOW呼和浩特站2.jpg',NULL,NULL,NULL,NULL,'legacy','images/画廊/巡演返图/2023.6.10-UNFOLLOW呼和浩特站/2023.6.10-UNFOLLOW呼和浩特站2.jpg',1,0,'2025-10-16 11:31:37','2025-10-16 11:31:37'),('ad073a75-e5c6-4c24-b9f8-306e7f284330','daily-2025-04-15','2025.4.15-汉江的夜色溜溜的面3.jpg',NULL,NULL,'/images/画廊/日常生活/2025.4.15-汉江的夜色溜溜的面/2025.4.15-汉江的夜色溜溜的面3.jpg','/images/画廊/日常生活/2025.4.15-汉江的夜色溜溜的面/2025.4.15-汉江的夜色溜溜的面3.jpg','/images/画廊/日常生活/2025.4.15-汉江的夜色溜溜的面/2025.4.15-汉江的夜色溜溜的面3.jpg',NULL,NULL,NULL,NULL,'legacy','images/画廊/日常生活/2025.4.15-汉江的夜色溜溜的面/2025.4.15-汉江的夜色溜溜的面3.jpg',2,0,'2025-10-16 11:31:37','2025-10-16 11:31:37'),('b078bd9b-cf8b-44b6-9077-15831ad0817b','497922a1-22f7-4f4c-ab7f-17a138b6ad70','2023.4.15-UNFOLLOW洛阳站7.jpg',NULL,NULL,'https://wangfeng-fan-website.oss-cn-hangzhou.aliyuncs.com/gallery/2025/10/30/dcfbf860-bee5-4087-bd0f-f6814a784d8a.jpg','https://wangfeng-fan-website.oss-cn-hangzhou.aliyuncs.com/gallery/2025/10/30/dcfbf860-bee5-4087-bd0f-f6814a784d8a_thumb.jpg','https://wangfeng-fan-website.oss-cn-hangzhou.aliyuncs.com/gallery/2025/10/30/dcfbf860-bee5-4087-bd0f-f6814a784d8a_medium.jpg',288574,NULL,NULL,'image/jpeg','oss','https://wangfeng-fan-website.oss-cn-hangzhou.aliyuncs.com/gallery/2025/10/30/dcfbf860-bee5-4087-bd0f-f6814a784d8a.jpg',5,0,'2025-10-30 13:38:32','2025-10-30 13:38:32'),('b9e04556-64b1-4978-9cad-fce3de95f19b','tour-2023-04-30','2023.4.30-UNFOLLOW长沙站7.jpg',NULL,NULL,'/images/画廊/巡演返图/2023.4.30-UNFOLLOW长沙站/2023.4.30-UNFOLLOW长沙站7.jpg','/images/画廊/巡演返图/2023.4.30-UNFOLLOW长沙站/2023.4.30-UNFOLLOW长沙站7.jpg','/images/画廊/巡演返图/2023.4.30-UNFOLLOW长沙站/2023.4.30-UNFOLLOW长沙站7.jpg',NULL,NULL,NULL,NULL,'legacy','images/画廊/巡演返图/2023.4.30-UNFOLLOW长沙站/2023.4.30-UNFOLLOW长沙站7.jpg',6,0,'2025-10-16 11:31:37','2025-10-16 11:31:37'),('bd170fc8-704b-449c-81e9-67b2ec2d9539','tour-2023-04-15','2023.4.15-UNFOLLOW洛阳站3.jpg',NULL,NULL,'/images/画廊/巡演返图/2023.4.15-UNFOLLOW洛阳站/2023.4.15-UNFOLLOW洛阳站3.jpg','/images/画廊/巡演返图/2023.4.15-UNFOLLOW洛阳站/2023.4.15-UNFOLLOW洛阳站3.jpg','/images/画廊/巡演返图/2023.4.15-UNFOLLOW洛阳站/2023.4.15-UNFOLLOW洛阳站3.jpg',NULL,NULL,NULL,NULL,'legacy','images/画廊/巡演返图/2023.4.15-UNFOLLOW洛阳站/2023.4.15-UNFOLLOW洛阳站3.jpg',2,0,'2025-10-16 11:31:37','2025-10-16 11:31:37'),('bd67c199-a5e5-40b7-8d16-2768963cae31','tour-2023-04-30','2023.4.30-UNFOLLOW长沙站6.jpg',NULL,NULL,'/images/画廊/巡演返图/2023.4.30-UNFOLLOW长沙站/2023.4.30-UNFOLLOW长沙站6.jpg','/images/画廊/巡演返图/2023.4.30-UNFOLLOW长沙站/2023.4.30-UNFOLLOW长沙站6.jpg','/images/画廊/巡演返图/2023.4.30-UNFOLLOW长沙站/2023.4.30-UNFOLLOW长沙站6.jpg',NULL,NULL,NULL,NULL,'legacy','images/画廊/巡演返图/2023.4.30-UNFOLLOW长沙站/2023.4.30-UNFOLLOW长沙站6.jpg',5,0,'2025-10-16 11:31:37','2025-10-16 11:31:37'),('c1d6cdfa-19c5-4825-aa8b-8aeb84460327','6f5b2b1c-ddcd-47bf-95d7-d15f90e25767','2023.4.30-UNFOLLOW长沙站1.jpg',NULL,NULL,'https://wangfeng-fan-website.oss-cn-hangzhou.aliyuncs.com/gallery/2025/10/30/fefaf4b6-6833-43d5-b2c5-0997cb74a79b.jpg','https://wangfeng-fan-website.oss-cn-hangzhou.aliyuncs.com/gallery/2025/10/30/fefaf4b6-6833-43d5-b2c5-0997cb74a79b_thumb.jpg','https://wangfeng-fan-website.oss-cn-hangzhou.aliyuncs.com/gallery/2025/10/30/fefaf4b6-6833-43d5-b2c5-0997cb74a79b_medium.jpg',143283,NULL,NULL,'image/jpeg','oss','https://wangfeng-fan-website.oss-cn-hangzhou.aliyuncs.com/gallery/2025/10/30/fefaf4b6-6833-43d5-b2c5-0997cb74a79b.jpg',0,0,'2025-10-30 13:36:59','2025-10-30 13:36:59'),('c3a1a73b-ec82-43e1-ae97-4423e9808675','work-2025-04-09','2025.4.9-排练7.jpg',NULL,NULL,'/images/画廊/工作花絮/2025.4.9-排练/2025.4.9-排练7.jpg','/images/画廊/工作花絮/2025.4.9-排练/2025.4.9-排练7.jpg','/images/画廊/工作花絮/2025.4.9-排练/2025.4.9-排练7.jpg',NULL,NULL,NULL,NULL,'legacy','images/画廊/工作花絮/2025.4.9-排练/2025.4.9-排练7.jpg',6,0,'2025-10-16 11:31:37','2025-10-16 11:31:37'),('c92f03c0-6cdf-410e-99e5-d4b01043c717','6f5b2b1c-ddcd-47bf-95d7-d15f90e25767','2023.4.30-UNFOLLOW长沙站11.jpg',NULL,NULL,'https://wangfeng-fan-website.oss-cn-hangzhou.aliyuncs.com/gallery/2025/10/30/6cdf81ee-ca2e-4f45-a7b9-531d958f5866.jpg','https://wangfeng-fan-website.oss-cn-hangzhou.aliyuncs.com/gallery/2025/10/30/6cdf81ee-ca2e-4f45-a7b9-531d958f5866_thumb.jpg','https://wangfeng-fan-website.oss-cn-hangzhou.aliyuncs.com/gallery/2025/10/30/6cdf81ee-ca2e-4f45-a7b9-531d958f5866_medium.jpg',389580,NULL,NULL,'image/jpeg','oss','https://wangfeng-fan-website.oss-cn-hangzhou.aliyuncs.com/gallery/2025/10/30/6cdf81ee-ca2e-4f45-a7b9-531d958f5866.jpg',8,0,'2025-10-30 13:36:59','2025-10-30 13:36:59'),('cde3f2ea-6a8c-45c0-ac9a-556bff005c49','tour-2023-05-13','2023-5.13-UNFOLLOW深圳站9.jpg',NULL,NULL,'/images/画廊/巡演返图/2023-5.13-UNFOLLOW深圳站/2023-5.13-UNFOLLOW深圳站9.jpg','/images/画廊/巡演返图/2023-5.13-UNFOLLOW深圳站/2023-5.13-UNFOLLOW深圳站9.jpg','/images/画廊/巡演返图/2023-5.13-UNFOLLOW深圳站/2023-5.13-UNFOLLOW深圳站9.jpg',NULL,NULL,NULL,NULL,'legacy','images/画廊/巡演返图/2023-5.13-UNFOLLOW深圳站/2023-5.13-UNFOLLOW深圳站9.jpg',8,0,'2025-10-16 11:31:37','2025-10-16 11:31:37'),('cfa4bfe0-109d-43e7-8f04-2e8be613104f','55eb8b95-f57e-45aa-9211-7f2e47ced46c','汪峰相信未来哈尔滨-2.jpg',NULL,NULL,'https://wangfeng-fan-website.oss-cn-hangzhou.aliyuncs.com/gallery/2025/10/30/ad87a18c-6026-43e5-97a5-4c1bb8253a40.jpg','https://wangfeng-fan-website.oss-cn-hangzhou.aliyuncs.com/gallery/2025/10/30/ad87a18c-6026-43e5-97a5-4c1bb8253a40_thumb.jpg','https://wangfeng-fan-website.oss-cn-hangzhou.aliyuncs.com/gallery/2025/10/30/ad87a18c-6026-43e5-97a5-4c1bb8253a40_medium.jpg',4962888,NULL,NULL,'image/jpeg','oss','https://wangfeng-fan-website.oss-cn-hangzhou.aliyuncs.com/gallery/2025/10/30/ad87a18c-6026-43e5-97a5-4c1bb8253a40.jpg',1,0,'2025-10-30 13:07:15','2025-10-30 13:07:15'),('d33e1f80-00d4-4a32-b765-f01c1be0a948','55eb8b95-f57e-45aa-9211-7f2e47ced46c','汪峰相信未来哈尔滨-18.jpg',NULL,NULL,'https://wangfeng-fan-website.oss-cn-hangzhou.aliyuncs.com/gallery/2025/10/30/183a1666-3573-4b28-b4d6-166c2a8e3ffd.jpg','https://wangfeng-fan-website.oss-cn-hangzhou.aliyuncs.com/gallery/2025/10/30/183a1666-3573-4b28-b4d6-166c2a8e3ffd_thumb.jpg','https://wangfeng-fan-website.oss-cn-hangzhou.aliyuncs.com/gallery/2025/10/30/183a1666-3573-4b28-b4d6-166c2a8e3ffd_medium.jpg',4459587,NULL,NULL,'image/jpeg','oss','https://wangfeng-fan-website.oss-cn-hangzhou.aliyuncs.com/gallery/2025/10/30/183a1666-3573-4b28-b4d6-166c2a8e3ffd.jpg',9,0,'2025-10-30 13:07:15','2025-10-30 13:07:15'),('d96602a7-075c-4bd8-8ec0-ff6e97073a1e','tour-2023-05-13','2023-5.13-UNFOLLOW深圳站6.jpg',NULL,NULL,'/images/画廊/巡演返图/2023-5.13-UNFOLLOW深圳站/2023-5.13-UNFOLLOW深圳站6.jpg','/images/画廊/巡演返图/2023-5.13-UNFOLLOW深圳站/2023-5.13-UNFOLLOW深圳站6.jpg','/images/画廊/巡演返图/2023-5.13-UNFOLLOW深圳站/2023-5.13-UNFOLLOW深圳站6.jpg',NULL,NULL,NULL,NULL,'legacy','images/画廊/巡演返图/2023-5.13-UNFOLLOW深圳站/2023-5.13-UNFOLLOW深圳站6.jpg',5,0,'2025-10-16 11:31:37','2025-10-16 11:31:37'),('d980c5ec-96ae-4ce9-bdee-67b629a8eb5a','tour-2023-07-08','2023.7.8-UNFOLLOW上海站10.jpg',NULL,NULL,'/images/画廊/巡演返图/2023.7.8-UNFOLLOW上海站/2023.7.8-UNFOLLOW上海站10.jpg','/images/画廊/巡演返图/2023.7.8-UNFOLLOW上海站/2023.7.8-UNFOLLOW上海站10.jpg','/images/画廊/巡演返图/2023.7.8-UNFOLLOW上海站/2023.7.8-UNFOLLOW上海站10.jpg',NULL,NULL,NULL,NULL,'legacy','images/画廊/巡演返图/2023.7.8-UNFOLLOW上海站/2023.7.8-UNFOLLOW上海站10.jpg',9,0,'2025-10-16 11:31:37','2025-10-16 11:31:37'),('dbd07e4a-d168-43d4-8cac-c2801c1986ad','f2b4969f-822b-487c-b945-c17fae378f54','就独自去看看大海-12.jpg',NULL,NULL,'https://wangfeng-fan-website.oss-cn-hangzhou.aliyuncs.com/gallery/2025/11/02/06520154-b4d5-4b57-b6d1-c1d053570bf0.jpg','https://wangfeng-fan-website.oss-cn-hangzhou.aliyuncs.com/gallery/2025/11/02/06520154-b4d5-4b57-b6d1-c1d053570bf0_thumb.jpg','https://wangfeng-fan-website.oss-cn-hangzhou.aliyuncs.com/gallery/2025/11/02/06520154-b4d5-4b57-b6d1-c1d053570bf0_medium.jpg',3926313,NULL,NULL,'image/jpeg','oss','https://wangfeng-fan-website.oss-cn-hangzhou.aliyuncs.com/gallery/2025/11/02/06520154-b4d5-4b57-b6d1-c1d053570bf0.jpg',0,0,'2025-11-02 03:36:25','2025-11-02 03:36:25'),('dc285a3f-a293-48fe-904e-3c3c20ada04b','tour-2023-04-30','2023.4.30-UNFOLLOW长沙站1.jpg',NULL,NULL,'/images/画廊/巡演返图/2023.4.30-UNFOLLOW长沙站/2023.4.30-UNFOLLOW长沙站1.jpg','/images/画廊/巡演返图/2023.4.30-UNFOLLOW长沙站/2023.4.30-UNFOLLOW长沙站1.jpg','/images/画廊/巡演返图/2023.4.30-UNFOLLOW长沙站/2023.4.30-UNFOLLOW长沙站1.jpg',NULL,NULL,NULL,NULL,'legacy','images/画廊/巡演返图/2023.4.30-UNFOLLOW长沙站/2023.4.30-UNFOLLOW长沙站1.jpg',0,0,'2025-10-16 11:31:37','2025-10-16 11:31:37'),('dd7cc7d5-c03a-4606-8e2e-8548e8eba2a1','tour-2023-07-08','2023.7.8-UNFOLLOW上海站2.jpg',NULL,NULL,'/images/画廊/巡演返图/2023.7.8-UNFOLLOW上海站/2023.7.8-UNFOLLOW上海站2.jpg','/images/画廊/巡演返图/2023.7.8-UNFOLLOW上海站/2023.7.8-UNFOLLOW上海站2.jpg','/images/画廊/巡演返图/2023.7.8-UNFOLLOW上海站/2023.7.8-UNFOLLOW上海站2.jpg',NULL,NULL,NULL,NULL,'legacy','images/画廊/巡演返图/2023.7.8-UNFOLLOW上海站/2023.7.8-UNFOLLOW上海站2.jpg',1,0,'2025-10-16 11:31:37','2025-10-16 11:31:37'),('de3241fe-36ea-4d76-a6e3-d02a6371be6a','621f4906-f1b9-45b6-807f-c8abf436f6f0','2023.7.8-UNFOLLOW上海站10.jpg',NULL,NULL,'https://wangfeng-fan-website.oss-cn-hangzhou.aliyuncs.com/gallery/2025/10/30/6c398fa9-eca0-4379-aa29-68c2474519a8.jpg','https://wangfeng-fan-website.oss-cn-hangzhou.aliyuncs.com/gallery/2025/10/30/6c398fa9-eca0-4379-aa29-68c2474519a8_thumb.jpg','https://wangfeng-fan-website.oss-cn-hangzhou.aliyuncs.com/gallery/2025/10/30/6c398fa9-eca0-4379-aa29-68c2474519a8_medium.jpg',2255242,NULL,NULL,'image/jpeg','oss','https://wangfeng-fan-website.oss-cn-hangzhou.aliyuncs.com/gallery/2025/10/30/6c398fa9-eca0-4379-aa29-68c2474519a8.jpg',9,0,'2025-10-30 13:08:49','2025-10-30 13:08:49'),('e031f96a-ed59-4de2-927c-7485ad51ec9b','work-2025-04-09','2025.4.9-排练10.jpg',NULL,NULL,'/images/画廊/工作花絮/2025.4.9-排练/2025.4.9-排练10.jpg','/images/画廊/工作花絮/2025.4.9-排练/2025.4.9-排练10.jpg','/images/画廊/工作花絮/2025.4.9-排练/2025.4.9-排练10.jpg',NULL,NULL,NULL,NULL,'legacy','images/画廊/工作花絮/2025.4.9-排练/2025.4.9-排练10.jpg',9,0,'2025-10-16 11:31:37','2025-10-16 11:31:37'),('e6e5415e-bad6-4c1a-a47d-886dbe2b331a','6f5b2b1c-ddcd-47bf-95d7-d15f90e25767','2023.4.30-UNFOLLOW长沙站2.jpg',NULL,NULL,'https://wangfeng-fan-website.oss-cn-hangzhou.aliyuncs.com/gallery/2025/10/30/69cf0a1b-2e66-47e5-bb92-b2ce8a4153e5.jpg','https://wangfeng-fan-website.oss-cn-hangzhou.aliyuncs.com/gallery/2025/10/30/69cf0a1b-2e66-47e5-bb92-b2ce8a4153e5_thumb.jpg','https://wangfeng-fan-website.oss-cn-hangzhou.aliyuncs.com/gallery/2025/10/30/69cf0a1b-2e66-47e5-bb92-b2ce8a4153e5_medium.jpg',225009,NULL,NULL,'image/jpeg','oss','https://wangfeng-fan-website.oss-cn-hangzhou.aliyuncs.com/gallery/2025/10/30/69cf0a1b-2e66-47e5-bb92-b2ce8a4153e5.jpg',1,0,'2025-10-30 13:36:59','2025-10-30 13:36:59'),('e7b44976-018c-4ba3-954f-63e57573f326','tour-2023-04-30','2023.4.30-UNFOLLOW长沙站9.jpg',NULL,NULL,'/images/画廊/巡演返图/2023.4.30-UNFOLLOW长沙站/2023.4.30-UNFOLLOW长沙站9.jpg','/images/画廊/巡演返图/2023.4.30-UNFOLLOW长沙站/2023.4.30-UNFOLLOW长沙站9.jpg','/images/画廊/巡演返图/2023.4.30-UNFOLLOW长沙站/2023.4.30-UNFOLLOW长沙站9.jpg',NULL,NULL,NULL,NULL,'legacy','images/画廊/巡演返图/2023.4.30-UNFOLLOW长沙站/2023.4.30-UNFOLLOW长沙站9.jpg',8,0,'2025-10-16 11:31:37','2025-10-16 11:31:37'),('e8da73f7-284e-4daa-a5ae-b5c8c1005d5b','55eb8b95-f57e-45aa-9211-7f2e47ced46c','汪峰相信未来哈尔滨-15.jpg',NULL,NULL,'https://wangfeng-fan-website.oss-cn-hangzhou.aliyuncs.com/gallery/2025/10/30/42da5a54-c050-43a8-8696-dc1a54b80dac.jpg','https://wangfeng-fan-website.oss-cn-hangzhou.aliyuncs.com/gallery/2025/10/30/42da5a54-c050-43a8-8696-dc1a54b80dac_thumb.jpg','https://wangfeng-fan-website.oss-cn-hangzhou.aliyuncs.com/gallery/2025/10/30/42da5a54-c050-43a8-8696-dc1a54b80dac_medium.jpg',4379171,NULL,NULL,'image/jpeg','oss','https://wangfeng-fan-website.oss-cn-hangzhou.aliyuncs.com/gallery/2025/10/30/42da5a54-c050-43a8-8696-dc1a54b80dac.jpg',7,0,'2025-10-30 13:07:15','2025-10-30 13:07:15'),('ef795a69-04b6-47f9-be59-3a25396b0f12','55eb8b95-f57e-45aa-9211-7f2e47ced46c','汪峰相信未来哈尔滨-17.jpg',NULL,NULL,'https://wangfeng-fan-website.oss-cn-hangzhou.aliyuncs.com/gallery/2025/10/30/923349c2-d5ad-4220-bbfa-fe395268a3d5.jpg','https://wangfeng-fan-website.oss-cn-hangzhou.aliyuncs.com/gallery/2025/10/30/923349c2-d5ad-4220-bbfa-fe395268a3d5_thumb.jpg','https://wangfeng-fan-website.oss-cn-hangzhou.aliyuncs.com/gallery/2025/10/30/923349c2-d5ad-4220-bbfa-fe395268a3d5_medium.jpg',4111769,NULL,NULL,'image/jpeg','oss','https://wangfeng-fan-website.oss-cn-hangzhou.aliyuncs.com/gallery/2025/10/30/923349c2-d5ad-4220-bbfa-fe395268a3d5.jpg',8,0,'2025-10-30 13:07:15','2025-10-30 13:07:15'),('f0bb96c3-3ffc-4b13-973a-13a40ab1366f','tour-2023-04-15','2023.4.15-UNFOLLOW洛阳站9.jpg',NULL,NULL,'/images/画廊/巡演返图/2023.4.15-UNFOLLOW洛阳站/2023.4.15-UNFOLLOW洛阳站9.jpg','/images/画廊/巡演返图/2023.4.15-UNFOLLOW洛阳站/2023.4.15-UNFOLLOW洛阳站9.jpg','/images/画廊/巡演返图/2023.4.15-UNFOLLOW洛阳站/2023.4.15-UNFOLLOW洛阳站9.jpg',NULL,NULL,NULL,NULL,'legacy','images/画廊/巡演返图/2023.4.15-UNFOLLOW洛阳站/2023.4.15-UNFOLLOW洛阳站9.jpg',8,0,'2025-10-16 11:31:37','2025-10-16 11:31:37'),('f0c81204-ce21-4e35-adca-9e9f1986f7c9','6f5b2b1c-ddcd-47bf-95d7-d15f90e25767','2023.4.30-UNFOLLOW长沙站13.jpg',NULL,NULL,'https://wangfeng-fan-website.oss-cn-hangzhou.aliyuncs.com/gallery/2025/10/30/479293b5-03b4-4d9f-820f-b85bb0ee8e23.jpg','https://wangfeng-fan-website.oss-cn-hangzhou.aliyuncs.com/gallery/2025/10/30/479293b5-03b4-4d9f-820f-b85bb0ee8e23_thumb.jpg','https://wangfeng-fan-website.oss-cn-hangzhou.aliyuncs.com/gallery/2025/10/30/479293b5-03b4-4d9f-820f-b85bb0ee8e23_medium.jpg',74859,NULL,NULL,'image/jpeg','oss','https://wangfeng-fan-website.oss-cn-hangzhou.aliyuncs.com/gallery/2025/10/30/479293b5-03b4-4d9f-820f-b85bb0ee8e23.jpg',10,0,'2025-10-30 13:36:59','2025-10-30 13:36:59'),('f4fb8971-ce84-4e1e-ada8-4ee14ee62ad4','tour-2023-04-15','2023.4.15-UNFOLLOW洛阳站2.jpg',NULL,NULL,'/images/画廊/巡演返图/2023.4.15-UNFOLLOW洛阳站/2023.4.15-UNFOLLOW洛阳站2.jpg','/images/画廊/巡演返图/2023.4.15-UNFOLLOW洛阳站/2023.4.15-UNFOLLOW洛阳站2.jpg','/images/画廊/巡演返图/2023.4.15-UNFOLLOW洛阳站/2023.4.15-UNFOLLOW洛阳站2.jpg',NULL,NULL,NULL,NULL,'legacy','images/画廊/巡演返图/2023.4.15-UNFOLLOW洛阳站/2023.4.15-UNFOLLOW洛阳站2.jpg',1,0,'2025-10-16 11:31:37','2025-10-16 11:31:37'),('f67a9288-93c9-4055-8fbe-270f9d5d6fe3','6f5b2b1c-ddcd-47bf-95d7-d15f90e25767','2023.4.30-UNFOLLOW长沙站9.jpg',NULL,NULL,'https://wangfeng-fan-website.oss-cn-hangzhou.aliyuncs.com/gallery/2025/10/30/0f04da84-3524-4c9d-940f-fe58146452e5.jpg','https://wangfeng-fan-website.oss-cn-hangzhou.aliyuncs.com/gallery/2025/10/30/0f04da84-3524-4c9d-940f-fe58146452e5_thumb.jpg','https://wangfeng-fan-website.oss-cn-hangzhou.aliyuncs.com/gallery/2025/10/30/0f04da84-3524-4c9d-940f-fe58146452e5_medium.jpg',638902,NULL,NULL,'image/jpeg','oss','https://wangfeng-fan-website.oss-cn-hangzhou.aliyuncs.com/gallery/2025/10/30/0f04da84-3524-4c9d-940f-fe58146452e5.jpg',6,0,'2025-10-30 13:36:59','2025-10-30 13:36:59'),('f8984e83-3d78-428a-8ddb-3d6932a9ac38','tour-2023-06-10','2023.6.10-UNFOLLOW呼和浩特站7.jpg',NULL,NULL,'/images/画廊/巡演返图/2023.6.10-UNFOLLOW呼和浩特站/2023.6.10-UNFOLLOW呼和浩特站7.jpg','/images/画廊/巡演返图/2023.6.10-UNFOLLOW呼和浩特站/2023.6.10-UNFOLLOW呼和浩特站7.jpg','/images/画廊/巡演返图/2023.6.10-UNFOLLOW呼和浩特站/2023.6.10-UNFOLLOW呼和浩特站7.jpg',NULL,NULL,NULL,NULL,'legacy','images/画廊/巡演返图/2023.6.10-UNFOLLOW呼和浩特站/2023.6.10-UNFOLLOW呼和浩特站7.jpg',6,0,'2025-10-16 11:31:37','2025-10-16 11:31:37'),('fc6dc64f-2920-407b-9505-ee1be1d93145','tour-2023-05-13','2023-5.13-UNFOLLOW深圳站3.jpg',NULL,NULL,'/images/画廊/巡演返图/2023-5.13-UNFOLLOW深圳站/2023-5.13-UNFOLLOW深圳站3.jpg','/images/画廊/巡演返图/2023-5.13-UNFOLLOW深圳站/2023-5.13-UNFOLLOW深圳站3.jpg','/images/画廊/巡演返图/2023-5.13-UNFOLLOW深圳站/2023-5.13-UNFOLLOW深圳站3.jpg',NULL,NULL,NULL,NULL,'legacy','images/画廊/巡演返图/2023-5.13-UNFOLLOW深圳站/2023-5.13-UNFOLLOW深圳站3.jpg',2,0,'2025-10-16 11:31:37','2025-10-16 11:31:37'),('fddca0ee-737b-4932-98d2-9446addb6c7c','daily-2025-04-15','2025.4.15-汉江的夜色溜溜的面6.jpg',NULL,NULL,'/images/画廊/日常生活/2025.4.15-汉江的夜色溜溜的面/2025.4.15-汉江的夜色溜溜的面6.jpg','/images/画廊/日常生活/2025.4.15-汉江的夜色溜溜的面/2025.4.15-汉江的夜色溜溜的面6.jpg','/images/画廊/日常生活/2025.4.15-汉江的夜色溜溜的面/2025.4.15-汉江的夜色溜溜的面6.jpg',NULL,NULL,NULL,NULL,'legacy','images/画廊/日常生活/2025.4.15-汉江的夜色溜溜的面/2025.4.15-汉江的夜色溜溜的面6.jpg',5,0,'2025-10-16 11:31:37','2025-10-16 11:31:37'),('fea36128-12e1-4063-8dc3-ef4d8c3ea7f9','497922a1-22f7-4f4c-ab7f-17a138b6ad70','2023.4.15-UNFOLLOW洛阳站5.jpg',NULL,NULL,'https://wangfeng-fan-website.oss-cn-hangzhou.aliyuncs.com/gallery/2025/10/30/07fe7411-5804-41a9-a316-d057858c687d.jpg','https://wangfeng-fan-website.oss-cn-hangzhou.aliyuncs.com/gallery/2025/10/30/07fe7411-5804-41a9-a316-d057858c687d_thumb.jpg','https://wangfeng-fan-website.oss-cn-hangzhou.aliyuncs.com/gallery/2025/10/30/07fe7411-5804-41a9-a316-d057858c687d_medium.jpg',3033085,NULL,NULL,'image/jpeg','oss','https://wangfeng-fan-website.oss-cn-hangzhou.aliyuncs.com/gallery/2025/10/30/07fe7411-5804-41a9-a316-d057858c687d.jpg',3,0,'2025-10-30 13:38:32','2025-10-30 13:38:32'),('fed47780-a584-4d7d-bee5-76ff4a13e599','55eb8b95-f57e-45aa-9211-7f2e47ced46c','汪峰相信未来哈尔滨-11.jpg',NULL,NULL,'https://wangfeng-fan-website.oss-cn-hangzhou.aliyuncs.com/gallery/2025/10/30/7ff50a22-dcb4-4800-b9aa-1d79acfe9d92.jpg','https://wangfeng-fan-website.oss-cn-hangzhou.aliyuncs.com/gallery/2025/10/30/7ff50a22-dcb4-4800-b9aa-1d79acfe9d92_thumb.jpg','https://wangfeng-fan-website.oss-cn-hangzhou.aliyuncs.com/gallery/2025/10/30/7ff50a22-dcb4-4800-b9aa-1d79acfe9d92_medium.jpg',4161591,NULL,NULL,'image/jpeg','oss','https://wangfeng-fan-website.oss-cn-hangzhou.aliyuncs.com/gallery/2025/10/30/7ff50a22-dcb4-4800-b9aa-1d79acfe9d92.jpg',3,0,'2025-10-30 13:07:15','2025-10-30 13:07:15'),('ffe6008a-0957-4652-8a6e-b1fae3fac3c8','497922a1-22f7-4f4c-ab7f-17a138b6ad70','2023.4.15-UNFOLLOW洛阳站9.jpg',NULL,NULL,'https://wangfeng-fan-website.oss-cn-hangzhou.aliyuncs.com/gallery/2025/10/30/3b1ef011-21e6-4965-8f18-155ebd485722.jpg','https://wangfeng-fan-website.oss-cn-hangzhou.aliyuncs.com/gallery/2025/10/30/3b1ef011-21e6-4965-8f18-155ebd485722_thumb.jpg','https://wangfeng-fan-website.oss-cn-hangzhou.aliyuncs.com/gallery/2025/10/30/3b1ef011-21e6-4965-8f18-155ebd485722_medium.jpg',216426,NULL,NULL,'image/jpeg','oss','https://wangfeng-fan-website.oss-cn-hangzhou.aliyuncs.com/gallery/2025/10/30/3b1ef011-21e6-4965-8f18-155ebd485722.jpg',7,0,'2025-10-30 13:38:32','2025-10-30 13:38:32');
/*!40000 ALTER TABLE `photos` ENABLE KEYS */;
UNLOCK TABLES;

--
-- Table structure for table `poll_options`
--

DROP TABLE IF EXISTS `poll_options`;
/*!40101 SET @saved_cs_client     = @@character_set_client */;
/*!50503 SET character_set_client = utf8mb4 */;
CREATE TABLE `poll_options` (
  `id` varchar(36) COLLATE utf8mb4_unicode_ci NOT NULL,
  `poll_id` varchar(36) COLLATE utf8mb4_unicode_ci NOT NULL,
  `label` varchar(255) COLLATE utf8mb4_unicode_ci NOT NULL,
  `image_url` varchar(512) COLLATE utf8mb4_unicode_ci DEFAULT NULL,
  `vote_count` int DEFAULT NULL,
  `sort_order` int DEFAULT NULL,
  `created_at` datetime DEFAULT NULL,
  PRIMARY KEY (`id`),
  KEY `ix_poll_options_poll_id` (`poll_id`),
  KEY `ix_poll_options_id` (`id`)
) ENGINE=InnoDB DEFAULT CHARSET=utf8mb4 COLLATE=utf8mb4_unicode_ci;
/*!40101 SET character_set_client = @saved_cs_client */;

--
-- Dumping data for table `poll_options`
--

LOCK TABLES `poll_options` WRITE;
/*!40000 ALTER TABLE `poll_options` DISABLE KEYS */;
INSERT INTO `poll_options` VALUES ('0590b0b5-ae68-4322-b052-e475779ef399','e1f6771d-b8db-49dd-adfc-21ee3f47cfb6','飞来飞去 (跨年演唱会)',NULL,0,3,'2025-10-30 02:15:51'),('0814cb9b-e5fb-468a-aed5-0f3f5ef57f0f','861b6210-a373-4a7e-abef-bd1067f3644f','风暴来临',NULL,0,1,'2025-10-30 02:15:51'),('085391c2-2223-4a4b-9329-4718d999e899','861b6210-a373-4a7e-abef-bd1067f3644f','勇敢的心',NULL,0,5,'2025-10-30 02:15:51'),('159ef6c6-69ab-463c-a745-f40dc5df1524','e1f6771d-b8db-49dd-adfc-21ee3f47cfb6','怒放的生命 (凤凰传奇版)',NULL,0,0,'2025-10-30 02:15:51'),('1ed9c8c5-56b4-4474-bc50-cca994e0fee7','861b6210-a373-4a7e-abef-bd1067f3644f','爱是一颗幸福的子弹',NULL,0,3,'2025-10-30 02:15:51'),('2ce7ac8a-c8c3-452b-a826-9fb179fe9d00','37c50eed-f140-4f33-9b56-f870da232058','生来彷徨',NULL,0,5,'2025-10-30 02:15:51'),('3e98b875-b7e0-437e-90d0-ecfa57641f22','861b6210-a373-4a7e-abef-bd1067f3644f','花火',NULL,0,2,'2025-10-30 02:15:51'),('43bbd935-cb15-4254-b200-f346d8df7189','37c50eed-f140-4f33-9b56-f870da232058','北京北京',NULL,0,1,'2025-10-30 02:15:51'),('67799374-7e6a-49cb-a2b8-7610546c53dd','37c50eed-f140-4f33-9b56-f870da232058','春天里',NULL,0,4,'2025-10-30 02:15:51'),('7b99cf03-6b03-4fb1-a844-f65aa6b563ee','e1f6771d-b8db-49dd-adfc-21ee3f47cfb6','北京北京 (足球之夜)',NULL,0,1,'2025-10-30 02:15:51'),('7dba46ae-ca81-46ee-92fe-0dbaeb48375a','37c50eed-f140-4f33-9b56-f870da232058','我真的需要你',NULL,0,2,'2025-10-30 02:15:51'),('831b5af1-c1e3-428a-a59c-4653be83d469','37c50eed-f140-4f33-9b56-f870da232058','飞来飞去',NULL,0,3,'2025-10-30 02:15:51'),('853b75f2-3fb4-4d6f-bf45-205956105ce6','861b6210-a373-4a7e-abef-bd1067f3644f','怒放的生命',NULL,0,4,'2025-10-30 02:15:51'),('abe469a2-06a5-4e75-b7af-99016625f344','861b6210-a373-4a7e-abef-bd1067f3644f','鲍家街43号',NULL,1,0,'2025-10-30 02:15:51'),('af6fe76b-542b-48d5-bf8e-8d1bb99feb12','37c50eed-f140-4f33-9b56-f870da232058','怒放的生命',NULL,1,0,'2025-10-30 02:15:51'),('dcc11e12-dc6b-4d68-aa99-fd002ebae6f2','e1f6771d-b8db-49dd-adfc-21ee3f47cfb6','我真的需要你 (演唱会)',NULL,0,2,'2025-10-30 02:15:51');
/*!40000 ALTER TABLE `poll_options` ENABLE KEYS */;
UNLOCK TABLES;

--
-- Table structure for table `poll_votes`
--

DROP TABLE IF EXISTS `poll_votes`;
/*!40101 SET @saved_cs_client     = @@character_set_client */;
/*!50503 SET character_set_client = utf8mb4 */;
CREATE TABLE `poll_votes` (
  `id` varchar(36) COLLATE utf8mb4_unicode_ci NOT NULL,
  `poll_id` varchar(36) COLLATE utf8mb4_unicode_ci NOT NULL,
  `option_id` varchar(36) COLLATE utf8mb4_unicode_ci NOT NULL,
  `user_ip` varchar(45) COLLATE utf8mb4_unicode_ci DEFAULT NULL,
  `user_id` varchar(36) COLLATE utf8mb4_unicode_ci DEFAULT NULL,
  `created_at` datetime DEFAULT NULL,
  PRIMARY KEY (`id`),
  KEY `ix_poll_votes_id` (`id`),
  KEY `ix_poll_votes_poll_id` (`poll_id`),
  KEY `ix_poll_votes_option_id` (`option_id`),
  KEY `ix_poll_votes_user_id` (`user_id`)
) ENGINE=InnoDB DEFAULT CHARSET=utf8mb4 COLLATE=utf8mb4_unicode_ci;
/*!40101 SET character_set_client = @saved_cs_client */;

--
-- Dumping data for table `poll_votes`
--

LOCK TABLES `poll_votes` WRITE;
/*!40000 ALTER TABLE `poll_votes` DISABLE KEYS */;
INSERT INTO `poll_votes` VALUES ('23904c13-3316-45f8-8456-25f905a5a292','37c50eed-f140-4f33-9b56-f870da232058','af6fe76b-542b-48d5-bf8e-8d1bb99feb12','127.0.0.1',NULL,'2025-10-30 02:49:02'),('a1379314-2517-444d-8e61-b6c80efd5253','861b6210-a373-4a7e-abef-bd1067f3644f','abe469a2-06a5-4e75-b7af-99016625f344','127.0.0.1',NULL,'2025-10-31 00:16:43');
/*!40000 ALTER TABLE `poll_votes` ENABLE KEYS */;
UNLOCK TABLES;

--
-- Table structure for table `polls`
--

DROP TABLE IF EXISTS `polls`;
/*!40101 SET @saved_cs_client     = @@character_set_client */;
/*!50503 SET character_set_client = utf8mb4 */;
CREATE TABLE `polls` (
  `id` varchar(36) COLLATE utf8mb4_unicode_ci NOT NULL,
  `title` varchar(255) COLLATE utf8mb4_unicode_ci NOT NULL,
  `description` text COLLATE utf8mb4_unicode_ci,
  `start_date` datetime DEFAULT NULL,
  `end_date` datetime DEFAULT NULL,
  `status` varchar(20) COLLATE utf8mb4_unicode_ci NOT NULL,
  `total_votes` int DEFAULT NULL,
  `is_published` tinyint(1) DEFAULT NULL,
  `created_at` datetime DEFAULT NULL,
  `updated_at` datetime DEFAULT NULL,
  PRIMARY KEY (`id`),
  KEY `ix_polls_id` (`id`)
) ENGINE=InnoDB DEFAULT CHARSET=utf8mb4 COLLATE=utf8mb4_unicode_ci;
/*!40101 SET character_set_client = @saved_cs_client */;

--
-- Dumping data for table `polls`
--

LOCK TABLES `polls` WRITE;
/*!40000 ALTER TABLE `polls` DISABLE KEYS */;
INSERT INTO `polls` VALUES ('37c50eed-f140-4f33-9b56-f870da232058','最喜欢的汪峰歌曲投票','您最喜欢的汪峰歌曲是哪一首？','2025-10-23 02:15:51','2025-11-06 02:15:51','active',1,1,'2025-10-30 02:15:51','2025-10-30 02:49:02'),('861b6210-a373-4a7e-abef-bd1067f3644f','最喜欢的汪峰专辑','您最喜欢的汪峰专辑是哪一个？','2025-10-27 02:15:51','2025-11-10 02:15:51','active',1,1,'2025-10-30 02:15:51','2025-10-31 00:16:43'),('e1f6771d-b8db-49dd-adfc-21ee3f47cfb6','最想听的汪峰live版本','您最想听的汪峰歌曲live演绎？','2025-11-13 02:15:51','2025-11-20 02:15:51','upcoming',0,1,'2025-10-30 02:15:51','2025-10-30 02:15:51');
/*!40000 ALTER TABLE `polls` ENABLE KEYS */;
UNLOCK TABLES;

--
-- Table structure for table `schedules`
--

DROP TABLE IF EXISTS `schedules`;
/*!40101 SET @saved_cs_client     = @@character_set_client */;
/*!50503 SET character_set_client = utf8mb4 */;
CREATE TABLE `schedules` (
  `id` int NOT NULL AUTO_INCREMENT,
  `category` varchar(20) COLLATE utf8mb4_unicode_ci NOT NULL COMMENT '行程分类：演唱会/音乐节/商演/综艺活动/其他',
  `date` varchar(10) COLLATE utf8mb4_unicode_ci NOT NULL COMMENT '行程日期 YYYY-MM-DD',
  `city` varchar(50) COLLATE utf8mb4_unicode_ci NOT NULL COMMENT '城市',
  `venue` varchar(200) COLLATE utf8mb4_unicode_ci DEFAULT NULL COMMENT '具体场馆/地点',
  `theme` varchar(200) COLLATE utf8mb4_unicode_ci NOT NULL COMMENT '行程主题/详情',
  `description` text COLLATE utf8mb4_unicode_ci COMMENT '补充说明',
  `image` varchar(500) COLLATE utf8mb4_unicode_ci DEFAULT NULL COMMENT '海报图片路径',
  `image_thumb` varchar(500) COLLATE utf8mb4_unicode_ci DEFAULT NULL COMMENT '海报缩略图路径（压缩图）',
  `tags` text COLLATE utf8mb4_unicode_ci COMMENT '标签，用逗号分隔',
  `source` varchar(20) COLLATE utf8mb4_unicode_ci NOT NULL COMMENT '数据来源：legacy/custom',
  `author_id` varchar(36) COLLATE utf8mb4_unicode_ci DEFAULT NULL COMMENT '创建者用户ID',
  `created_by_id` int DEFAULT NULL,
  `review_status` varchar(20) COLLATE utf8mb4_unicode_ci NOT NULL DEFAULT 'pending' COMMENT '审核状态: pending/approved/rejected',
  `reviewer_id` varchar(36) COLLATE utf8mb4_unicode_ci DEFAULT NULL COMMENT '审核人ID',
  `review_notes` text COLLATE utf8mb4_unicode_ci COMMENT '审核备注/拒绝原因',
  `reviewed_at` datetime DEFAULT NULL COMMENT '审核时间',
  `is_published` tinyint NOT NULL DEFAULT '0' COMMENT '是否已发布: 0未发布/1已发布',
  `article_id` varchar(36) COLLATE utf8mb4_unicode_ci DEFAULT NULL COMMENT '关联的文章ID',
  `created_at` datetime NOT NULL COMMENT '创建时间',
  `submit_time` datetime DEFAULT NULL,
  `submitted_by_id` int DEFAULT NULL,
  `updated_at` datetime NOT NULL COMMENT '更新时间',
  PRIMARY KEY (`id`),
  KEY `ix_schedules_id` (`id`),
  KEY `ix_schedules_date` (`date`),
  KEY `ix_schedules_category` (`category`),
  KEY `idx_review_status` (`review_status`),
  KEY `idx_article_id` (`article_id`),
  KEY `idx_schedules_author_id` (`author_id`),
  KEY `idx_schedules_reviewer_id` (`reviewer_id`),
  KEY `idx_schedules_created_by` (`created_by_id`),
  KEY `idx_schedules_submit_time` (`submit_time`)
) ENGINE=InnoDB AUTO_INCREMENT=116 DEFAULT CHARSET=utf8mb4 COLLATE=utf8mb4_unicode_ci;
/*!40101 SET character_set_client = @saved_cs_client */;

--
-- Dumping data for table `schedules`
--

LOCK TABLES `schedules` WRITE;
/*!40000 ALTER TABLE `schedules` DISABLE KEYS */;
INSERT INTO `schedules` VALUES (8,'演唱会','2004-09-17','北京','北京展览馆剧场','“飞得更高”个人演唱会',NULL,'/posters/concerts/20040917_北京_001/poster.jpg',NULL,NULL,'legacy',NULL,NULL,'approved',NULL,NULL,NULL,1,NULL,'2025-10-07 01:34:25',NULL,NULL,'2025-10-07 01:34:25'),(9,'演唱会','2005-12-31','深圳','深圳体育馆','“飞得更高”新年演唱会',NULL,'/posters/concerts/20051231_深圳_002/poster.jpg',NULL,NULL,'legacy',NULL,NULL,'approved',NULL,NULL,NULL,1,NULL,'2025-10-07 01:34:25',NULL,NULL,'2025-10-07 01:34:25'),(10,'演唱会','2006-08-19','北京','北京星光现场音乐厅','“巅峰时刻”演唱会',NULL,'/posters/concerts/20060819_北京_003/poster.jpg',NULL,NULL,'legacy',NULL,NULL,'approved',NULL,NULL,NULL,1,NULL,'2025-10-07 01:34:25',NULL,NULL,'2025-10-07 01:34:25'),(11,'演唱会','2007-07-01','北京','北京星光现场音乐厅','汪峰《勇敢的心》专辑首唱会',NULL,'/posters/concerts/20070701_北京_004/poster.jpg',NULL,NULL,'legacy',NULL,NULL,'approved',NULL,NULL,NULL,1,NULL,'2025-10-07 01:34:25',NULL,NULL,'2025-10-07 01:34:25'),(12,'演唱会','2008-01-19','北京','北京工人体育馆','汪峰\"2008北京北京\"演唱会',NULL,'/posters/concerts/20080119_北京_005/poster.jpg',NULL,NULL,'legacy',NULL,NULL,'approved',NULL,NULL,NULL,1,NULL,'2025-10-07 01:34:25',NULL,NULL,'2025-10-07 01:34:25'),(13,'演唱会','2009-08-16','北京','北京星光现场音乐厅','汪峰《信仰在空中飘扬》专辑首唱会',NULL,'/posters/concerts/20090816_北京_006/poster.jpg',NULL,NULL,'legacy',NULL,NULL,'approved',NULL,NULL,NULL,1,NULL,'2025-10-07 01:34:25',NULL,NULL,'2025-10-07 01:34:25'),(14,'演唱会','2009-09-13','昆明','云南大剧院','红牛不插电演唱会-2009汪峰不插电昆明演唱会',NULL,'/posters/concerts/20090913_昆明_007/poster.jpg',NULL,NULL,'legacy',NULL,NULL,'approved',NULL,NULL,NULL,1,NULL,'2025-10-07 01:34:25',NULL,NULL,'2025-10-07 01:34:25'),(15,'演唱会','2009-12-24','深圳','深圳音乐厅','“飞得更高”一2009汪峰不插电深圳演唱会',NULL,'/posters/concerts/20091224_深圳_008/poster.jpg',NULL,NULL,'legacy',NULL,NULL,'approved',NULL,NULL,NULL,1,NULL,'2025-10-07 01:34:25',NULL,NULL,'2025-10-07 01:34:25'),(16,'演唱会','2010-04-10','北京','北京首都体育馆','汪峰“信仰2010”演唱会',NULL,'/posters/concerts/20100410_北京_009/poster.jpg',NULL,NULL,'legacy',NULL,NULL,'approved',NULL,NULL,NULL,1,NULL,'2025-10-07 01:34:25',NULL,NULL,'2025-10-07 01:34:25'),(17,'演唱会','2011-03-26','上海','上海大舞台','汪峰“信仰2011”上海演唱会',NULL,'/posters/concerts/20110326_上海_010/poster.jpg',NULL,NULL,'legacy',NULL,NULL,'approved',NULL,NULL,NULL,1,NULL,'2025-10-07 01:34:25',NULL,NULL,'2025-10-07 01:34:25'),(18,'演唱会','2011-04-16','北京','北京国家奥林匹克体育中心','汪峰“信仰2011”北京演唱会',NULL,'/posters/concerts/20110416_北京_011/poster.jpg',NULL,NULL,'legacy',NULL,NULL,'approved',NULL,NULL,NULL,1,NULL,'2025-10-07 01:34:25',NULL,NULL,'2025-10-07 01:34:25'),(19,'演唱会','2011-11-05','鄂尔多斯','鄂尔多斯铁西全民健身中心','“信仰2011”汪峰全国巡回演唱会鄂尔多斯站',NULL,'/posters/concerts/20111105_鄂尔多斯_012/poster.jpg',NULL,NULL,'legacy',NULL,NULL,'approved',NULL,NULL,NULL,1,NULL,'2025-10-07 01:34:25',NULL,NULL,'2025-10-07 01:34:25'),(20,'演唱会','2011-11-19','成都','四川省体育馆','“信仰2011”汪峰全国巡回演唱会成都站',NULL,'/posters/concerts/20111119_成都_013/poster.jpg',NULL,NULL,'legacy',NULL,NULL,'approved',NULL,NULL,NULL,1,NULL,'2025-10-07 01:34:25',NULL,NULL,'2025-10-07 01:34:25'),(21,'演唱会','2011-11-28','北京','北京世纪剧院','汪峰《生无所求》专辑首唱会',NULL,'/posters/concerts/20111128_北京_014/poster.jpg',NULL,NULL,'legacy',NULL,NULL,'approved',NULL,NULL,NULL,1,NULL,'2025-10-07 01:34:25',NULL,NULL,'2025-10-07 01:34:25'),(22,'演唱会','2011-12-03','深圳','深圳湾体育中心体育馆','“信仰2011”汪峰全国巡回演唱会深圳站',NULL,'/posters/concerts/20111203_深圳_015/poster.jpg',NULL,NULL,'legacy',NULL,NULL,'approved',NULL,NULL,NULL,1,NULL,'2025-10-07 01:34:25',NULL,NULL,'2025-10-07 01:34:25'),(23,'演唱会','2011-12-10','北京','北京万事达中心(原五棵松体育馆)','汪峰“生无所求LifeAsksForNothing”演唱会北京站',NULL,'/posters/concerts/20111210_北京_016/poster.jpg',NULL,NULL,'legacy',NULL,NULL,'approved',NULL,NULL,NULL,1,NULL,'2025-10-07 01:34:25',NULL,NULL,'2025-10-07 01:34:25'),(24,'演唱会','2012-01-02','上海','上海梅赛德斯一奔驰文化中心','汪峰“生无所求LifeAsksForNothing”演唱会上海站',NULL,'/posters/concerts/20120102_上海_017/poster.jpg',NULL,NULL,'legacy',NULL,NULL,'approved',NULL,NULL,NULL,1,NULL,'2025-10-07 01:34:25',NULL,NULL,'2025-10-07 01:34:25'),(25,'演唱会','2012-09-02','北京','北京工人体育场','汪峰“存在”全国超级巡演北京站',NULL,'/posters/concerts/20120902_北京_018/poster.jpg',NULL,NULL,'legacy',NULL,NULL,'approved',NULL,NULL,NULL,1,NULL,'2025-10-07 01:34:25',NULL,NULL,'2025-10-07 01:34:25'),(26,'演唱会','2013-04-13','天津','天津体育中心','汪峰“存在”全国超级巡演天津站',NULL,'/posters/concerts/20130413_天津_019/poster.jpg',NULL,NULL,'legacy',NULL,NULL,'approved',NULL,NULL,NULL,1,NULL,'2025-10-07 01:34:25',NULL,NULL,'2025-10-07 01:34:25'),(27,'演唱会','2013-04-19','武汉','武汉光谷体育馆','汪峰“存在”全国超级巡演武汉站',NULL,'/posters/concerts/20130419_武汉_020/poster.jpg',NULL,NULL,'legacy',NULL,NULL,'approved',NULL,NULL,NULL,1,NULL,'2025-10-07 01:34:25',NULL,NULL,'2025-10-07 01:34:25'),(28,'演唱会','2013-04-30','杭州','杭州黄龙体育馆','汪峰“存在”全国超级巡演杭州站',NULL,'/posters/concerts/20130430_杭州_021/poster.jpg',NULL,NULL,'legacy',NULL,NULL,'approved',NULL,NULL,NULL,1,NULL,'2025-10-07 01:34:25',NULL,NULL,'2025-10-07 01:34:25'),(29,'演唱会','2013-05-11','广州','广州体育馆','汪峰“存在”全国超级巡演广州站',NULL,'/posters/concerts/20130511_广州_022/poster.jpg',NULL,NULL,'legacy',NULL,NULL,'approved',NULL,NULL,NULL,1,NULL,'2025-10-07 01:34:25',NULL,NULL,'2025-10-07 01:34:25'),(30,'演唱会','2013-05-18','西安','陕西省体育场','汪峰“存在”全国超级巡演西安站',NULL,'/posters/concerts/20130518_西安_023/poster.jpg',NULL,NULL,'legacy',NULL,NULL,'approved',NULL,NULL,NULL,1,NULL,'2025-10-07 01:34:25',NULL,NULL,'2025-10-07 01:34:25'),(31,'演唱会','2013-05-25','福州','福建省体育馆','汪峰“存在”全国超级巡演福州站',NULL,'/posters/concerts/20130525_福州_024/poster.jpg',NULL,NULL,'legacy',NULL,NULL,'approved',NULL,NULL,NULL,1,NULL,'2025-10-07 01:34:25',NULL,NULL,'2025-10-07 01:34:25'),(32,'演唱会','2013-06-09','郑州','郑州国际会展中心','汪峰“存在”全国超级巡演郑州站',NULL,'/posters/concerts/20130609_郑州_025/poster.jpg',NULL,NULL,'legacy',NULL,NULL,'approved',NULL,NULL,NULL,1,NULL,'2025-10-07 01:34:25',NULL,NULL,'2025-10-07 01:34:25'),(33,'演唱会','2013-06-15','深圳','深圳湾体育中心体育场','汪峰“存在”全国超级巡演深圳站',NULL,'/posters/concerts/20130615_深圳_026/poster.jpg',NULL,NULL,'legacy',NULL,NULL,'approved',NULL,NULL,NULL,1,NULL,'2025-10-07 01:34:25',NULL,NULL,'2025-10-07 01:34:25'),(34,'演唱会','2013-10-19','成都','成都体育中心体育场','汪峰“存在”全国超级巡演成都站',NULL,'/posters/concerts/20131019_成都_027/poster.jpg',NULL,NULL,'legacy',NULL,NULL,'approved',NULL,NULL,NULL,1,NULL,'2025-10-07 01:34:25',NULL,NULL,'2025-10-07 01:34:25'),(35,'演唱会','2013-10-26','合肥','合肥体育中心体育场','汪峰“存在”全国超级巡演合肥站',NULL,'/posters/concerts/20131026_合肥_028/poster.jpg',NULL,NULL,'legacy',NULL,NULL,'approved',NULL,NULL,NULL,1,NULL,'2025-10-07 01:34:25',NULL,NULL,'2025-10-07 01:34:25'),(36,'演唱会','2013-11-09','上海','上海八万人体育场','汪峰“存在”全国超级巡演上海站',NULL,'/posters/concerts/20131109_上海_029/poster.jpg',NULL,NULL,'legacy',NULL,NULL,'approved',NULL,NULL,NULL,1,NULL,'2025-10-07 01:34:25',NULL,NULL,'2025-10-07 01:34:25'),(37,'演唱会','2013-12-07','太原','山西省体育馆','汪峰“存在”全国超级巡演太原站',NULL,'/posters/concerts/20131207_太原_030/poster.jpg',NULL,NULL,'legacy',NULL,NULL,'approved',NULL,NULL,NULL,1,NULL,'2025-10-07 01:34:25',NULL,NULL,'2025-10-07 01:34:25'),(38,'演唱会','2013-12-14','珠海','珠海体育中心体育场','汪峰“存在”全国超级巡演珠海站',NULL,'/posters/concerts/20131214_珠海_031/poster.jpg',NULL,NULL,'legacy',NULL,NULL,'approved',NULL,NULL,NULL,1,NULL,'2025-10-07 01:34:25',NULL,NULL,'2025-10-07 01:34:25'),(39,'演唱会','2013-12-21','南京','南京奥体中心体育馆','汪峰“存在”全国超级巡演南京站',NULL,'/posters/concerts/20131221_南京_032/poster.jpg',NULL,NULL,'legacy',NULL,NULL,'approved',NULL,NULL,NULL,1,NULL,'2025-10-07 01:34:25',NULL,NULL,'2025-10-07 01:34:25'),(40,'演唱会','2013-12-28','南宁','广西壮族自治区体育场','汪峰“存在”全国超级巡演南宁站',NULL,'/posters/concerts/20131228_南宁_033/poster.jpg',NULL,NULL,'legacy',NULL,NULL,'approved',NULL,NULL,NULL,1,NULL,'2025-10-07 01:34:25',NULL,NULL,'2025-10-07 01:34:25'),(41,'演唱会','2014-06-08','苏州','苏州体育中心体育场','汪峰“峰暴来临”超级巡演苏州站',NULL,'/posters/concerts/20140608_苏州_034/poster.jpg',NULL,NULL,'legacy',NULL,NULL,'approved',NULL,NULL,NULL,1,NULL,'2025-10-07 01:34:25',NULL,NULL,'2025-10-07 01:34:25'),(42,'演唱会','2014-06-14','包头','包头体育中心体育场','汪峰“峰暴来临”超级巡演包头站',NULL,'/posters/concerts/20140614_包头_035/poster.jpg',NULL,NULL,'legacy',NULL,NULL,'approved',NULL,NULL,NULL,1,NULL,'2025-10-07 01:34:25',NULL,NULL,'2025-10-07 01:34:25'),(43,'演唱会','2014-06-21','大连','大连金州体育场','汪峰“峰暴来临”超级巡演大连站',NULL,'/posters/concerts/20140621_大连_036/poster.jpg',NULL,NULL,'legacy',NULL,NULL,'approved',NULL,NULL,NULL,1,NULL,'2025-10-07 01:34:25',NULL,NULL,'2025-10-07 01:34:25'),(44,'演唱会','2014-07-12','沈阳','沈阳奥林匹克体育中心体育场','汪峰“峰暴来临”超级巡演沈阳站',NULL,'/posters/concerts/20140712_沈阳_037/poster.jpg',NULL,NULL,'legacy',NULL,NULL,'approved',NULL,NULL,NULL,1,NULL,'2025-10-07 01:34:25',NULL,NULL,'2025-10-07 01:34:25'),(45,'演唱会','2014-08-02','北京','北京鸟巢国家体育场','汪峰“峰暴来临”超级巡演北京站','乐视网络直播','/posters/concerts/20140802_北京_038/poster.jpg',NULL,NULL,'legacy',NULL,NULL,'approved',NULL,NULL,NULL,1,NULL,'2025-10-07 01:34:25',NULL,NULL,'2025-10-07 01:34:25'),(46,'演唱会','2014-09-30','杭州','杭州黄龙体育中心体育场','汪峰“峰暴来临”超级巡演杭州站',NULL,'/posters/concerts/20140930_杭州_039/poster.jpg',NULL,NULL,'legacy',NULL,NULL,'approved',NULL,NULL,NULL,1,NULL,'2025-10-07 01:34:25',NULL,NULL,'2025-10-07 01:34:25'),(47,'演唱会','2014-10-11','太原','太原红灯笼体育场','汪峰”峰暴来临“超级巡演太原站',NULL,'/posters/concerts/20141011_太原_040/poster.jpg',NULL,NULL,'legacy',NULL,NULL,'approved',NULL,NULL,NULL,1,NULL,'2025-10-07 01:34:25',NULL,NULL,'2025-10-07 01:34:25'),(48,'演唱会','2014-10-18','武汉','武汉体育中心体育场','汪峰“峰暴来临”超级巡演武汉站',NULL,'/posters/concerts/20141018_武汉_041/poster.jpg',NULL,NULL,'legacy',NULL,NULL,'approved',NULL,NULL,NULL,1,NULL,'2025-10-07 01:34:25',NULL,NULL,'2025-10-07 01:34:25'),(49,'演唱会','2014-10-25','绵阳','绵阳新会展中心(九洲体育馆)','汪峰“峰暴来临”超级巡演绵阳站',NULL,'/posters/concerts/20141025_绵阳_042/poster.jpg',NULL,NULL,'legacy',NULL,NULL,'approved',NULL,NULL,NULL,1,NULL,'2025-10-07 01:34:25',NULL,NULL,'2025-10-07 01:34:25'),(50,'演唱会','2014-11-01','重庆','重庆奥体中心体育场','汪峰“峰暴来临”超级巡演重庆站',NULL,'/posters/concerts/20141101_重庆_043/poster.jpg',NULL,NULL,'legacy',NULL,NULL,'approved',NULL,NULL,NULL,1,NULL,'2025-10-07 01:34:25',NULL,NULL,'2025-10-07 01:34:25'),(51,'演唱会','2014-11-08','徐州','徐州体育中心体育场','汪峰“峰暴来临”超级巡演徐州站',NULL,'/posters/concerts/20141108_徐州_044/poster.jpg',NULL,NULL,'legacy',NULL,NULL,'approved',NULL,NULL,NULL,1,NULL,'2025-10-07 01:34:25',NULL,NULL,'2025-10-07 01:34:25'),(52,'演唱会','2014-11-15','长沙','长沙贺龙体育场','汪峰“峰暴来临”超级巡演长沙站',NULL,'/posters/concerts/20141115_长沙_045/poster.jpg',NULL,NULL,'legacy',NULL,NULL,'approved',NULL,NULL,NULL,1,NULL,'2025-10-07 01:34:25',NULL,NULL,'2025-10-07 01:34:25'),(53,'演唱会','2014-11-22','宜昌','宜昌体育场','汪峰“峰暴来临”超级巡演宜昌站',NULL,'/posters/concerts/20141122_宜昌_046/poster.jpg',NULL,NULL,'legacy',NULL,NULL,'approved',NULL,NULL,NULL,1,NULL,'2025-10-07 01:34:25',NULL,NULL,'2025-10-07 01:34:25'),(54,'演唱会','2014-12-06','厦门','厦门体育中心体育场','汪峰“峰暴来临”超级巡演厦门站',NULL,'/posters/concerts/20141206_厦门_047/poster.jpg',NULL,NULL,'legacy',NULL,NULL,'approved',NULL,NULL,NULL,1,NULL,'2025-10-07 01:34:25',NULL,NULL,'2025-10-07 01:34:25'),(55,'演唱会','2015-04-30','石家庄','石家庄裕彤国际体育中心体育场','汪峰“峰暴来临”超级巡演石家庄站',NULL,'/posters/concerts/20150430_石家庄_048/poster.jpg',NULL,NULL,'legacy',NULL,NULL,'approved',NULL,NULL,NULL,1,NULL,'2025-10-07 01:34:25',NULL,NULL,'2025-10-07 01:34:25'),(56,'演唱会','2015-05-09','深圳','深圳湾体育中心春茧体育场','汪峰“峰暴来临”超级巡演深圳站',NULL,'/posters/concerts/20150509_深圳_049/poster.jpg',NULL,NULL,'legacy',NULL,NULL,'approved',NULL,NULL,NULL,1,NULL,'2025-10-07 01:34:25',NULL,NULL,'2025-10-07 01:34:25'),(57,'演唱会','2015-05-16','天津','天津奥林匹克中心体育场(水滴)','汪峰“峰暴来临”超级巡演天津站',NULL,'/posters/concerts/20150516_天津_050/poster.jpg',NULL,NULL,'legacy',NULL,NULL,'approved',NULL,NULL,NULL,1,NULL,'2025-10-07 01:34:25',NULL,NULL,'2025-10-07 01:34:25'),(58,'演唱会','2015-05-30','贵阳','贵阳奥林匹克体育中心体育场','汪峰“峰暴来临”超级巡演贵阳站',NULL,'/posters/concerts/20150530_贵阳_051/poster.jpg',NULL,NULL,'legacy',NULL,NULL,'approved',NULL,NULL,NULL,1,NULL,'2025-10-07 01:34:25',NULL,NULL,'2025-10-07 01:34:25'),(59,'演唱会','2015-06-13','广州','广州天河体育场','汪峰“峰暴来临”超级巡演广州站',NULL,'/posters/concerts/20150613_广州_052/poster.jpg',NULL,NULL,'legacy',NULL,NULL,'approved',NULL,NULL,NULL,1,NULL,'2025-10-07 01:34:25',NULL,NULL,'2025-10-07 01:34:25'),(60,'演唱会','2015-06-20','郑州','郑州体育中心体育场','汪峰“峰暴来临”超级巡演郑州站',NULL,'/posters/concerts/20150620_郑州_053/poster.jpg',NULL,NULL,'legacy',NULL,NULL,'approved',NULL,NULL,NULL,1,NULL,'2025-10-07 01:34:25',NULL,NULL,'2025-10-07 01:34:25'),(61,'演唱会','2015-06-27','西安','陕西省体育场','汪峰“峰暴来临”超级巡演西安站',NULL,'/posters/concerts/20150627_西安_054/poster.jpg',NULL,NULL,'legacy',NULL,NULL,'approved',NULL,NULL,NULL,1,NULL,'2025-10-07 01:34:25',NULL,NULL,'2025-10-07 01:34:25'),(62,'演唱会','2015-07-04','南京','南京奥体中心体育场','汪峰“峰暴来临”超级巡演南京站',NULL,'/posters/concerts/20150704_南京_055/poster.jpg',NULL,NULL,'legacy',NULL,NULL,'approved',NULL,NULL,NULL,1,NULL,'2025-10-07 01:34:25',NULL,NULL,'2025-10-07 01:34:25'),(63,'演唱会','2015-07-18','成都','成都体育中心体育场','汪峰“峰暴来临”超级巡演成都站',NULL,'/posters/concerts/20150718_成都_056/poster.jpg',NULL,NULL,'legacy',NULL,NULL,'approved',NULL,NULL,NULL,1,NULL,'2025-10-07 01:34:25',NULL,NULL,'2025-10-07 01:34:25'),(64,'演唱会','2015-07-25','济南','济南奥体中心体育场','汪峰“峰暴来临”超级巡演济南站',NULL,'/posters/concerts/20150725_济南_057/poster.jpg',NULL,NULL,'legacy',NULL,NULL,'approved',NULL,NULL,NULL,1,NULL,'2025-10-07 01:34:25',NULL,NULL,'2025-10-07 01:34:25'),(65,'演唱会','2015-08-01','常州','常州奥体中心体育场','汪峰“峰暴来临”超级巡演常州站',NULL,'/posters/concerts/20150801_常州_058/poster.jpg',NULL,NULL,'legacy',NULL,NULL,'approved',NULL,NULL,NULL,1,NULL,'2025-10-07 01:34:25',NULL,NULL,'2025-10-07 01:34:25'),(66,'演唱会','2015-08-15','南昌','南昌国际体育中心体育场','汪峰“峰暴来临”超级巡演南昌站',NULL,'/posters/concerts/20150815_南昌_059/poster.jpg',NULL,NULL,'legacy',NULL,NULL,'approved',NULL,NULL,NULL,1,NULL,'2025-10-07 01:34:25',NULL,NULL,'2025-10-07 01:34:25'),(67,'演唱会','2015-09-12','昆明','昆明新亚洲体育场','汪峰”峰暴来临“超级巡演昆明站',NULL,'/posters/concerts/20150912_昆明_060/poster.jpg',NULL,NULL,'legacy',NULL,NULL,'approved',NULL,NULL,NULL,1,NULL,'2025-10-07 01:34:25',NULL,NULL,'2025-10-07 01:34:25'),(68,'演唱会','2015-09-19','哈尔滨','哈尔滨会展中心体育场','汪峰“峰暴来临”超级巡演哈尔滨站',NULL,'/posters/concerts/20150919_哈尔滨_061/poster.jpg',NULL,NULL,'legacy',NULL,NULL,'approved',NULL,NULL,NULL,1,NULL,'2025-10-07 01:34:25',NULL,NULL,'2025-10-07 01:34:25'),(69,'演唱会','2015-09-26','上海','上海八万人体育场','汪峰“峰暴来临”超级巡演上海站','','images/演唱会/2015.09.26-汪峰“峰暴来临”超级巡演上海站/2015.09.26-汪峰“峰暴来临”超级巡演上海站-海报.jpg',NULL,NULL,'legacy',NULL,NULL,'approved',NULL,NULL,NULL,1,NULL,'2025-10-07 01:34:25',NULL,NULL,'2025-10-07 01:49:30'),(70,'演唱会','2015-11-05','墨尔本','墨尔本HisenseArena','汪峰“峰暴来临”超级巡演墨尔本站',NULL,'/posters/concerts/20151105_墨尔本_063/poster.jpg',NULL,NULL,'legacy',NULL,NULL,'approved',NULL,NULL,NULL,1,NULL,'2025-10-07 01:34:25',NULL,NULL,'2025-10-07 01:34:25'),(71,'演唱会','2015-11-07','悉尼','悉尼QantasCreditUnionArena','汪峰“峰暴来临”超级巡演悉尼站',NULL,'/posters/concerts/20151107_悉尼_064/poster.jpg',NULL,NULL,'legacy',NULL,NULL,'approved',NULL,NULL,NULL,1,NULL,'2025-10-07 01:34:25',NULL,NULL,'2025-10-07 01:34:25'),(72,'演唱会','2017-09-09','北京','北京鸟巢国家体育场','汪峰“岁月”超级巡演北京站','爱奇艺网络直播','/posters/concerts/20170909_北京_065/poster.jpg',NULL,NULL,'legacy',NULL,NULL,'approved',NULL,NULL,NULL,1,NULL,'2025-10-07 01:34:25',NULL,NULL,'2025-10-07 01:34:25'),(73,'演唱会','2017-09-23','长沙','长沙贺龙体育场','汪峰“岁月”超级巡演长沙站',NULL,'/posters/concerts/20170923_长沙_066/poster.jpg',NULL,NULL,'legacy',NULL,NULL,'approved',NULL,NULL,NULL,1,NULL,'2025-10-07 01:34:25',NULL,NULL,'2025-10-07 01:34:25'),(74,'演唱会','2017-12-09','深圳','深圳湾体育中心春茧体育场','汪峰“岁月”超级巡演深圳站','爱奇艺网络直播','/posters/concerts/20171209_深圳_067/poster.jpg',NULL,NULL,'legacy',NULL,NULL,'approved',NULL,NULL,NULL,1,NULL,'2025-10-07 01:34:25',NULL,NULL,'2025-10-07 01:34:25'),(75,'演唱会','2017-12-16','厦门','厦门体育中心体育场','汪峰“岁月”超级巡演厦门站',NULL,'/posters/concerts/20171216_厦门_068/poster.jpg',NULL,NULL,'legacy',NULL,NULL,'approved',NULL,NULL,NULL,1,NULL,'2025-10-07 01:34:25',NULL,NULL,'2025-10-07 01:34:25'),(76,'演唱会','2018-05-26','杭州','杭州黄龙体育中心体育场','汪峰“岁月”超级巡演杭州站',NULL,'/posters/concerts/20180526_杭州_069/poster.jpg',NULL,NULL,'legacy',NULL,NULL,'approved',NULL,NULL,NULL,1,NULL,'2025-10-07 01:34:25',NULL,NULL,'2025-10-07 01:34:25'),(77,'演唱会','2018-11-03','广州','广州宝能体育演艺中心','汪峰“就这样”全国巡演广州站',NULL,'/posters/concerts/20181103_广州_070/poster.jpg',NULL,NULL,'legacy',NULL,NULL,'approved',NULL,NULL,NULL,1,NULL,'2025-10-07 01:34:25',NULL,NULL,'2025-10-07 01:34:25'),(78,'演唱会','2018-11-17','济南','济南奥体中心东荷体育馆','汪峰“就这样”全国巡演济南站',NULL,'/posters/concerts/20181117_济南_071/poster.jpg',NULL,NULL,'legacy',NULL,NULL,'approved',NULL,NULL,NULL,1,NULL,'2025-10-07 01:34:25',NULL,NULL,'2025-10-07 01:34:25'),(79,'演唱会','2018-12-15','重庆','重庆国际博览中心','汪峰“就这样”全国巡演重庆站',NULL,'/posters/concerts/20181215_重庆_072/poster.jpg',NULL,NULL,'legacy',NULL,NULL,'approved',NULL,NULL,NULL,1,NULL,'2025-10-07 01:34:25',NULL,NULL,'2025-10-07 01:34:25'),(80,'演唱会','2019-01-12','南京','南京奥体中心体育馆','汪峰“就这样”全国巡演南京站',NULL,'/posters/concerts/20190112_南京_073/poster.jpg',NULL,NULL,'legacy',NULL,NULL,'approved',NULL,NULL,NULL,1,NULL,'2025-10-07 01:34:25',NULL,NULL,'2025-10-07 01:34:25'),(81,'演唱会','2019-05-11','深圳','深圳华润深圳湾体育中心','汪峰“就这样”全国巡演深圳站',NULL,'/posters/concerts/20190511_深圳_074/poster.jpg',NULL,NULL,'legacy',NULL,NULL,'approved',NULL,NULL,NULL,1,NULL,'2025-10-07 01:34:25',NULL,NULL,'2025-10-07 01:34:25'),(82,'演唱会','2019-05-25','上海','上海梅赛德斯奔驰文化中心','汪峰“就这样”全国巡演上海站',NULL,'/posters/concerts/20190525_上海_075/poster.jpg',NULL,NULL,'legacy',NULL,NULL,'approved',NULL,NULL,NULL,1,NULL,'2025-10-07 01:34:25',NULL,NULL,'2025-10-07 01:34:25'),(83,'演唱会','2019-06-15','北京','北京凯迪拉克中心','汪峰“就这样”全国巡演北京站',NULL,'/posters/concerts/20190615_北京_076/poster.jpg',NULL,NULL,'legacy',NULL,NULL,'approved',NULL,NULL,NULL,1,NULL,'2025-10-07 01:34:25',NULL,NULL,'2025-10-07 01:34:25'),(84,'演唱会','2019-07-06','武汉','武汉光谷国际网球中心','汪峰“就这样”全国巡演武汉站',NULL,'/posters/concerts/20190706_武汉_077/poster.jpg',NULL,NULL,'legacy',NULL,NULL,'approved',NULL,NULL,NULL,1,NULL,'2025-10-07 01:34:25',NULL,NULL,'2025-10-07 01:34:25'),(85,'演唱会','2019-08-03','澳门','澳门威尼斯人金光综艺馆','汪峰“就这样”全国巡演澳门站',NULL,'/posters/concerts/20190803_澳门_078/poster.jpg',NULL,NULL,'legacy',NULL,NULL,'approved',NULL,NULL,NULL,1,NULL,'2025-10-07 01:34:25',NULL,NULL,'2025-10-07 01:34:25'),(86,'演唱会','2021-07-03','苏州','苏州奥林匹克体育中心','汪峰“UNFOLLOW”巡回演唱会苏州站',NULL,'/posters/concerts/20210703_苏州_079/poster.jpg',NULL,NULL,'legacy',NULL,NULL,'approved',NULL,NULL,NULL,1,NULL,'2025-10-07 01:34:25',NULL,NULL,'2025-10-07 01:34:25'),(87,'演唱会','2023-04-15','洛阳','洛阳新区体育场','汪峰“UNFOLLOW”巡回演唱会洛阳站',NULL,'/posters/concerts/20230415_洛阳_080/poster.jpg',NULL,NULL,'legacy',NULL,NULL,'approved',NULL,NULL,NULL,1,NULL,'2025-10-07 01:34:25',NULL,NULL,'2025-10-07 01:34:25'),(88,'演唱会','2023-04-30','长沙','长沙贺龙体育中心体育场','汪峰“UNFOLLOW”巡回演唱会长沙站',NULL,'/posters/concerts/20230430_长沙_081/poster.jpg',NULL,NULL,'legacy',NULL,NULL,'approved',NULL,NULL,NULL,1,NULL,'2025-10-07 01:34:25',NULL,NULL,'2025-10-07 01:34:25'),(89,'演唱会','2023-05-13','深圳','深圳湾体育中心\"春茧\"体育场','汪峰“UNFOLLOW”巡回演唱会深圳站',NULL,'/posters/concerts/20230513_深圳_082/poster.jpg',NULL,NULL,'legacy',NULL,NULL,'approved',NULL,NULL,NULL,1,NULL,'2025-10-07 01:34:25',NULL,NULL,'2025-10-07 01:34:25'),(90,'演唱会','2023-05-27','泰州','泰州体育公园体育场','汪峰“UNFOLLOW”巡回演唱会泰州站',NULL,'/posters/concerts/20230527_泰州_083/poster.jpg',NULL,NULL,'legacy',NULL,NULL,'approved',NULL,NULL,NULL,1,NULL,'2025-10-07 01:34:25',NULL,NULL,'2025-10-07 01:34:25'),(91,'演唱会','2023-06-10','呼和浩特','呼和浩特体育场','汪峰“UNFOLLOW”巡回演唱会呼和浩特站',NULL,'/posters/concerts/20230610_呼和浩特_084/poster.jpg',NULL,NULL,'legacy',NULL,NULL,'approved',NULL,NULL,NULL,1,NULL,'2025-10-07 01:34:25',NULL,NULL,'2025-10-07 01:34:25'),(92,'演唱会','2023-07-08','上海','上海虹口足球场','汪峰“UNFOLLOW”巡回演唱会上海站',NULL,'/posters/concerts/20230708_上海_085/poster.jpg',NULL,NULL,'legacy',NULL,NULL,'approved',NULL,NULL,NULL,1,NULL,'2025-10-07 01:34:25',NULL,NULL,'2025-10-07 01:34:25'),(93,'演唱会','2024-01-01','南京','南京1701livehouse','“现在或永不”南京专场',NULL,'/posters/concerts/20240101_南京_086/poster.jpg',NULL,NULL,'legacy',NULL,NULL,'approved',NULL,NULL,NULL,1,NULL,'2025-10-07 01:34:25',NULL,NULL,'2025-10-07 01:34:25'),(94,'演唱会','2024-06-08','成都','成都东区超级音乐现场','现在或永不“灿烂的你”成都限定专场',NULL,'/posters/concerts/20240608_成都_087/poster.jpg',NULL,NULL,'legacy',NULL,NULL,'approved',NULL,NULL,NULL,1,NULL,'2025-10-07 01:34:25',NULL,NULL,'2025-10-07 01:34:25'),(95,'演唱会','2024-08-17','北京','北京华熙LIVE·五棵松·场馆','汪峰2024“灿烂的你”巡回演唱会北京站',NULL,'/posters/concerts/20240817_北京_088/poster.jpg',NULL,NULL,'legacy',NULL,NULL,'approved',NULL,NULL,NULL,1,NULL,'2025-10-07 01:34:25',NULL,NULL,'2025-10-07 01:34:25'),(96,'演唱会','2024-08-24','上海','上海浦发银行东方体育中心','汪峰2024“灿烂的你”巡回演唱会上海站',NULL,'/posters/concerts/20240824_上海_089/poster.jpg',NULL,NULL,'legacy',NULL,NULL,'approved',NULL,NULL,NULL,1,NULL,'2025-10-07 01:34:25',NULL,NULL,'2025-10-07 01:34:25'),(97,'演唱会','2024-08-31','成都','成都凤凰山体育公园综合体育馆','汪峰2024“灿烂的你”巡回演唱会成都站',NULL,'/posters/concerts/20240831_成都_090/poster.jpg',NULL,NULL,'legacy',NULL,NULL,'approved',NULL,NULL,NULL,1,NULL,'2025-10-07 01:34:25',NULL,NULL,'2025-10-07 01:34:25'),(98,'演唱会','2024-10-02','太原','山西体育中心体育馆','汪峰2024“灿烂的你”巡回演唱会太原站',NULL,'/posters/concerts/20241002_太原_091/poster.jpg',NULL,NULL,'legacy',NULL,NULL,'approved',NULL,NULL,NULL,1,NULL,'2025-10-07 01:34:25',NULL,NULL,'2025-10-07 01:34:25'),(99,'演唱会','2024-10-12','杭州','杭州奥体中心体育馆','汪峰2024“灿烂的你”巡回演唱会杭州站',NULL,'/posters/concerts/20241012_杭州_092/poster.jpg',NULL,NULL,'legacy',NULL,NULL,'approved',NULL,NULL,NULL,1,NULL,'2025-10-07 01:34:25',NULL,NULL,'2025-10-07 01:34:25'),(100,'演唱会','2024-10-26','厦门','厦门奥林匹克体育中心-凤凰体育馆','汪峰2024“灿烂的你”巡回演唱会厦门站',NULL,'/posters/concerts/20241026_厦门_093/poster.jpg',NULL,NULL,'legacy',NULL,NULL,'approved',NULL,NULL,NULL,1,NULL,'2025-10-07 01:34:25',NULL,NULL,'2025-10-07 01:34:25'),(101,'演唱会','2024-11-02','宁波','宁波奥体中心体育馆','汪峰2024“灿烂的你”巡回演唱会宁波站',NULL,'/posters/concerts/20241102_宁波_094/poster.jpg',NULL,NULL,'legacy',NULL,NULL,'approved',NULL,NULL,NULL,1,NULL,'2025-10-07 01:34:25',NULL,NULL,'2025-10-07 01:34:25'),(102,'演唱会','2024-12-14','天津','天津奥林匹克中心体育馆','汪峰2024“灿烂的你”巡回演唱会天津站',NULL,'images/演唱会/2024.12.14-汪峰2024“灿烂的你”巡回演唱会天津站/2024.12.14-汪峰2024“灿烂的你”巡回演唱会天津站-海报.jpg',NULL,NULL,'legacy',NULL,NULL,'approved',NULL,NULL,NULL,1,NULL,'2025-10-07 01:34:25',NULL,NULL,'2025-10-07 01:58:07'),(103,'演唱会','2024-12-21','西安','西安奥体中心体育馆','汪峰2024“灿烂的你”巡回演唱会西安站','','images/演唱会/2024.12.21-汪峰2024“灿烂的你”巡回演唱会西安站/2024.12.21-汪峰2024“灿烂的你”巡回演唱会西安站-海报.jpg',NULL,NULL,'legacy',NULL,NULL,'approved',NULL,NULL,NULL,1,NULL,'2025-10-07 01:34:25',NULL,NULL,'2025-10-07 01:46:32'),(104,'演唱会','2025-10-25','哈尔滨','哈尔滨国际会展体育中心体育馆','汪峰“相信未来”巡回演唱会哈尔滨站','','images/演唱会/2025.10.25-汪峰“相信未来”巡回演唱会哈尔滨站/2025.10.25-汪峰“相信未来”巡回演唱会哈尔滨站-海报.jpg',NULL,NULL,'legacy',NULL,NULL,'approved',NULL,NULL,NULL,1,NULL,'2025-10-07 01:34:25',NULL,NULL,'2025-10-07 01:46:03'),(105,'演唱会','2025-12-06','大连','TBA','汪峰“相信未来”巡回演唱会大连站','','images/演唱会/2025.12.06-汪峰“相信未来”巡回演唱会大连站/2025.12.06-汪峰“相信未来”巡回演唱会大连站-海报.jpg',NULL,NULL,'legacy',NULL,NULL,'approved',NULL,NULL,NULL,1,NULL,'2025-10-07 01:34:25',NULL,NULL,'2025-10-07 01:45:52'),(106,'演唱会','2025-12-27','长沙','TBA','汪峰“相信未来”巡回演唱会长沙站','','images/演唱会/2025.12.27-汪峰“相信未来”巡回演唱会长沙站/2025.12.27-汪峰“相信未来”巡回演唱会长沙站-海报.jpg',NULL,NULL,'legacy',NULL,NULL,'approved',NULL,NULL,NULL,1,NULL,'2025-10-07 01:34:25',NULL,NULL,'2025-10-07 01:35:36'),(107,'音乐节','2025-05-31','泰州','泰州大陆','泰州大陆音乐节','','images/音乐节/2025.05.31-泰州大陆音乐节/2025.05.31-泰州大陆音乐节-海报.jpg','images/音乐节/2025.05.31-泰州大陆音乐节/2025.05.31-泰州大陆音乐节-海报-thumb.jpg',NULL,'custom',NULL,NULL,'pending',NULL,NULL,NULL,1,NULL,'2025-10-12 09:42:37',NULL,NULL,'2025-10-30 22:30:20'),(109,'演唱会','2025-10-20','家乡','536','烟火',NULL,'images/temp/2025.10.20-烟火-海报.jpg',NULL,NULL,'custom',NULL,NULL,'pending',NULL,NULL,NULL,0,NULL,'2025-10-15 17:00:23',NULL,NULL,'2025-10-15 17:00:23'),(110,'音乐节','2025-10-19','天津','tba','冯冲solo','','images/temp/2025.10.19-冯冲solo-海报.jpg',NULL,NULL,'custom',NULL,NULL,'pending',NULL,NULL,NULL,0,NULL,'2025-10-18 02:05:05',NULL,NULL,'2025-10-31 07:35:56'),(111,'演唱会','2025-10-29','1',NULL,'1',NULL,NULL,NULL,NULL,'custom',NULL,NULL,'pending',NULL,NULL,NULL,0,NULL,'2025-10-29 10:03:19',NULL,NULL,'2025-10-29 10:03:19'),(112,'演唱会','2025-11-29','天津','','天津','','images/temp/2025.11.29-天津-海报.png',NULL,NULL,'custom',NULL,NULL,'pending',NULL,NULL,NULL,0,NULL,'2025-10-30 07:34:23',NULL,NULL,'2025-10-30 20:56:44'),(113,'演唱会','2025-12-30','天上','','小道消息','','images/演唱会/2025.12.30-小道消息/2025.12.30-小道消息-海报.jpg','images/演唱会/2025.12.30-小道消息/2025.12.30-小道消息-海报-thumb.jpg',NULL,'custom',NULL,NULL,'pending',NULL,NULL,NULL,0,NULL,'2025-10-30 14:15:52',NULL,NULL,'2025-10-30 22:32:55'),(114,'演唱会','2025-10-31','3','','2','',NULL,NULL,NULL,'custom',NULL,NULL,'pending',NULL,NULL,NULL,0,NULL,'2025-10-31 00:37:58',NULL,NULL,'2025-10-31 00:37:58'),(115,'演唱会','2025-11-29','天津','','汪峰相信未来天津站','','images/temp/2025.11.29-汪峰相信未来天津站-海报.jpg',NULL,NULL,'custom',NULL,NULL,'pending',NULL,NULL,NULL,0,NULL,'2025-10-31 01:38:55',NULL,NULL,'2025-10-31 09:39:23');
/*!40000 ALTER TABLE `schedules` ENABLE KEYS */;
UNLOCK TABLES;

--
-- Table structure for table `tag_categories`
--

DROP TABLE IF EXISTS `tag_categories`;
/*!40101 SET @saved_cs_client     = @@character_set_client */;
/*!50503 SET character_set_client = utf8mb4 */;
CREATE TABLE `tag_categories` (
  `id` int NOT NULL AUTO_INCREMENT,
  `name` varchar(100) COLLATE utf8mb4_unicode_ci NOT NULL COMMENT '标签种类名称',
  `description` text COLLATE utf8mb4_unicode_ci COMMENT '标签种类描述',
  `created_at` datetime NOT NULL COMMENT '创建时间',
  `updated_at` datetime NOT NULL COMMENT '更新时间',
  PRIMARY KEY (`id`),
  UNIQUE KEY `name` (`name`),
  KEY `ix_tag_categories_id` (`id`)
) ENGINE=InnoDB AUTO_INCREMENT=6 DEFAULT CHARSET=utf8mb4 COLLATE=utf8mb4_unicode_ci;
/*!40101 SET character_set_client = @saved_cs_client */;

--
-- Dumping data for table `tag_categories`
--

LOCK TABLES `tag_categories` WRITE;
/*!40000 ALTER TABLE `tag_categories` DISABLE KEYS */;
INSERT INTO `tag_categories` VALUES (1,'专辑',NULL,'2025-10-29 08:07:59','2025-10-29 08:07:59'),(2,'单曲',NULL,'2025-10-29 08:07:59','2025-10-29 08:07:59'),(3,'艺人',NULL,'2025-10-29 08:07:59','2025-10-29 08:07:59'),(4,'演唱会',NULL,'2025-11-01 04:05:23','2025-11-01 04:05:23'),(5,'城市',NULL,'2025-11-01 04:05:49','2025-11-01 04:05:49');
/*!40000 ALTER TABLE `tag_categories` ENABLE KEYS */;
UNLOCK TABLES;

--
-- Table structure for table `tags`
--

DROP TABLE IF EXISTS `tags`;
/*!40101 SET @saved_cs_client     = @@character_set_client */;
/*!50503 SET character_set_client = utf8mb4 */;
CREATE TABLE `tags` (
  `id` int NOT NULL AUTO_INCREMENT,
  `name` varchar(200) COLLATE utf8mb4_unicode_ci NOT NULL,
  `description` text COLLATE utf8mb4_unicode_ci COMMENT '标签描述',
  `created_at` datetime NOT NULL COMMENT '创建时间',
  `updated_at` datetime NOT NULL COMMENT '更新时间',
  `category_id` int NOT NULL,
  `value` varchar(150) COLLATE utf8mb4_unicode_ci NOT NULL,
  PRIMARY KEY (`id`),
  UNIQUE KEY `name` (`name`),
  UNIQUE KEY `unique_category_value` (`category_id`,`value`),
  KEY `idx_name` (`name`),
  KEY `ix_tags_id` (`id`),
  KEY `idx_category_value` (`category_id`,`value`),
  CONSTRAINT `fk_tags_category` FOREIGN KEY (`category_id`) REFERENCES `tag_categories` (`id`) ON DELETE RESTRICT
) ENGINE=InnoDB AUTO_INCREMENT=224 DEFAULT CHARSET=utf8mb4 COLLATE=utf8mb4_unicode_ci;
/*!40101 SET character_set_client = @saved_cs_client */;

--
-- Dumping data for table `tags`
--

LOCK TABLES `tags` WRITE;
/*!40000 ALTER TABLE `tags` DISABLE KEYS */;
INSERT INTO `tags` VALUES (1,'专辑：《鲍家街43号》',NULL,'2025-10-18 01:45:44','2025-10-29 08:07:59',1,'《鲍家街43号》'),(2,'单曲：《我真的需要你》',NULL,'2025-10-18 01:45:44','2025-10-29 08:07:59',2,'《我真的需要你》'),(3,'单曲：《晚安，北京》',NULL,'2025-10-18 01:45:44','2025-10-29 08:07:59',2,'《晚安，北京》'),(4,'单曲：《小鸟》',NULL,'2025-10-18 01:45:44','2025-10-29 08:07:59',2,'《小鸟》'),(5,'单曲：《李建国》',NULL,'2025-10-18 01:45:44','2025-10-29 08:07:59',2,'《李建国》'),(6,'单曲：《我们该做什么》',NULL,'2025-10-18 01:45:44','2025-10-29 08:07:59',2,'《我们该做什么》'),(7,'单曲：《夜里》',NULL,'2025-10-18 01:45:44','2025-10-29 08:07:59',2,'《夜里》'),(8,'单曲：《没有人要我》',NULL,'2025-10-18 01:45:44','2025-10-29 08:07:59',2,'《没有人要我》'),(9,'单曲：《追梦》',NULL,'2025-10-18 01:45:44','2025-10-29 08:07:59',2,'《追梦》'),(10,'单曲：《点亮火焰》',NULL,'2025-10-18 01:45:44','2025-10-29 08:07:59',2,'《点亮火焰》'),(11,'单曲：《我希望》',NULL,'2025-10-18 01:45:44','2025-10-29 08:07:59',2,'《我希望》'),(12,'专辑：《风暴来临》',NULL,'2025-10-18 01:45:44','2025-10-29 08:07:59',1,'《风暴来临》'),(13,'单曲：《游戏》',NULL,'2025-10-18 01:45:44','2025-10-29 08:07:59',2,'《游戏》'),(14,'单曲：《O女士》',NULL,'2025-10-18 01:45:44','2025-10-29 08:07:59',2,'《O女士》'),(15,'单曲：《明天》',NULL,'2025-10-18 01:45:44','2025-10-29 08:07:59',2,'《明天》'),(16,'单曲：《离开我》',NULL,'2025-10-18 01:45:44','2025-10-29 08:07:59',2,'《离开我》'),(17,'单曲：《忧郁的眼睛》',NULL,'2025-10-18 01:45:44','2025-10-29 08:07:59',2,'《忧郁的眼睛》'),(18,'单曲：《我应该真实的生活还是去幻想》',NULL,'2025-10-18 01:45:44','2025-10-29 08:07:59',2,'《我应该真实的生活还是去幻想》'),(19,'单曲：《错误》',NULL,'2025-10-18 01:45:44','2025-10-29 08:07:59',2,'《错误》'),(20,'单曲：《瓦解》',NULL,'2025-10-18 01:45:44','2025-10-29 08:07:59',2,'《瓦解》'),(21,'单曲：《风暴来临》',NULL,'2025-10-18 01:45:44','2025-10-29 08:07:59',2,'《风暴来临》'),(22,'单曲：《街道》',NULL,'2025-10-18 01:45:44','2025-10-29 08:07:59',2,'《街道》'),(23,'单曲：《我会在这儿等你》',NULL,'2025-10-18 01:45:44','2025-10-29 08:07:59',2,'《我会在这儿等你》'),(24,'单曲：《失败者》',NULL,'2025-10-18 01:45:44','2025-10-29 08:07:59',2,'《失败者》'),(25,'单曲：《你有没有听见我在哭泣》',NULL,'2025-10-18 01:45:44','2025-10-29 08:07:59',2,'《你有没有听见我在哭泣》'),(26,'专辑：《花火》',NULL,'2025-10-18 01:45:44','2025-10-29 08:07:59',1,'《花火》'),(27,'单曲：《早安，女士》',NULL,'2025-10-18 01:45:44','2025-10-29 08:07:59',2,'《早安，女士》'),(28,'单曲：《丧失》',NULL,'2025-10-18 01:45:44','2025-10-29 08:07:59',2,'《丧失》'),(29,'单曲：《妈妈》',NULL,'2025-10-18 01:45:44','2025-10-29 08:07:59',2,'《妈妈》'),(30,'单曲：《花火》',NULL,'2025-10-18 01:45:44','2025-10-29 08:07:59',2,'《花火》'),(31,'单曲：《迷鹿》',NULL,'2025-10-18 01:45:44','2025-10-29 08:07:59',2,'《迷鹿》'),(32,'单曲：《东北偏北》',NULL,'2025-10-18 01:45:44','2025-10-29 08:07:59',2,'《东北偏北》'),(33,'单曲：《美丽世界的孤儿》',NULL,'2025-10-18 01:45:44','2025-10-29 08:07:59',2,'《美丽世界的孤儿》'),(34,'单曲：《我爱你，生活》',NULL,'2025-10-18 01:45:44','2025-10-29 08:07:59',2,'《我爱你，生活》'),(35,'单曲：《一切都会流走》',NULL,'2025-10-18 01:45:44','2025-10-29 08:07:59',2,'《一切都会流走》'),(36,'单曲：《青春》',NULL,'2025-10-18 01:45:44','2025-10-29 08:07:59',2,'《青春》'),(37,'单曲：《爱的隧道》',NULL,'2025-10-18 01:45:44','2025-10-29 08:07:59',2,'《爱的隧道》'),(38,'专辑：《爱是一颗幸福的子弹》',NULL,'2025-10-18 01:45:44','2025-10-29 08:07:59',1,'《爱是一颗幸福的子弹》'),(39,'单曲：《在雨中》',NULL,'2025-10-18 01:45:44','2025-10-29 08:07:59',2,'《在雨中》'),(40,'单曲：《去无方向》',NULL,'2025-10-18 01:45:44','2025-10-29 08:07:59',2,'《去无方向》'),(41,'单曲：《再见二十世纪》',NULL,'2025-10-18 01:45:44','2025-10-29 08:07:59',2,'《再见二十世纪》'),(42,'单曲：《我的爱》',NULL,'2025-10-18 01:45:44','2025-10-29 08:07:59',2,'《我的爱》'),(43,'单曲：《窗台》',NULL,'2025-10-18 01:45:44','2025-10-29 08:07:59',2,'《窗台》'),(44,'单曲：《生来孤独》',NULL,'2025-10-18 01:45:44','2025-10-29 08:07:59',2,'《生来孤独》'),(45,'单曲：《英雄》',NULL,'2025-10-18 01:45:44','2025-10-29 08:07:59',2,'《英雄》'),(46,'单曲：《爱是一颗幸福的子弹》',NULL,'2025-10-18 01:45:44','2025-10-29 08:07:59',2,'《爱是一颗幸福的子弹》'),(47,'单曲：《最后一次我见到你》',NULL,'2025-10-18 01:45:44','2025-10-29 08:07:59',2,'《最后一次我见到你》'),(48,'单曲：《啦啦啦》',NULL,'2025-10-18 01:45:44','2025-10-29 08:07:59',2,'《啦啦啦》'),(49,'单曲：《你》',NULL,'2025-10-18 01:45:44','2025-10-29 08:07:59',2,'《你》'),(50,'专辑：《笑着哭》',NULL,'2025-10-18 01:45:44','2025-10-29 08:07:59',1,'《笑着哭》'),(51,'单曲：《彼岸》',NULL,'2025-10-18 01:45:44','2025-10-29 08:07:59',2,'《彼岸》'),(52,'单曲：《十二月的泪》',NULL,'2025-10-18 01:45:44','2025-10-29 08:07:59',2,'《十二月的泪》'),(53,'单曲：《飞得更高》',NULL,'2025-10-18 01:45:44','2025-10-29 08:07:59',2,'《飞得更高》'),(54,'单曲：《笑着哭》',NULL,'2025-10-18 01:45:44','2025-10-29 08:07:59',2,'《笑着哭》'),(55,'单曲：《硬币》',NULL,'2025-10-18 01:45:44','2025-10-29 08:07:59',2,'《硬币》'),(56,'单曲：《生命中的一天》',NULL,'2025-10-18 01:45:44','2025-10-29 08:07:59',2,'《生命中的一天》'),(57,'单曲：《绽放》',NULL,'2025-10-18 01:45:44','2025-10-29 08:07:59',2,'《绽放》'),(58,'单曲：《门开了》',NULL,'2025-10-18 01:45:44','2025-10-29 08:07:59',2,'《门开了》'),(59,'单曲：《尘土》',NULL,'2025-10-18 01:45:44','2025-10-29 08:07:59',2,'《尘土》'),(60,'单曲：《我在长大》',NULL,'2025-10-18 01:45:44','2025-10-29 08:07:59',2,'《我在长大》'),(61,'专辑：《怒放的生命》',NULL,'2025-10-18 01:45:44','2025-10-29 08:07:59',1,'《怒放的生命》'),(62,'单曲：《为了让生活继续》',NULL,'2025-10-18 01:45:44','2025-10-29 08:07:59',2,'《为了让生活继续》'),(63,'单曲：《我们的梦》',NULL,'2025-10-18 01:45:44','2025-10-29 08:07:59',2,'《我们的梦》'),(64,'单曲：《我爱你 中国》',NULL,'2025-10-18 01:45:44','2025-10-29 08:07:59',2,'《我爱你 中国》'),(65,'单曲：《怒放的生命》',NULL,'2025-10-18 01:45:44','2025-10-29 08:07:59',2,'《怒放的生命》'),(66,'单曲：《恒星》',NULL,'2025-10-18 01:45:44','2025-10-29 08:07:59',2,'《恒星》'),(67,'单曲：《长安街上》',NULL,'2025-10-18 01:45:44','2025-10-29 08:07:59',2,'《长安街上》'),(68,'单曲：《像个孩子》',NULL,'2025-10-18 01:45:44','2025-10-29 08:07:59',2,'《像个孩子》'),(69,'单曲：《雪钟花》',NULL,'2025-10-18 01:45:44','2025-10-29 08:07:59',2,'《雪钟花》'),(70,'单曲：《旅途》',NULL,'2025-10-18 01:45:44','2025-10-29 08:07:59',2,'《旅途》'),(71,'单曲：《碎梦》',NULL,'2025-10-18 01:45:44','2025-10-29 08:07:59',2,'《碎梦》'),(72,'单曲：《时光倒流》',NULL,'2025-10-18 01:45:44','2025-10-29 08:07:59',2,'《时光倒流》'),(73,'专辑：《勇敢的心》',NULL,'2025-10-18 01:45:44','2025-10-29 08:07:59',1,'《勇敢的心》'),(74,'单曲：《哭泣的拳头》',NULL,'2025-10-18 01:45:44','2025-10-29 08:07:59',2,'《哭泣的拳头》'),(75,'单曲：《我如此爱你》',NULL,'2025-10-18 01:45:44','2025-10-29 08:07:59',2,'《我如此爱你》'),(76,'单曲：《北京北京》',NULL,'2025-10-18 01:45:44','2025-10-29 08:07:59',2,'《北京北京》'),(77,'单曲：《勇敢的心》',NULL,'2025-10-18 01:45:44','2025-10-29 08:07:59',2,'《勇敢的心》'),(78,'单曲：《眩晕》',NULL,'2025-10-18 01:45:44','2025-10-29 08:07:59',2,'《眩晕》'),(79,'单曲：《觉醒》',NULL,'2025-10-18 01:45:44','2025-10-29 08:07:59',2,'《觉醒》'),(80,'单曲：《无名之辈》',NULL,'2025-10-18 01:45:44','2025-10-29 08:07:59',2,'《无名之辈》'),(81,'单曲：《挥挥手》',NULL,'2025-10-18 01:45:44','2025-10-29 08:07:59',2,'《挥挥手》'),(82,'单曲：《我的路》',NULL,'2025-10-18 01:45:44','2025-10-29 08:07:59',2,'《我的路》'),(83,'单曲：《边走边唱》',NULL,'2025-10-18 01:45:44','2025-10-29 08:07:59',2,'《边走边唱》'),(84,'单曲：《空的发狂》',NULL,'2025-10-18 01:45:44','2025-10-29 08:07:59',2,'《空的发狂》'),(85,'专辑：《信仰在空中飘扬》',NULL,'2025-10-18 01:45:44','2025-10-29 08:07:59',1,'《信仰在空中飘扬》'),(86,'单曲：《名利场》',NULL,'2025-10-18 01:45:44','2025-10-29 08:07:59',2,'《名利场》'),(87,'单曲：《如果风不再吹》',NULL,'2025-10-18 01:45:44','2025-10-29 08:07:59',2,'《如果风不再吹》'),(88,'单曲：《你是我心爱的姑娘》',NULL,'2025-10-18 01:45:44','2025-10-29 08:07:59',2,'《你是我心爱的姑娘》'),(89,'单曲：《无主之城》',NULL,'2025-10-18 01:45:44','2025-10-29 08:07:59',2,'《无主之城》'),(90,'单曲：《信仰在空中飘扬》',NULL,'2025-10-18 01:45:44','2025-10-29 08:07:59',2,'《信仰在空中飘扬》'),(91,'单曲：《再见 青春》',NULL,'2025-10-18 01:45:44','2025-10-29 08:07:59',2,'《再见 青春》'),(92,'单曲：《春天里》',NULL,'2025-10-18 01:45:44','2025-10-29 08:07:59',2,'《春天里》'),(93,'单曲：《光明》',NULL,'2025-10-18 01:45:44','2025-10-29 08:07:59',2,'《光明》'),(94,'单曲：《当我想你的时候》',NULL,'2025-10-18 01:45:44','2025-10-29 08:07:59',2,'《当我想你的时候》'),(95,'单曲：《空空如也》',NULL,'2025-10-18 01:45:44','2025-10-29 08:07:59',2,'《空空如也》'),(96,'单曲：《有意思吗》',NULL,'2025-10-18 01:45:44','2025-10-29 08:07:59',2,'《有意思吗》'),(97,'单曲：《蹩脚的爱情》',NULL,'2025-10-18 01:45:44','2025-10-29 08:07:59',2,'《蹩脚的爱情》'),(98,'单曲：《母亲》',NULL,'2025-10-18 01:45:44','2025-10-29 08:07:59',2,'《母亲》'),(99,'单曲：《破碎的歌谣》',NULL,'2025-10-18 01:45:44','2025-10-29 08:07:59',2,'《破碎的歌谣》'),(100,'专辑：《生无所求》',NULL,'2025-10-18 01:45:44','2025-10-29 08:07:59',1,'《生无所求》'),(101,'单曲：《上千个黎明》',NULL,'2025-10-18 01:45:44','2025-10-29 08:07:59',2,'《上千个黎明》'),(102,'单曲：《恩赐之地》',NULL,'2025-10-18 01:45:44','2025-10-29 08:07:59',2,'《恩赐之地》'),(103,'单曲：《一百万吨的信念》',NULL,'2025-10-18 01:45:44','2025-10-29 08:07:59',2,'《一百万吨的信念》'),(104,'单曲：《不经意间》',NULL,'2025-10-18 01:45:44','2025-10-29 08:07:59',2,'《不经意间》'),(105,'单曲：《再见蒲公英》',NULL,'2025-10-18 01:45:44','2025-10-29 08:07:59',2,'《再见蒲公英》'),(106,'单曲：《让我们在一起》',NULL,'2025-10-18 01:45:44','2025-10-29 08:07:59',2,'《让我们在一起》'),(107,'单曲：《大桥上》',NULL,'2025-10-18 01:45:44','2025-10-29 08:07:59',2,'《大桥上》'),(108,'单曲：《流浪》',NULL,'2025-10-18 01:45:44','2025-10-29 08:07:59',2,'《流浪》'),(109,'单曲：《爸爸》',NULL,'2025-10-18 01:45:44','2025-10-29 08:07:59',2,'《爸爸》'),(110,'单曲：《你不知道》',NULL,'2025-10-18 01:45:44','2025-10-29 08:07:59',2,'《你不知道》'),(111,'单曲：《宝贝 没什么》',NULL,'2025-10-18 01:45:44','2025-10-29 08:07:59',2,'《宝贝 没什么》'),(112,'单曲：《存在》',NULL,'2025-10-18 01:45:44','2025-10-29 08:07:59',2,'《存在》'),(113,'单曲：《地心》',NULL,'2025-10-18 01:45:44','2025-10-29 08:07:59',2,'《地心》'),(114,'单曲：《抵押灵魂》',NULL,'2025-10-18 01:45:44','2025-10-29 08:07:59',2,'《抵押灵魂》'),(115,'单曲：《我们的爱情》',NULL,'2025-10-18 01:45:44','2025-10-29 08:07:59',2,'《我们的爱情》'),(116,'单曲：《有些事我们永远无法左右》',NULL,'2025-10-18 01:45:44','2025-10-29 08:07:59',2,'《有些事我们永远无法左右》'),(117,'单曲：《一瞬间》',NULL,'2025-10-18 01:45:44','2025-10-29 08:07:59',2,'《一瞬间》'),(118,'单曲：《不能接受的事实》',NULL,'2025-10-18 01:45:44','2025-10-29 08:07:59',2,'《不能接受的事实》'),(119,'单曲：《雨天的回忆》',NULL,'2025-10-18 01:45:44','2025-10-29 08:07:59',2,'《雨天的回忆》'),(120,'单曲：《多么完美的生活》',NULL,'2025-10-18 01:45:44','2025-10-29 08:07:59',2,'《多么完美的生活》'),(121,'单曲：《向阳花》',NULL,'2025-10-18 01:45:44','2025-10-29 08:07:59',2,'《向阳花》'),(122,'单曲：《来不及了》',NULL,'2025-10-18 01:45:44','2025-10-29 08:07:59',2,'《来不及了》'),(123,'单曲：《不能停止的哭泣》',NULL,'2025-10-18 01:45:44','2025-10-29 08:07:59',2,'《不能停止的哭泣》'),(124,'单曲：《等待》',NULL,'2025-10-18 01:45:44','2025-10-29 08:07:59',2,'《等待》'),(125,'单曲：《爱你的方式》',NULL,'2025-10-18 01:45:44','2025-10-29 08:07:59',2,'《爱你的方式》'),(126,'单曲：《改变》',NULL,'2025-10-18 01:45:44','2025-10-29 08:07:59',2,'《改变》'),(127,'专辑：《生来彷徨》',NULL,'2025-10-18 01:45:44','2025-10-29 08:07:59',1,'《生来彷徨》'),(128,'单曲：《一起摇摆》',NULL,'2025-10-18 01:45:44','2025-10-29 08:07:59',2,'《一起摇摆》'),(129,'单曲：《城市之光》',NULL,'2025-10-18 01:45:44','2025-10-29 08:07:59',2,'《城市之光》'),(130,'单曲：《有什么意义》',NULL,'2025-10-18 01:45:44','2025-10-29 08:07:59',2,'《有什么意义》'),(131,'单曲：《谎言之躯》',NULL,'2025-10-18 01:45:44','2025-10-29 08:07:59',2,'《谎言之躯》'),(132,'单曲：《加德满都的风铃》',NULL,'2025-10-18 01:45:44','2025-10-29 08:07:59',2,'《加德满都的风铃》'),(133,'单曲：《边界》',NULL,'2025-10-18 01:45:44','2025-10-29 08:07:59',2,'《边界》'),(134,'单曲：《春芽》',NULL,'2025-10-18 01:45:44','2025-10-29 08:07:59',2,'《春芽》'),(135,'单曲：《这样的孤单》',NULL,'2025-10-18 01:45:44','2025-10-29 08:07:59',2,'《这样的孤单》'),(136,'单曲：《这感觉怎么样》',NULL,'2025-10-18 01:45:44','2025-10-29 08:07:59',2,'《这感觉怎么样》'),(137,'单曲：《泡沫人生的迷惑》',NULL,'2025-10-18 01:45:44','2025-10-29 08:07:59',2,'《泡沫人生的迷惑》'),(138,'单曲：《无家可归的人》',NULL,'2025-10-18 01:45:44','2025-10-29 08:07:59',2,'《无家可归的人》'),(139,'单曲：《生来彷徨》',NULL,'2025-10-18 01:45:44','2025-10-29 08:07:59',2,'《生来彷徨》'),(140,'单曲：《不羁的生命》',NULL,'2025-10-18 01:45:44','2025-10-29 08:07:59',2,'《不羁的生命》'),(141,'单曲：《想念真好》',NULL,'2025-10-18 01:45:44','2025-10-29 08:07:59',2,'《想念真好》'),(142,'单曲：《贫瘠之歌》',NULL,'2025-10-18 01:45:44','2025-10-29 08:07:59',2,'《贫瘠之歌》'),(143,'单曲：《高地》',NULL,'2025-10-18 01:45:44','2025-10-29 08:07:59',2,'《高地》'),(144,'单曲：《寂寞列车》',NULL,'2025-10-18 01:45:44','2025-10-29 08:07:59',2,'《寂寞列车》'),(145,'单曲：《薄雾》',NULL,'2025-10-18 01:45:44','2025-10-29 08:07:59',2,'《薄雾》'),(146,'单曲：《请把我在路上叫醒》',NULL,'2025-10-18 01:45:44','2025-10-29 08:07:59',2,'《请把我在路上叫醒》'),(147,'专辑：《河流》',NULL,'2025-10-18 01:45:44','2025-10-29 08:07:59',1,'《河流》'),(148,'单曲：《满》',NULL,'2025-10-18 01:45:44','2025-10-29 08:07:59',2,'《满》'),(149,'单曲：《我爱你》',NULL,'2025-10-18 01:45:44','2025-10-29 08:07:59',2,'《我爱你》'),(150,'单曲：《不合时宜》',NULL,'2025-10-18 01:45:44','2025-10-29 08:07:59',2,'《不合时宜》'),(151,'单曲：《誓言》',NULL,'2025-10-18 01:45:44','2025-10-29 08:07:59',2,'《誓言》'),(152,'单曲：《亲爱的 今夜你在哪里》',NULL,'2025-10-18 01:45:44','2025-10-29 08:07:59',2,'《亲爱的 今夜你在哪里》'),(153,'单曲：《流年啊 你奈我何》',NULL,'2025-10-18 01:45:44','2025-10-29 08:07:59',2,'《流年啊 你奈我何》'),(154,'单曲：《河流》',NULL,'2025-10-18 01:45:44','2025-10-29 08:07:59',2,'《河流》'),(155,'单曲：《无处安放》',NULL,'2025-10-18 01:45:44','2025-10-29 08:07:59',2,'《无处安放》'),(156,'单曲：《你走你的路》',NULL,'2025-10-18 01:45:44','2025-10-29 08:07:59',2,'《你走你的路》'),(157,'单曲：《谢谢》',NULL,'2025-10-18 01:45:44','2025-10-29 08:07:59',2,'《谢谢》'),(158,'单曲：《为什么不再快乐点》',NULL,'2025-10-18 01:45:44','2025-10-29 08:07:59',2,'《为什么不再快乐点》'),(159,'单曲：《现在或永不》',NULL,'2025-10-18 01:45:44','2025-10-29 08:07:59',2,'《现在或永不》'),(160,'单曲：《闪亮的日子》',NULL,'2025-10-18 01:45:44','2025-10-29 08:07:59',2,'《闪亮的日子》'),(161,'专辑：《果岭里29号》',NULL,'2025-10-18 01:45:44','2025-10-29 08:07:59',1,'《果岭里29号》'),(162,'单曲：《时代的标记》',NULL,'2025-10-18 01:45:44','2025-10-29 08:07:59',2,'《时代的标记》'),(163,'单曲：《尊严不重要》',NULL,'2025-10-18 01:45:44','2025-10-29 08:07:59',2,'《尊严不重要》'),(164,'单曲：《紫罗兰发带》',NULL,'2025-10-18 01:45:44','2025-10-29 08:07:59',2,'《紫罗兰发带》'),(165,'单曲：《那年我五岁》',NULL,'2025-10-18 01:45:44','2025-10-29 08:07:59',2,'《那年我五岁》'),(166,'单曲：《寂静的午后》',NULL,'2025-10-18 01:45:44','2025-10-29 08:07:59',2,'《寂静的午后》'),(167,'单曲：《没时间干》',NULL,'2025-10-18 01:45:44','2025-10-29 08:07:59',2,'《没时间干》'),(168,'单曲：《在与不在》',NULL,'2025-10-18 01:45:44','2025-10-29 08:07:59',2,'《在与不在》'),(169,'单曲：《简单的歌》',NULL,'2025-10-18 01:45:44','2025-10-29 08:07:59',2,'《简单的歌》'),(170,'单曲：《来自外行星的电子》',NULL,'2025-10-18 01:45:44','2025-10-29 08:07:59',2,'《来自外行星的电子》'),(171,'单曲：《你觉得这一切会发生吗》',NULL,'2025-10-18 01:45:44','2025-10-29 08:07:59',2,'《你觉得这一切会发生吗》'),(172,'单曲：《好姑娘》',NULL,'2025-10-18 01:45:44','2025-10-29 08:07:59',2,'《好姑娘》'),(173,'单曲：《尘埃》',NULL,'2025-10-18 01:45:44','2025-10-29 08:07:59',2,'《尘埃》'),(174,'专辑：《2020》',NULL,'2025-10-18 01:45:44','2025-10-29 08:07:59',1,'《2020》'),(175,'单曲：《二手灵魂》',NULL,'2025-10-18 01:45:44','2025-10-29 08:07:59',2,'《二手灵魂》'),(176,'单曲：《寂寞时你再一次来到我的心灵》',NULL,'2025-10-18 01:45:44','2025-10-29 08:07:59',2,'《寂寞时你再一次来到我的心灵》'),(177,'单曲：《没那么容易》',NULL,'2025-10-18 01:45:44','2025-10-29 08:07:59',2,'《没那么容易》'),(178,'单曲：《就这样》',NULL,'2025-10-18 01:45:44','2025-10-29 08:07:59',2,'《就这样》'),(179,'单曲：《两只鸟一列火车和雨的交响曲》',NULL,'2025-10-18 01:45:44','2025-10-29 08:07:59',2,'《两只鸟一列火车和雨的交响曲》'),(180,'单曲：《没有什么事那么糟糕》',NULL,'2025-10-18 01:45:44','2025-10-29 08:07:59',2,'《没有什么事那么糟糕》'),(181,'单曲：《灿烂的你》',NULL,'2025-10-18 01:45:44','2025-10-29 08:07:59',2,'《灿烂的你》'),(182,'单曲：《脏歌》',NULL,'2025-10-18 01:45:44','2025-10-29 08:07:59',2,'《脏歌》'),(183,'单曲：《坏掉》',NULL,'2025-10-18 01:45:44','2025-10-29 08:07:59',2,'《坏掉》'),(184,'单曲：《往昔的野草》',NULL,'2025-10-18 01:45:44','2025-10-29 08:07:59',2,'《往昔的野草》'),(185,'单曲：《易忘之茧》',NULL,'2025-10-18 01:45:44','2025-10-29 08:07:59',2,'《易忘之茧》'),(186,'单曲：《从感冒片到钞票》',NULL,'2025-10-18 01:45:44','2025-10-29 08:07:59',2,'《从感冒片到钞票》'),(187,'单曲：《我心依狂》',NULL,'2025-10-18 01:45:44','2025-10-29 08:07:59',2,'《我心依狂》'),(188,'专辑：《也许我可以无视死亡》',NULL,'2025-10-18 01:45:44','2025-10-29 08:07:59',1,'《也许我可以无视死亡》'),(189,'单曲：《如刀》',NULL,'2025-10-18 01:45:44','2025-10-29 08:07:59',2,'《如刀》'),(190,'单曲：《逃跑》',NULL,'2025-10-18 01:45:44','2025-10-29 08:07:59',2,'《逃跑》'),(191,'单曲：《不知道为什么的歌》',NULL,'2025-10-18 01:45:44','2025-10-29 08:07:59',2,'《不知道为什么的歌》'),(192,'单曲：《每个人都在失去》',NULL,'2025-10-18 01:45:44','2025-10-29 08:07:59',2,'《每个人都在失去》'),(193,'单曲：《卑微灵魂的低语》',NULL,'2025-10-18 01:45:44','2025-10-29 08:07:59',2,'《卑微灵魂的低语》'),(194,'单曲：《也许我可以无视死亡》',NULL,'2025-10-18 01:45:44','2025-10-29 08:07:59',2,'《也许我可以无视死亡》'),(195,'单曲：《飞鸟》',NULL,'2025-10-18 01:45:44','2025-10-29 08:07:59',2,'《飞鸟》'),(196,'单曲：《我不相信》',NULL,'2025-10-18 01:45:44','2025-10-29 08:07:59',2,'《我不相信》'),(197,'单曲：《孤独无法治愈》',NULL,'2025-10-18 01:45:44','2025-10-29 08:07:59',2,'《孤独无法治愈》'),(198,'单曲：《随便吧》',NULL,'2025-10-18 01:45:44','2025-10-29 08:07:59',2,'《随便吧》'),(199,'单曲：《如果你还相信》',NULL,'2025-10-18 01:45:44','2025-10-29 08:07:59',2,'《如果你还相信》'),(200,'单曲：《西班牙箱琴》',NULL,'2025-10-18 01:45:44','2025-10-29 08:07:59',2,'《西班牙箱琴》'),(201,'专辑：《人海》',NULL,'2025-10-18 01:45:44','2025-10-29 08:07:59',1,'《人海》'),(202,'单曲：《我真的需要吗》',NULL,'2025-10-18 01:45:44','2025-10-29 08:07:59',2,'《我真的需要吗》'),(203,'单曲：《一代人》',NULL,'2025-10-18 01:45:44','2025-10-29 08:07:59',2,'《一代人》'),(204,'单曲：《人海》',NULL,'2025-10-18 01:45:44','2025-10-29 08:07:59',2,'《人海》'),(205,'单曲：《小美》',NULL,'2025-10-18 01:45:44','2025-10-29 08:07:59',2,'《小美》'),(206,'单曲：《永不流泪的眼睛》',NULL,'2025-10-18 01:45:44','2025-10-29 08:07:59',2,'《永不流泪的眼睛》'),(207,'单曲：《四千公里》',NULL,'2025-10-18 01:45:44','2025-10-29 08:07:59',2,'《四千公里》'),(208,'单曲：《我多想变得幸福》',NULL,'2025-10-18 01:45:44','2025-10-29 08:07:59',2,'《我多想变得幸福》'),(209,'单曲：《海拉尔的风》',NULL,'2025-10-18 01:45:44','2025-10-29 08:07:59',2,'《海拉尔的风》'),(210,'单曲：《盛开》',NULL,'2025-10-18 01:45:44','2025-10-29 08:07:59',2,'《盛开》'),(211,'单曲：《回家》',NULL,'2025-10-18 01:45:44','2025-10-29 08:07:59',2,'《回家》'),(212,'单曲：《没有你的夜晚》',NULL,'2025-10-18 01:45:44','2025-10-29 08:07:59',2,'《没有你的夜晚》'),(213,'单曲：《我就这样爱着你》',NULL,'2025-10-18 01:45:44','2025-10-29 08:07:59',2,'《我就这样爱着你》'),(214,'单曲：《命运的小把戏》',NULL,'2025-10-18 01:45:44','2025-10-29 08:07:59',2,'《命运的小把戏》'),(215,'单曲：《救赎的钟声》',NULL,'2025-10-18 01:45:44','2025-10-29 08:07:59',2,'《救赎的钟声》'),(216,'单曲：《孤独而已》',NULL,'2025-10-18 01:45:44','2025-10-29 08:07:59',2,'《孤独而已》'),(217,'单曲：《迷惘》',NULL,'2025-10-18 01:45:44','2025-10-29 08:07:59',2,'《迷惘》'),(218,'艺人：李健',NULL,'2025-10-18 02:21:10','2025-10-29 08:07:59',3,'李健'),(219,'单曲：像梦一样自由',NULL,'2025-10-30 07:10:00','2025-10-30 07:10:00',2,'像梦一样自由'),(220,'艺人：许巍',NULL,'2025-11-01 04:05:32','2025-11-01 04:05:32',3,'许巍'),(221,'演唱会：相信未来',NULL,'2025-11-01 04:05:43','2025-11-01 04:05:43',4,'相信未来'),(222,'城市：哈尔滨',NULL,'2025-11-01 04:05:55','2025-11-01 04:05:55',5,'哈尔滨'),(223,'城市：西安',NULL,'2025-11-01 04:06:09','2025-11-01 04:06:09',5,'西安');
/*!40000 ALTER TABLE `tags` ENABLE KEYS */;
UNLOCK TABLES;

--
-- Table structure for table `users`
--

DROP TABLE IF EXISTS `users`;
/*!40101 SET @saved_cs_client     = @@character_set_client */;
/*!50503 SET character_set_client = utf8mb4 */;
CREATE TABLE `users` (
  `id` int NOT NULL AUTO_INCREMENT,
  `username` varchar(50) COLLATE utf8mb4_unicode_ci NOT NULL COMMENT '昵称(支持中文)',
  `email` varchar(100) COLLATE utf8mb4_unicode_ci NOT NULL,
  `hashed_password` varchar(255) COLLATE utf8mb4_unicode_ci NOT NULL,
  `avatar` varchar(500) COLLATE utf8mb4_unicode_ci DEFAULT NULL COMMENT '头像路径',
  `role` varchar(20) COLLATE utf8mb4_unicode_ci NOT NULL DEFAULT 'user',
  `is_active` tinyint(1) NOT NULL DEFAULT '1',
  `status` varchar(20) COLLATE utf8mb4_unicode_ci NOT NULL DEFAULT 'active',
  `created_at` datetime NOT NULL DEFAULT CURRENT_TIMESTAMP,
  `updated_at` datetime NOT NULL DEFAULT CURRENT_TIMESTAMP ON UPDATE CURRENT_TIMESTAMP,
  `last_login` datetime DEFAULT NULL,
  PRIMARY KEY (`id`),
  UNIQUE KEY `username` (`username`),
  UNIQUE KEY `email` (`email`),
  KEY `idx_username` (`username`),
  KEY `idx_email` (`email`),
  KEY `idx_role` (`role`),
  KEY `idx_status` (`status`)
) ENGINE=InnoDB AUTO_INCREMENT=10001 DEFAULT CHARSET=utf8mb4 COLLATE=utf8mb4_unicode_ci COMMENT='用户表';
/*!40101 SET character_set_client = @saved_cs_client */;

--
-- Dumping data for table `users`
--

LOCK TABLES `users` WRITE;
/*!40000 ALTER TABLE `users` DISABLE KEYS */;
INSERT INTO `users` VALUES (10000,'忧郁的眼睛o ','511186155@qq.com','$2b$12$xT4gVF.t3gHsQHIw1Kh9YOXKAQi3QhxfcLWi9ZdRkF44NcPFA4Hiy','images/avatars/10000-头像.jpg','super_admin',1,'active','2025-10-06 17:19:17','2025-11-02 09:50:12','2025-11-02 09:50:12');
/*!40000 ALTER TABLE `users` ENABLE KEYS */;
UNLOCK TABLES;

--
-- Table structure for table `users_backup`
--

DROP TABLE IF EXISTS `users_backup`;
/*!40101 SET @saved_cs_client     = @@character_set_client */;
/*!50503 SET character_set_client = utf8mb4 */;
CREATE TABLE `users_backup` (
  `id` varchar(36) COLLATE utf8mb4_unicode_ci NOT NULL,
  `username` varchar(50) COLLATE utf8mb4_unicode_ci NOT NULL,
  `email` varchar(100) COLLATE utf8mb4_unicode_ci NOT NULL,
  `hashed_password` varchar(255) COLLATE utf8mb4_unicode_ci NOT NULL,
  `full_name` varchar(100) COLLATE utf8mb4_unicode_ci DEFAULT NULL,
  `role` varchar(20) COLLATE utf8mb4_unicode_ci NOT NULL,
  `is_active` tinyint(1) NOT NULL,
  `status` varchar(20) COLLATE utf8mb4_unicode_ci NOT NULL DEFAULT 'active' COMMENT '用户状态: active/inactive/banned',
  `created_at` datetime NOT NULL,
  `updated_at` datetime NOT NULL,
  `last_login` datetime DEFAULT NULL
) ENGINE=InnoDB DEFAULT CHARSET=utf8mb4 COLLATE=utf8mb4_unicode_ci;
/*!40101 SET character_set_client = @saved_cs_client */;

--
-- Dumping data for table `users_backup`
--

LOCK TABLES `users_backup` WRITE;
/*!40000 ALTER TABLE `users_backup` DISABLE KEYS */;
INSERT INTO `users_backup` VALUES ('7c8db5da-9e7f-46c6-affd-2abf82c3bf9d','yyhu','123@qq.com','$2b$12$X.sWjr9Gzyu0qTdAyM1yL.UZLIST6OjNhi4uzWRal7jXn2niQig9G',NULL,'user',1,'active','2025-10-06 08:41:57','2025-10-06 08:41:58','2025-10-06 08:41:58'),('f397c91a-b81f-430a-af3c-a712d793cea9','root','root@wangfeng.fan','$2b$12$uze5rztbLlN2SQpNiMBWhuSpLo2vp3YAh3Z86JlAhTv8R2Rv/ZRtK','超级管理员','super_admin',1,'active','2025-10-01 14:24:52','2025-10-06 09:33:39','2025-10-06 09:33:39');
/*!40000 ALTER TABLE `users_backup` ENABLE KEYS */;
UNLOCK TABLES;

--
-- Table structure for table `verification_codes`
--

DROP TABLE IF EXISTS `verification_codes`;
/*!40101 SET @saved_cs_client     = @@character_set_client */;
/*!50503 SET character_set_client = utf8mb4 */;
CREATE TABLE `verification_codes` (
  `id` varchar(36) COLLATE utf8mb4_unicode_ci NOT NULL,
  `email` varchar(100) COLLATE utf8mb4_unicode_ci NOT NULL,
  `code` varchar(10) COLLATE utf8mb4_unicode_ci NOT NULL,
  `type` varchar(20) COLLATE utf8mb4_unicode_ci NOT NULL,
  `is_used` varchar(10) COLLATE utf8mb4_unicode_ci NOT NULL,
  `created_at` datetime NOT NULL,
  `expires_at` datetime NOT NULL,
  PRIMARY KEY (`id`),
  KEY `ix_verification_codes_email` (`email`),
  KEY `ix_verification_codes_type` (`type`)
) ENGINE=InnoDB DEFAULT CHARSET=utf8mb4 COLLATE=utf8mb4_unicode_ci;
/*!40101 SET character_set_client = @saved_cs_client */;

--
-- Dumping data for table `verification_codes`
--

LOCK TABLES `verification_codes` WRITE;
/*!40000 ALTER TABLE `verification_codes` DISABLE KEYS */;
INSERT INTO `verification_codes` VALUES ('0de9d721-fa29-4ddc-bff7-be0a3b7ba9b0','lewendowski@nuaa.edu.cn','084287','register','false','2025-10-07 01:11:07','2025-10-07 01:21:07'),('e9f8084b-7a73-46ba-b101-fc8db2af5c1a','511186155@qq.com','894624','register','true','2025-10-06 17:13:08','2025-10-06 17:23:08');
/*!40000 ALTER TABLE `verification_codes` ENABLE KEYS */;
UNLOCK TABLES;

--
-- Table structure for table `videos`
--

DROP TABLE IF EXISTS `videos`;
/*!40101 SET @saved_cs_client     = @@character_set_client */;
/*!50503 SET character_set_client = utf8mb4 */;
CREATE TABLE `videos` (
  `id` varchar(36) COLLATE utf8mb4_unicode_ci NOT NULL,
  `title` varchar(200) COLLATE utf8mb4_unicode_ci NOT NULL,
  `description` text COLLATE utf8mb4_unicode_ci,
  `author` varchar(100) COLLATE utf8mb4_unicode_ci DEFAULT NULL,
  `author_id` varchar(36) COLLATE utf8mb4_unicode_ci DEFAULT NULL COMMENT '作者用户ID',
  `created_by_id` int DEFAULT NULL,
  `category` varchar(50) COLLATE utf8mb4_unicode_ci NOT NULL,
  `bvid` varchar(50) COLLATE utf8mb4_unicode_ci NOT NULL,
  `cover_url` varchar(500) COLLATE utf8mb4_unicode_ci DEFAULT NULL,
  `cover_local` varchar(500) COLLATE utf8mb4_unicode_ci DEFAULT NULL,
  `cover_thumb` varchar(500) COLLATE utf8mb4_unicode_ci DEFAULT NULL,
  `is_published` int NOT NULL DEFAULT '1' COMMENT '是否已发布: 0未发布/1已发布',
  `review_status` varchar(20) COLLATE utf8mb4_unicode_ci NOT NULL DEFAULT 'pending' COMMENT '审核状态: pending/approved/rejected',
  `reviewer_id` varchar(36) COLLATE utf8mb4_unicode_ci DEFAULT NULL COMMENT '审核人ID',
  `review_notes` text COLLATE utf8mb4_unicode_ci COMMENT '审核备注/拒绝原因',
  `reviewed_at` datetime DEFAULT NULL COMMENT '审核时间',
  `publish_date` datetime NOT NULL,
  `created_at` datetime DEFAULT NULL,
  `submit_time` datetime DEFAULT NULL,
  `submitted_by_id` int DEFAULT NULL,
  `updated_at` datetime DEFAULT NULL,
  `rejection_reason` text COLLATE utf8mb4_unicode_ci COMMENT '驳回理由',
  `tags` json DEFAULT (json_array()),
  PRIMARY KEY (`id`),
  KEY `ix_videos_category` (`category`),
  KEY `ix_videos_title` (`title`),
  KEY `ix_videos_id` (`id`),
  KEY `idx_videos_author_id` (`author_id`),
  KEY `idx_videos_review_status` (`review_status`),
  KEY `idx_videos_reviewer_id` (`reviewer_id`),
  KEY `idx_videos_created_by` (`created_by_id`),
  KEY `idx_videos_submit_time` (`submit_time`)
) ENGINE=InnoDB DEFAULT CHARSET=utf8mb4 COLLATE=utf8mb4_unicode_ci;
/*!40101 SET character_set_client = @saved_cs_client */;

--
-- Dumping data for table `videos`
--

LOCK TABLES `videos` WRITE;
/*!40000 ALTER TABLE `videos` DISABLE KEYS */;
INSERT INTO `videos` VALUES ('0a4c2edb-c78e-4fad-8bf7-09fa25e82539','【4k修复】汪峰中国好声音-流年啊，你奈我何','-','有人在这儿吗',NULL,NULL,'演出现场','BV13BRkYJEAp','http://i0.hdslb.com/bfs/archive/46b6a273a5fc4eeebd84bb78e1b28742f49aeb68.jpg',NULL,NULL,1,'approved','10000','','2025-11-01 01:24:07','2025-04-08 00:00:00','2025-10-17 03:50:10',NULL,NULL,'2025-11-01 01:24:07',NULL,'[]'),('0a628fc2-2815-4c56-96bc-1385dd7566a7','超清版《像梦一样自由》-汪峰「相信未来」哈尔滨站','像梦一样自由，录了一半，全程背影，干脆不录了跟着一起嗨','忧郁的眼睛o','10000',NULL,'演出现场','BV18Uy1BpEPf','http://i1.hdslb.com/bfs/archive/14825f8f3113edb365adfdf10d7d096793599300.jpg',NULL,NULL,1,'approved','10000','','2025-11-01 17:05:30','2025-10-29 00:00:00','2025-11-01 16:52:22',NULL,NULL,'2025-11-02 05:46:13',NULL,'[\"单曲：像梦一样自由\", \"城市：哈尔滨\", \"演唱会：相信未来\"]'),('0af068cf-d9e6-4f53-bd38-c12aa4bce6ab','李健没有吹牛，巅峰期的汪峰无人能及，震撼演出被央视点名','-','Music迷鹿',NULL,NULL,'演出现场','BV1kzHGenExU','http://i0.hdslb.com/bfs/archive/05540c437fb8e0cf7f9b280c393e84842d849ab2.jpg',NULL,NULL,1,'approved','10000','','2025-11-01 12:04:37','2024-08-30 00:00:00','2025-10-17 02:42:07',NULL,NULL,'2025-11-01 12:04:37',NULL,'[]'),('1063672c-326f-4992-a874-370fb126aa46','超清版《向阳花》-汪峰「灿烂的你」西安站','','忧郁的眼睛o',NULL,NULL,'演出现场','BV15gkQYjEJG','http://i2.hdslb.com/bfs/archive/6c5a4b42f9b0af7235501ffd5cb733ab500e687b.jpg',NULL,NULL,1,'approved','10000','','2025-11-01 02:29:33','2024-12-24 00:00:00','2025-10-31 04:09:53',NULL,NULL,'2025-11-01 02:29:33',NULL,'[\"演出现场\", \"向阳花\", \"灿烂的你\", \"2024西安站\"]'),('13e1ae34-e55b-4542-8741-9c25aace4fd8','超清版《青春》-汪峰「灿烂的你」西安站','','忧郁的眼睛o',NULL,NULL,'单曲现场','BV1LNkQYSEDT','http://i2.hdslb.com/bfs/archive/bc4cada806addfd7be9b496af469719fc85ae43a.jpg',NULL,NULL,1,'approved','10000','','2025-11-01 01:24:33','2024-12-24 00:00:00','2025-10-31 07:12:30',NULL,NULL,'2025-11-01 18:16:20',NULL,'[\"城市：西安\", \"单曲：《青春》\"]'),('24426635-6e02-4386-9ca7-35a852c386cc','汪峰《当我想你的时候》-常州太湖湾音乐节-4K超清直拍','','忧郁的眼睛o',NULL,NULL,'单曲现场','BV1okVhzwEGo','http://i0.hdslb.com/bfs/archive/4f2db3879b047a95f16d8bfd406f4455d192fdd4.jpg',NULL,NULL,1,'approved','10000','','2025-10-31 06:11:11','2025-05-07 00:00:00','2025-10-31 06:10:54',NULL,NULL,'2025-10-31 06:11:11',NULL,'[]'),('26239ad5-0191-40fe-9e31-b9602dc9820b','再见青春｜汪峰相信未来哈尔滨站','拍摄设备：A7M4 + 70-200 GM2，A2区1排4号。\n\n“当《再见青春》的旋律响起，恍然间被拉回某个过去的节点，同时把此刻酿成新的故事”\n\n今年正式告别学生生涯，从答辩完就开始不停地工作，连国庆也只休了两天。这次来哈尔滨，是我毕业后这四个多月的第一个假期。就在这儿，听着《再见青春》，终于可以和青春好好说再见了。\n\n我的青春没有电影里的疯狂，一本正经老实巴交，也没有读多少书，学到多少知识，稀里糊涂就过完了。对于我的青春，充满了很多不甘和不舍。\n\n听了无数遍的歌，无数次的期盼，终于现场见证了，那几个瞬间我想起一些青春的碎片，想起了北京爱情故事里的石头，想起了追剧的日子，想起了曾经喜欢的人…\n\n再见，青春','忧郁的眼睛o',NULL,NULL,'单曲现场','BV1a7sDzgE6R','http://i2.hdslb.com/bfs/archive/8000c481c0103393307eb6d73b2082f759bf7aca.jpg',NULL,NULL,1,'approved','10000','','2025-11-01 03:23:15','2025-10-27 00:00:00','2025-10-30 13:25:25',NULL,NULL,'2025-11-01 03:23:15',NULL,'[\"单曲：《再见 青春》\"]'),('3dea315b-3c6a-47c1-ad70-609e53df8df3','超清版《晚安北京》-汪峰「灿烂的你」西安站','','忧郁的眼睛o',NULL,NULL,'演出现场','BV1LMkQYmENr','http://i1.hdslb.com/bfs/archive/2e4a077265af1089cab263af6ac3c27d280ebdf1.jpg',NULL,NULL,1,'approved','10000','','2025-11-01 01:24:45','2024-12-24 00:00:00','2025-10-17 09:18:15',NULL,NULL,'2025-11-02 01:41:46',NULL,'[\"城市：西安\", \"单曲：《晚安，北京》\"]'),('441f3d47-f003-4158-ba6d-3a542ede4682','汪峰-加德满都的风铃 最好听的版本','https://video.weibo.com/show?fid=1034:4322192079416217\n2014峰暴来临北京鸟巢演唱会','无谓无尽',NULL,NULL,'演出现场','BV16L4y1E7kA','http://i1.hdslb.com/bfs/archive/bd8af5fe6f4d7455d7b7d681752e2becdb80f2f9.jpg',NULL,NULL,1,'approved','10000','','2025-11-02 11:32:43','2022-01-02 00:00:00','2025-10-17 02:43:00',NULL,NULL,'2025-11-02 11:32:43',NULL,'[]'),('5965d6d5-7bd6-44dd-926c-624ebc746164','我去了汪峰演唱会后台','很幸运去了 2021.7.3 「UNFOLLOW」苏州站 后台，和喜欢了9年的偶像汪峰拥抱合影聊天。\n这几分钟是我人生中最难以忘怀的时刻，时常会想起那个晚上，想起峰哥就站在我旁边的感觉......','忧郁的眼睛o','10000',NULL,'演出现场','BV1834y1o7BH','http://i0.hdslb.com/bfs/archive/fc7fe1ba0d96188becc8602a0d12ec3c66a203b1.jpg',NULL,NULL,1,'approved','10000','','2025-11-01 17:49:59','2021-10-31 00:00:00','2025-10-31 14:05:41',NULL,NULL,'2025-11-01 18:15:48',NULL,'[\"城市：西安\"]'),('637066bd-0611-4afb-8200-166055fc3e77','超清版《你是我心爱的姑娘》-汪峰「灿烂的你」西安站1','汪峰「灿烂的你」西安站\n《你是我心爱的姑娘》小提琴独奏\n前排4K版，稍微有点偏，只能拍个侧身。\n拍摄设备：A7M4 + 70-200 GM2','忧郁的眼睛o','10000',NULL,'演出现场','BV1PakQYwEMr','http://i1.hdslb.com/bfs/archive/c019d137d564c0994fc48014c9129de12991f542.jpg',NULL,NULL,1,'approved','10000','','2025-11-02 09:53:07','2024-12-24 00:00:00','2025-11-02 09:52:22',NULL,NULL,'2025-11-02 11:32:32',NULL,'[]'),('c4befd20-6195-425f-9f4e-53a6a267679b','2024年度追峰碎片-我的5A瞬间','南京-成都-上海-杭州-宁波-西安-温州\n一期一会，下一站见！','忧郁的眼睛o','10000',NULL,'演出现场','BV1WNw4eGEFM','http://i0.hdslb.com/bfs/archive/97446d6cd74815587ac1073ec87472ad2615020a.jpg',NULL,NULL,1,'approved','10000','','2025-10-31 13:33:18','2025-01-21 00:00:00','2025-10-31 13:29:19',NULL,NULL,'2025-10-31 13:33:18',NULL,'[]');
/*!40000 ALTER TABLE `videos` ENABLE KEYS */;
UNLOCK TABLES;
/*!40103 SET TIME_ZONE=@OLD_TIME_ZONE */;

/*!40101 SET SQL_MODE=@OLD_SQL_MODE */;
/*!40014 SET FOREIGN_KEY_CHECKS=@OLD_FOREIGN_KEY_CHECKS */;
/*!40014 SET UNIQUE_CHECKS=@OLD_UNIQUE_CHECKS */;
/*!40101 SET CHARACTER_SET_CLIENT=@OLD_CHARACTER_SET_CLIENT */;
/*!40101 SET CHARACTER_SET_RESULTS=@OLD_CHARACTER_SET_RESULTS */;
/*!40101 SET COLLATION_CONNECTION=@OLD_COLLATION_CONNECTION */;
/*!40111 SET SQL_NOTES=@OLD_SQL_NOTES */;

-- Dump completed on 2025-11-02 20:50:46
